group_id,feature,n_group,n_rest,median_group,median_rest,cliffs_delta,cliffs_delta_ci_low,cliffs_delta_ci_high,p_value,analysis_role
CORE01,chr1p,17,52,0.0083,0.0088,-0.15497738,,,0.34366281,descriptive_secondary
CORE01,chr1q,17,52,0.01180066,0.04065,-0.27941176,,,0.08673635,descriptive_secondary
CORE01,chr2p,17,52,0.0124,0.03965,-0.36085973,,,0.02681373,descriptive_secondary
CORE01,chr2q,17,52,0.0124,0.02521267,-0.07466063,,,0.65084264,descriptive_secondary
CORE01,chr3p,17,52,-0.37905817,-0.30786713,-0.39140271,,,0.01629793,descriptive_secondary
CORE01,chr3q,17,52,0.01113144,0.02344528,-0.2760181,,,0.09065237,descriptive_secondary
CORE01,chr4p,17,52,0.0140933,0.0161,0.00226244,,,0.99444451,descriptive_secondary
CORE01,chr4q,17,52,0.0113,0.01526915,-0.04977376,,,0.76463374,descriptive_secondary
CORE01,chr5p,17,52,0.0245,0.05075558,-0.08144796,,,0.62105156,descriptive_secondary
CORE01,chr5q,17,52,0.21743534,0.14744993,0.23529412,,,0.1494986,descriptive_secondary
CORE01,chr6p,17,52,0.0138,0.00385,0.08597285,,,0.60151618,descriptive_secondary
CORE01,chr6q,17,52,0.0107,-0.0093194,0.21493213,,,0.1881828,descriptive_secondary
CORE01,chr7p,17,52,0.0126,0.05075356,-0.51809955,,,0.00146256,descriptive_secondary
CORE01,chr7q,17,52,0.0126,0.05198434,-0.50904977,,,0.00177016,descriptive_secondary
CORE01,chr8p,17,52,0.0062,-0.0171,0.10746606,,,0.51278231,descriptive_secondary
CORE01,chr8q,17,52,0.011,0.02833627,-0.30316742,,,0.06301661,descriptive_secondary
CORE01,chr9p,17,52,0.0127,-0.0166,0.30316742,,,0.06301421,descriptive_secondary
CORE01,chr9q,17,52,0.012,-0.01339457,0.27828054,,,0.08802527,descriptive_secondary
CORE01,chr10p,17,52,0.00450771,0.01465237,-0.11312217,,,0.49062212,descriptive_secondary
CORE01,chr10q,17,52,0.0022055,-0.00889323,0.15384615,,,0.34722712,descriptive_secondary
CORE01,chr11p,17,52,0.01208423,0.03398007,-0.28733032,,,0.07813508,descriptive_secondary
CORE01,chr11q,17,52,0.0103,0.0316156,-0.23076923,,,0.15751864,descriptive_secondary
CORE01,chr12p,17,52,0.0121,0.05088738,-0.66968326,,,3.871e-05,descriptive_secondary
CORE01,chr12q,17,52,0.01742856,0.05325458,-0.57692308,,,0.00039399,descriptive_secondary
CORE01,chr13p,17,52,0.0,0.0,0.0,,,1.0,descriptive_secondary
CORE01,chr13q,17,52,0.01289585,0.0187393,-0.18325792,,,0.26228156,descriptive_secondary
CORE01,chr14p,17,52,0.0,0.0,0.0,,,1.0,descriptive_secondary
CORE01,chr14q,17,52,0.0017,-0.21846708,0.25791855,,,0.11397839,descriptive_secondary
CORE01,chr15p,17,52,0.0,0.0,0.0,,,1.0,descriptive_secondary
CORE01,chr15q,17,52,0.01052502,0.02910249,-0.18552036,,,0.25640027,descriptive_secondary
CORE01,chr16p,17,52,0.01364299,0.0453,-0.50904977,,,0.00177016,descriptive_secondary
CORE01,chr16q,17,52,0.01366578,0.03924529,-0.41402715,,,0.01103997,descriptive_secondary
CORE01,chr17p,17,52,0.0108,0.02435914,-0.17307692,,,0.28988737,descriptive_secondary
CORE01,chr17q,17,52,0.0117,0.03055,-0.25226244,,,0.12216224,descriptive_secondary
CORE01,chr18p,17,52,0.0293,0.01005,0.22171946,,,0.17453488,descriptive_secondary
CORE01,chr18q,17,52,0.0293,0.01224384,0.19457014,,,0.23378947,descriptive_secondary
CORE01,chr19p,17,52,0.0161,0.02070891,-0.07239819,,,0.66090648,descriptive_secondary
CORE01,chr19q,17,52,0.0135,0.0263,-0.23303167,,,0.15346689,descriptive_secondary
CORE01,chr20p,17,52,0.0094,0.05268313,-0.46832579,,,0.00403167,descriptive_secondary
CORE01,chr20q,17,52,0.0136,0.06545918,-0.57466063,,,0.00041527,descriptive_secondary
CORE01,chr21p,17,52,0.0,0.0,0.0,,,1.0,descriptive_secondary
CORE01,chr21q,17,52,0.01478253,0.03135,-0.15271493,,,0.350806,descriptive_secondary
CORE01,chr22p,17,52,0.0,0.0,0.0,,,1.0,descriptive_secondary
CORE01,chr22q,17,52,0.0179,0.03528041,-0.25,,,0.12555959,descriptive_secondary
CORE01,locus::VHL,17,52,-0.4106,-0.31755,-0.41855204,,,0.01019094,descriptive_secondary
CORE01,locus::SETD2,17,52,-0.3967,-0.32833383,-0.40045249,,,0.0139761,descriptive_secondary
CORE01,locus::PBRM1,17,52,-0.3967,-0.32715,-0.39819005,,,0.01452738,descriptive_secondary
CORE01,locus::BAP1,17,52,-0.3967,-0.32715,-0.39819005,,,0.01452738,descriptive_secondary
CORE01,locus::JAK2,17,52,0.0127,-0.0134,0.29638009,,,0.06916652,descriptive_secondary
CORE01,locus::CDKN2A,17,52,0.0121,-0.01755,0.31900452,,,0.05039785,descriptive_secondary
CORE01,locus::PTEN,17,52,0.0019,-0.00795,0.12782805,,,0.4354788,descriptive_secondary
CORE01,fga,17,52,0.07639483,0.17047748,-0.5158371,,,0.00153446,descriptive_secondary
CORE01,gain_burden,17,52,0.03204254,0.05411104,-0.23755656,,,0.14559077,descriptive_secondary
CORE01,loss_burden,17,52,0.03775997,0.09679913,-0.50904977,,,0.00177016,descriptive_secondary
CORE02,chr1p,14,55,-0.00305,0.0093,-0.24545455,,,0.16074172,descriptive_secondary
CORE02,chr1q,14,55,0.01005,0.0303,-0.35714286,,,0.04093501,descriptive_secondary
CORE02,chr2p,14,55,0.03281666,0.02921081,-0.12467532,,,0.47847486,descriptive_secondary
CORE02,chr2q,14,55,0.00015711,0.0257,-0.43896104,,,0.01192944,descriptive_secondary
CORE02,chr3p,14,55,-0.15483261,-0.35021174,0.62857143,,,0.00031407,descriptive_secondary
CORE02,chr3q,14,55,0.0353,0.0156,0.16623377,,,0.34339434,descriptive_secondary
CORE02,chr4p,14,55,0.02585,0.0122,0.15584416,,,0.37465047,descriptive_secondary
CORE02,chr4q,14,55,0.02803816,0.0113,0.16623377,,,0.34339434,descriptive_secondary
CORE02,chr5p,14,55,0.04796353,0.05231116,-0.00519481,,,0.98214371,descriptive_secondary
CORE02,chr5q,14,55,0.05033742,0.18974304,-0.48831169,,,0.00514716,descriptive_secondary
CORE02,chr6p,14,55,0.00513614,0.0093,-0.14805195,,,0.39920125,descriptive_secondary
CORE02,chr6q,14,55,0.01085886,-0.0016,0.05974026,,,0.73708112,descriptive_secondary
CORE02,chr7p,14,55,0.12954776,0.0319,0.35064935,,,0.04476386,descriptive_secondary
CORE02,chr7q,14,55,0.16466687,0.0315441,0.43116883,,,0.01353338,descriptive_secondary
CORE02,chr8p,14,55,-0.0046146,-0.0099,0.01298701,,,0.94646639,descriptive_secondary
CORE02,chr8q,14,55,0.0075,0.01395807,-0.0961039,,,0.58601876,descriptive_secondary
CORE02,chr9p,14,55,0.02410615,-0.0057822,0.36753247,,,0.03538961,descriptive_secondary
CORE02,chr9q,14,55,0.03966317,-0.01100398,0.50779221,,,0.0036188,descriptive_secondary
CORE02,chr10p,14,55,0.00494966,0.01174157,-0.14545455,,,0.40760692,descriptive_secondary
CORE02,chr10q,14,55,-0.00191444,-0.00037966,-0.03636364,,,0.84036024,descriptive_secondary
CORE02,chr11p,14,55,0.04775608,0.0221,0.41558442,,,0.01731677,descriptive_secondary
CORE02,chr11q,14,55,0.04015,0.0211,0.28311688,,,0.10546082,descriptive_secondary
CORE02,chr12p,14,55,0.0768199,0.0315,0.39480519,,,0.02378883,descriptive_secondary
CORE02,chr12q,14,55,0.07549594,0.0329,0.33246753,,,0.05711626,descriptive_secondary
CORE02,chr13p,14,55,0.0,0.0,0.0,,,1.0,descriptive_secondary
CORE02,chr13q,14,55,0.00238806,0.01469768,-0.19480519,,,0.2663058,descriptive_secondary
CORE02,chr14p,14,55,0.0,0.0,0.0,,,1.0,descriptive_secondary
CORE02,chr14q,14,55,-0.00159089,-0.16066109,0.33766234,,,0.05332718,descriptive_secondary
CORE02,chr15p,14,55,0.0,0.0,0.0,,,1.0,descriptive_secondary
CORE02,chr15q,14,55,0.035,0.02392572,0.12727273,,,0.46927101,descriptive_secondary
CORE02,chr16p,14,55,0.0405,0.0302,0.01038961,,,0.95835077,descriptive_secondary
CORE02,chr16q,14,55,0.03875921,0.0302,0.05714286,,,0.74836177,descriptive_secondary
CORE02,chr17p,14,55,0.00886725,0.02371828,-0.26233766,,,0.1337227,descriptive_secondary
CORE02,chr17q,14,55,0.0191,0.02613022,-0.16623377,,,0.34338993,descriptive_secondary
CORE02,chr18p,14,55,0.01725,0.0201,0.02597403,,,0.88727626,descriptive_secondary
CORE02,chr18q,14,55,0.01799121,0.0207,0.04415584,,,0.80552913,descriptive_secondary
CORE02,chr19p,14,55,0.02098036,0.0196,-0.02207792,,,0.90498332,descriptive_secondary
CORE02,chr19q,14,55,0.0315,0.02230999,0.14155844,,,0.4203938,descriptive_secondary
CORE02,chr20p,14,55,0.06168492,0.0312,0.34545455,,,0.04803679,descriptive_secondary
CORE02,chr20q,14,55,0.06758899,0.0352,0.25194805,,,0.14990021,descriptive_secondary
CORE02,chr21p,14,55,0.0,0.0,0.0,,,1.0,descriptive_secondary
CORE02,chr21q,14,55,0.02075,0.021,-0.09090909,,,0.60670872,descriptive_secondary
CORE02,chr22p,14,55,0.0,0.0,0.0,,,1.0,descriptive_secondary
CORE02,chr22q,14,55,0.03404897,0.0259,-0.02077922,,,0.91089547,descriptive_secondary
CORE02,locus::VHL,14,55,-0.1489,-0.3905,0.65194805,,,0.00018571,descriptive_secondary
CORE02,locus::SETD2,14,55,-0.21515,-0.3913,0.63896104,,,0.00024919,descriptive_secondary
CORE02,locus::PBRM1,14,55,-0.21515,-0.3913,0.63636364,,,0.00026411,descriptive_secondary
CORE02,locus::BAP1,14,55,-0.21515,-0.3913,0.63636364,,,0.00026411,descriptive_secondary
CORE02,locus::JAK2,14,55,0.03905,-0.0024,0.44025974,,,0.01167942,descriptive_secondary
CORE02,locus::CDKN2A,14,55,0.0241,-0.0163,0.35454545,,,0.04243114,descriptive_secondary
CORE02,locus::PTEN,14,55,-0.00195,-0.0002,-0.03896104,,,0.82870901,descriptive_secondary
CORE02,fga,14,55,0.14646365,0.13703489,0.08571429,,,0.62772557,descriptive_secondary
CORE02,gain_burden,14,55,0.04443834,0.04972458,-0.03636364,,,0.84035448,descriptive_secondary
CORE02,loss_burden,14,55,0.12831548,0.07122443,0.22077922,,,0.20737385,descriptive_secondary
CORE03,chr1p,14,55,0.01657987,0.0071,0.17402597,,,0.32107476,descriptive_secondary
CORE03,chr1q,14,55,0.05401652,0.01711825,0.35844156,,,0.04020386,descriptive_secondary
CORE03,chr2p,14,55,0.04028821,0.02860152,0.18961039,,,0.27934672,descriptive_secondary
CORE03,chr2q,14,55,0.03383303,0.0129,0.12467532,,,0.47847486,descriptive_secondary
CORE03,chr3p,14,55,-0.27527974,-0.3458,0.23636364,,,0.17690527,descriptive_secondary
CORE03,chr3q,14,55,0.0244055,0.0159,0.08831169,,,0.61717961,descriptive_secondary
CORE03,chr4p,14,55,0.02469106,0.0113,0.16103896,,,0.35880845,descriptive_secondary
CORE03,chr4q,14,55,0.01526915,0.0113,0.07792208,,,0.65981559,descriptive_secondary
CORE03,chr5p,14,55,0.04605099,0.0492,-0.05194805,,,0.77108316,descriptive_secondary
CORE03,chr5q,14,55,0.15181723,0.17385583,0.08051948,,,0.64904541,descriptive_secondary
CORE03,chr6p,14,55,0.02478159,0.0091,0.17012987,,,0.33210684,descriptive_secondary
CORE03,chr6q,14,55,-0.04934248,0.0087,-0.36103896,,,0.03877653,descriptive_secondary
CORE03,chr7p,14,55,0.04138718,0.0412,0.04675325,,,0.79400268,descriptive_secondary
CORE03,chr7q,14,55,0.03617687,0.0412,-0.02597403,,,0.88727831,descriptive_secondary
CORE03,chr8p,14,55,0.00915,-0.0099,0.25844156,,,0.13962559,descriptive_secondary
CORE03,chr8q,14,55,0.03868997,0.0123,0.43896104,,,0.011931,descriptive_secondary
CORE03,chr9p,14,55,-0.05982057,0.0002,-0.11168831,,,0.52598566,descriptive_secondary
CORE03,chr9q,14,55,-0.0091926,0.000524,-0.15064935,,,0.39091345,descriptive_secondary
CORE03,chr10p,14,55,0.03032481,0.00450771,0.22337662,,,0.20204725,descriptive_secondary
CORE03,chr10q,14,55,0.0247,-0.0065634,0.34285714,,,0.04975039,descriptive_secondary
CORE03,chr11p,14,55,0.03134369,0.0273,-0.03116883,,,0.86375798,descriptive_secondary
CORE03,chr11q,14,55,0.02624292,0.0216,-0.09350649,,,0.59632114,descriptive_secondary
CORE03,chr12p,14,55,0.0352,0.04044839,-0.08051948,,,0.64904541,descriptive_secondary
CORE03,chr12q,14,55,0.03496892,0.04250087,-0.11948052,,,0.49719941,descriptive_secondary
CORE03,chr13p,14,55,0.0,0.0,0.0,,,1.0,descriptive_secondary
CORE03,chr13q,14,55,0.01355,0.0135,-0.03116883,,,0.86375922,descriptive_secondary
CORE03,chr14p,14,55,0.0,0.0,0.0,,,1.0,descriptive_secondary
CORE03,chr14q,14,55,-0.29325702,-0.0347719,-0.52987013,,,0.00239412,descriptive_secondary
CORE03,chr15p,14,55,0.0,0.0,0.0,,,1.0,descriptive_secondary
CORE03,chr15q,14,55,0.03724159,0.01336062,0.22857143,,,0.1916946,descriptive_secondary
CORE03,chr16p,14,55,0.0309,0.0359,-0.04415584,,,0.80553087,descriptive_secondary
CORE03,chr16q,14,55,0.0342852,0.03027771,0.01298701,,,0.94646688,descriptive_secondary
CORE03,chr17p,14,55,0.02835,0.0184,0.17272727,,,0.32472224,descriptive_secondary
CORE03,chr17q,14,55,0.031492,0.0223329,0.19350649,,,0.26952383,descriptive_secondary
CORE03,chr18p,14,55,-0.04703095,0.0276,-0.41948052,,,0.01629165,descriptive_secondary
CORE03,chr18q,14,55,-0.0284849,0.0276,-0.39090909,,,0.02521051,descriptive_secondary
CORE03,chr19p,14,55,0.02340891,0.0194,0.02987013,,,0.86962734,descriptive_secondary
CORE03,chr19q,14,55,0.0276,0.0194,0.15454545,,,0.37867319,descriptive_secondary
CORE03,chr20p,14,55,0.02827642,0.0377,-0.26233766,,,0.13372625,descriptive_secondary
CORE03,chr20q,14,55,0.03685,0.0424,0.05974026,,,0.73707881,descriptive_secondary
CORE03,chr21p,14,55,0.0,0.0,0.0,,,1.0,descriptive_secondary
CORE03,chr21q,14,55,0.0307,0.0206,0.1025974,,,0.56061919,descriptive_secondary
CORE03,chr22p,14,55,0.0,0.0,0.0,,,1.0,descriptive_secondary
CORE03,chr22q,14,55,0.03048041,0.0259,-0.04025974,,,0.82289875,descriptive_secondary
CORE03,locus::VHL,14,55,-0.3077,-0.3836,0.27012987,,,0.12251144,descriptive_secondary
CORE03,locus::SETD2,14,55,-0.32638383,-0.3863,0.18961039,,,0.2793555,descriptive_secondary
CORE03,locus::PBRM1,14,55,-0.31295,-0.3863,0.19480519,,,0.2663058,descriptive_secondary
CORE03,locus::BAP1,14,55,-0.31295,-0.3863,0.19480519,,,0.2663058,descriptive_secondary
CORE03,locus::JAK2,14,55,-0.04115,0.0036,-0.14155844,,,0.42038956,descriptive_secondary
CORE03,locus::CDKN2A,14,55,-0.07545,0.0002,-0.15584416,,,0.37464611,descriptive_secondary
CORE03,locus::PTEN,14,55,0.0308,-0.0064,0.39350649,,,0.02425263,descriptive_secondary
CORE03,fga,14,55,0.15964633,0.13667985,0.10649351,,,0.54564544,descriptive_secondary
CORE03,gain_burden,14,55,0.04798735,0.05074485,0.01038961,,,0.95834925,descriptive_secondary
CORE03,loss_burden,14,55,0.08464386,0.07266422,0.07792208,,,0.65981559,descriptive_secondary
CORE04,chr1p,10,59,0.0452603,0.0083,0.28135593,,,0.15963935,descriptive_secondary
CORE04,chr1q,10,59,0.06844487,0.0187,0.22372881,,,0.26420582,descriptive_secondary
CORE04,chr2p,10,59,0.1019,0.027,0.57966102,,,0.00365672,descriptive_secondary
CORE04,chr2q,10,59,0.07343179,0.0124,0.57288136,,,0.0040755,descriptive_secondary
CORE04,chr3p,10,59,-0.35550243,-0.31399439,-0.34237288,,,0.08669491,descriptive_secondary
CORE04,chr3q,10,59,0.06977853,0.0156,0.13559322,,,0.50075243,descriptive_secondary
CORE04,chr4p,10,59,-0.03794203,0.0188,-0.28135593,,,0.15964316,descriptive_secondary
CORE04,chr4q,10,59,-0.00717649,0.01693831,-0.10508475,,,0.60313693,descriptive_secondary
CORE04,chr5p,10,59,0.19566525,0.04568713,0.6,,,0.00262479,descriptive_secondary
CORE04,chr5q,10,59,0.2302,0.15752286,0.41694915,,,0.03678864,descriptive_secondary
CORE04,chr6p,10,59,-0.02773242,0.0132,-0.15254237,,,0.44812249,descriptive_secondary
CORE04,chr6q,10,59,-0.01719653,0.0078,-0.04067797,,,0.8445899,descriptive_secondary
CORE04,chr7p,10,59,0.12210262,0.034,0.30508475,,,0.1271113,descriptive_secondary
CORE04,chr7q,10,59,0.12435,0.0319,0.28813559,,,0.1497644,descriptive_secondary
CORE04,chr8p,10,59,-0.33430354,-2.919e-05,-0.54576271,,,0.00622166,descriptive_secondary
CORE04,chr8q,10,59,-0.0115909,0.01376865,-0.15254237,,,0.44813079,descriptive_secondary
CORE04,chr9p,10,59,-0.09646552,0.0036,-0.38983051,,,0.05096743,descriptive_secondary
CORE04,chr9q,10,59,-0.16141703,0.006802,-0.45762712,,,0.02186692,descriptive_secondary
CORE04,chr10p,10,59,0.01622158,0.01174157,0.1220339,,,0.545097,descriptive_secondary
CORE04,chr10q,10,59,-0.00795,-0.00032201,0.00338983,,,0.99319982,descriptive_secondary
CORE04,chr11p,10,59,0.08138997,0.0221,0.44067797,,,0.02728318,descriptive_secondary
CORE04,chr11q,10,59,0.07745384,0.01486217,0.49491525,,,0.01313174,descriptive_secondary
CORE04,chr12p,10,59,0.14572443,0.03206192,0.57966102,,,0.00365734,descriptive_secondary
CORE04,chr12q,10,59,0.1430842,0.0329,0.5559322,,,0.00532023,descriptive_secondary
CORE04,chr13p,10,59,0.0,0.0,0.0,,,1.0,descriptive_secondary
CORE04,chr13q,10,59,0.05938539,0.0105,0.53898305,,,0.0068976,descriptive_secondary
CORE04,chr14p,10,59,0.0,0.0,0.0,,,1.0,descriptive_secondary
CORE04,chr14q,10,59,-0.28079961,-0.1027691,-0.33559322,,,0.09315119,descriptive_secondary
CORE04,chr15p,10,59,0.0,0.0,0.0,,,1.0,descriptive_secondary
CORE04,chr15q,10,59,0.04928634,0.02392572,0.11525424,,,0.56797799,descriptive_secondary
CORE04,chr16p,10,59,0.13013474,0.0282,0.7559322,,,0.00014903,descriptive_secondary
CORE04,chr16q,10,59,0.10992895,0.0285,0.60338983,,,0.00248126,descriptive_secondary
CORE04,chr17p,10,59,0.07355,0.0169,0.55932203,,,0.00504614,descriptive_secondary
CORE04,chr17q,10,59,0.10276634,0.02025622,0.69830508,,,0.00046017,descriptive_secondary
CORE04,chr18p,10,59,0.0201,0.0199,0.02542373,,,0.90502003,descriptive_secondary
CORE04,chr18q,10,59,0.0258061,0.0201,0.03389831,,,0.87135632,descriptive_secondary
CORE04,chr19p,10,59,0.05355,0.0193,0.31525424,,,0.11485435,descriptive_secondary
CORE04,chr19q,10,59,0.05355,0.02,0.27118644,,,0.17537044,descriptive_secondary
CORE04,chr20p,10,59,0.10056177,0.0312,0.44745763,,,0.02499151,descriptive_secondary
CORE04,chr20q,10,59,0.10095,0.0352,0.37627119,,,0.05962312,descriptive_secondary
CORE04,chr21p,10,59,0.0,0.0,0.0,,,1.0,descriptive_secondary
CORE04,chr21q,10,59,0.0820285,0.0167,0.45762712,,,0.02186692,descriptive_secondary
CORE04,chr22p,10,59,0.0,0.0,0.0,,,1.0,descriptive_secondary
CORE04,chr22q,10,59,0.09625,0.0231,0.68135593,,,0.00063145,descriptive_secondary
CORE04,locus::VHL,10,59,-0.41395,-0.3427,-0.3220339,,,0.10721864,descriptive_secondary
CORE04,locus::SETD2,10,59,-0.4279,-0.3458,-0.28474576,,,0.15464387,descriptive_secondary
CORE04,locus::PBRM1,10,59,-0.4279,-0.3458,-0.28135593,,,0.15964316,descriptive_secondary
CORE04,locus::BAP1,10,59,-0.4279,-0.3458,-0.28135593,,,0.15964316,descriptive_secondary
CORE04,locus::JAK2,10,59,-0.0943,0.0094,-0.43050847,,,0.03105836,descriptive_secondary
CORE04,locus::CDKN2A,10,59,-0.0937,0.0036,-0.34576271,,,0.08360216,descriptive_secondary
CORE04,locus::PTEN,10,59,-0.00795,0.0006,-0.00338983,,,0.9931997,descriptive_secondary
CORE04,fga,10,59,0.20260838,0.13667985,0.36949153,,,0.06439118,descriptive_secondary
CORE04,gain_burden,10,59,0.05189264,0.04972458,0.08474576,,,0.67621354,descriptive_secondary
CORE04,loss_burden,10,59,0.18079706,0.07120195,0.44745763,,,0.02499284,descriptive_secondary
CORE05,chr1p,9,60,0.0278,0.0083,0.20740741,,,0.322724,descriptive_secondary
CORE05,chr1q,9,60,0.05091902,0.01835,0.32962963,,,0.11482872,descriptive_secondary
CORE05,chr2p,9,60,0.027,0.0312,0.09074074,,,0.66892358,descriptive_secondary
CORE05,chr2q,9,60,0.027,0.01635,0.16666667,,,0.4278422,descriptive_secondary
CORE05,chr3p,9,60,-0.30843425,-0.33432419,-0.05925926,,,0.78241754,descriptive_secondary
CORE05,chr3q,9,60,0.0159,0.0159,0.05925926,,,0.78241754,descriptive_secondary
CORE05,chr4p,9,60,0.00992284,0.01644665,-0.10740741,,,0.61159616,descriptive_secondary
CORE05,chr4q,9,60,0.01799948,0.01245,-0.11111111,,,0.59915658,descriptive_secondary
CORE05,chr5p,9,60,0.0251,0.05075558,-0.27777778,,,0.18437723,descriptive_secondary
CORE05,chr5q,9,60,0.07050666,0.18074611,-0.22962963,,,0.27317896,descriptive_secondary
CORE05,chr6p,9,60,-0.0016,0.01125,-0.04259259,,,0.84461396,descriptive_secondary
CORE05,chr6q,9,60,-0.0016,0.00625489,0.0037037,,,0.99289197,descriptive_secondary
CORE05,chr7p,9,60,0.0294,0.04415,-0.24074074,,,0.2504639,descriptive_secondary
CORE05,chr7q,9,60,0.0294,0.04132687,-0.23703704,,,0.25788428,descriptive_secondary
CORE05,chr8p,9,60,-0.02,-0.00128314,-0.01111111,,,0.96447082,descriptive_secondary
CORE05,chr8q,9,60,0.02973773,0.013,0.1962963,,,0.34957481,descriptive_secondary
CORE05,chr9p,9,60,-0.0182,0.00295,-0.18703704,,,0.37299412,descriptive_secondary
CORE05,chr9q,9,60,-0.03719749,0.00551914,-0.21666667,,,0.30140759,descriptive_secondary
CORE05,chr10p,9,60,0.0193,0.00912079,-0.01111111,,,0.96447115,descriptive_secondary
CORE05,chr10q,9,60,-0.10191237,0.00165,-0.53703704,,,0.01003512,descriptive_secondary
CORE05,chr11p,9,60,-0.0012,0.0284,-0.36481481,,,0.08078963,descriptive_secondary
CORE05,chr11q,9,60,0.01220703,0.0274,-0.28333333,,,0.17569299,descriptive_secondary
CORE05,chr12p,9,60,0.03206192,0.03897419,-0.12962963,,,0.53875229,descriptive_secondary
CORE05,chr12q,9,60,0.0391253,0.0414304,-0.12592593,,,0.5505852,descriptive_secondary
CORE05,chr13p,9,60,0.0,0.0,0.0,,,1.0,descriptive_secondary
CORE05,chr13q,9,60,0.0251,0.01335,0.08148148,,,0.70166457,descriptive_secondary
CORE05,chr14p,9,60,0.0,0.0,0.0,,,1.0,descriptive_secondary
CORE05,chr14q,9,60,-0.03647415,-0.14638055,0.20740741,,,0.32272842,descriptive_secondary
CORE05,chr15p,9,60,0.0,0.0,0.0,,,1.0,descriptive_secondary
CORE05,chr15q,9,60,0.0019,0.0262,-0.32222222,,,0.12326654,descriptive_secondary
CORE05,chr16p,9,60,0.0392545,0.0322,0.21481481,,,0.3055985,descriptive_secondary
CORE05,chr16q,9,60,0.0285,0.0323852,0.05185185,,,0.80991544,descriptive_secondary
CORE05,chr17p,9,60,0.01992485,0.02353853,-0.09259259,,,0.66244885,descriptive_secondary
CORE05,chr17q,9,60,0.0201,0.0286533,-0.23333333,,,0.26545139,descriptive_secondary
CORE05,chr18p,9,60,0.0169,0.02,0.09444444,,,0.65599925,descriptive_secondary
CORE05,chr18q,9,60,0.01625832,0.0209561,0.08518519,,,0.68849704,descriptive_secondary
CORE05,chr19p,9,60,0.0196,0.02035891,-0.14814815,,,0.48156084,descriptive_secondary
CORE05,chr19q,9,60,0.02,0.0263,-0.22962963,,,0.27317458,descriptive_secondary
CORE05,chr20p,9,60,0.0326,0.03535,-0.0037037,,,0.99289191,descriptive_secondary
CORE05,chr20q,9,60,0.0326,0.04076473,-0.07037037,,,0.74168317,descriptive_secondary
CORE05,chr21p,9,60,0.0,0.0,0.0,,,1.0,descriptive_secondary
CORE05,chr21q,9,60,0.021,0.0219,-0.17777778,,,0.39736589,descriptive_secondary
CORE05,chr22p,9,60,0.0,0.0,0.0,,,1.0,descriptive_secondary
CORE05,chr22q,9,60,0.0207,0.03112204,-0.24444444,,,0.2431853,descriptive_secondary
CORE05,locus::VHL,9,60,-0.3082,-0.3582,-0.05925926,,,0.78241754,descriptive_secondary
CORE05,locus::SETD2,9,60,-0.3082,-0.36995,-0.01111111,,,0.96447115,descriptive_secondary
CORE05,locus::PBRM1,9,60,-0.3082,-0.36995,-0.01851852,,,0.93609539,descriptive_secondary
CORE05,locus::BAP1,9,60,-0.3082,-0.36995,-0.01851852,,,0.93609539,descriptive_secondary
CORE05,locus::JAK2,9,60,-0.0182,0.0065,-0.18518519,,,0.37778859,descriptive_secondary
CORE05,locus::CDKN2A,9,60,-0.0832,0.00295,-0.20925926,,,0.31838391,descriptive_secondary
CORE05,locus::PTEN,9,60,-0.1648,0.00175,-0.55185185,,,0.00814656,descriptive_secondary
CORE05,fga,9,60,0.11079157,0.13704427,-0.04814815,,,0.82375522,descriptive_secondary
CORE05,gain_burden,9,60,0.08760785,0.04798735,0.04444444,,,0.83764418,descriptive_secondary
CORE05,loss_burden,9,60,0.07640845,0.07210389,-0.14074074,,,0.50403587,descriptive_secondary
CORE06,chr1p,5,64,-0.0065,0.00894306,-0.26875,,,0.32526656,descriptive_secondary
CORE06,chr1q,5,64,-0.0037,0.0287,-0.2,,,0.46594662,descriptive_secondary
CORE06,chr2p,5,64,-0.0031,0.0312,-0.38125,,,0.16141498,descriptive_secondary
CORE06,chr2q,5,64,-0.0031,0.02368313,-0.375,,,0.16845581,descriptive_secondary
CORE06,chr3p,5,64,-0.38926443,-0.33124057,-0.26875,,,0.33578303,descriptive_secondary
CORE06,chr3q,5,64,-0.00020797,0.01659164,-0.2,,,0.47742775,descriptive_secondary
CORE06,chr4p,5,64,-0.0054,0.01644665,-0.06875,,,0.81371263,descriptive_secondary
CORE06,chr4q,5,64,-0.00572793,0.01526915,-0.06875,,,0.81371263,descriptive_secondary
CORE06,chr5p,5,64,0.04457894,0.04910099,-0.275,,,0.32432547,descriptive_secondary
CORE06,chr5q,5,64,0.18974304,0.16547279,-0.05,,,0.86638099,descriptive_secondary
CORE06,chr6p,5,64,-0.0062,0.01125,0.0625,,,0.82595971,descriptive_secondary
CORE06,chr6q,5,64,-0.0039995,0.00625489,0.2,,,0.47742775,descriptive_secondary
CORE06,chr7p,5,64,0.22256369,0.04088718,0.31875,,,0.25092163,descriptive_secondary
CORE06,chr7q,5,64,0.21242973,0.03882687,0.3,,,0.28092222,descriptive_secondary
CORE06,chr8p,5,64,-0.0099,-0.0057,0.075,,,0.79010389,descriptive_secondary
CORE06,chr8q,5,64,-0.00301224,0.01386336,-0.0375,,,0.90181521,descriptive_secondary
CORE06,chr9p,5,64,-0.31828799,0.00125,-0.41875,,,0.12375792,descriptive_secondary
CORE06,chr9q,5,64,-0.29292324,0.00391814,-0.41875,,,0.12375792,descriptive_secondary
CORE06,chr10p,5,64,-0.0115,0.01210063,-0.08125,,,0.77901605,descriptive_secondary
CORE06,chr10q,5,64,-0.02443398,0.00013899,-0.2625,,,0.34748334,descriptive_secondary
CORE06,chr11p,5,64,-0.00783793,0.02765,-0.328125,,,0.22875307,descriptive_secondary
CORE06,chr11q,5,64,-0.00616566,0.02445609,-0.253125,,,0.35453508,descriptive_secondary
CORE06,chr12p,5,64,0.04987475,0.03351007,0.24375,,,0.38402144,descriptive_secondary
CORE06,chr12q,5,64,0.0543394,0.03808157,0.26875,,,0.33578303,descriptive_secondary
CORE06,chr13p,5,64,0.0,0.0,0.0,,,1.0,descriptive_secondary
CORE06,chr13q,5,64,-0.0074,0.01409884,-0.08125,,,0.77901605,descriptive_secondary
CORE06,chr14p,5,64,0.0,0.0,0.0,,,1.0,descriptive_secondary
CORE06,chr14q,5,64,-0.02321737,-0.1298464,0.01875,,,0.95528706,descriptive_secondary
CORE06,chr15p,5,64,0.0,0.0,0.0,,,1.0,descriptive_secondary
CORE06,chr15q,5,64,0.01988088,0.02438543,-0.0125,,,0.97316433,descriptive_secondary
CORE06,chr16p,5,64,0.0227,0.03435,-0.26875,,,0.33578303,descriptive_secondary
CORE06,chr16q,5,64,0.0227,0.0323852,-0.225,,,0.42268474,descriptive_secondary
CORE06,chr17p,5,64,-0.00438138,0.02128853,-0.18125,,,0.50947277,descriptive_secondary
CORE06,chr17q,5,64,-0.0023,0.02611511,-0.2625,,,0.33677992,descriptive_secondary
CORE06,chr18p,5,64,0.0103,0.02,0.128125,,,0.64342278,descriptive_secondary
CORE06,chr18q,5,64,0.01032942,0.0209561,0.090625,,,0.74590775,descriptive_secondary
CORE06,chr19p,5,64,-0.0061,0.0198,-0.15,,,0.58649358,descriptive_secondary
CORE06,chr19q,5,64,-0.00344323,0.02367348,-0.18125,,,0.50947663,descriptive_secondary
CORE06,chr20p,5,64,0.0555139,0.03345,0.275,,,0.31401236,descriptive_secondary
CORE06,chr20q,5,64,0.07063361,0.0381,0.2625,,,0.33677992,descriptive_secondary
CORE06,chr21p,5,64,0.0,0.0,0.0,,,1.0,descriptive_secondary
CORE06,chr21q,5,64,-0.00185769,0.0221,-0.15,,,0.58649358,descriptive_secondary
CORE06,chr22p,5,64,0.0,0.0,0.0,,,1.0,descriptive_secondary
CORE06,chr22q,5,64,0.0362,0.02625,-0.00625,,,0.99076632,descriptive_secondary
CORE06,locus::VHL,5,64,-0.4651,-0.3488,-0.36875,,,0.18144731,descriptive_secondary
CORE06,locus::SETD2,5,64,-0.4562,-0.3582,-0.34375,,,0.21429508,descriptive_secondary
CORE06,locus::PBRM1,5,64,-0.4562,-0.3582,-0.35,,,0.20573345,descriptive_secondary
CORE06,locus::BAP1,5,64,-0.4562,-0.3582,-0.35,,,0.20573345,descriptive_secondary
CORE06,locus::JAK2,5,64,-0.3256,0.0036,-0.43125,,,0.11285371,descriptive_secondary
CORE06,locus::CDKN2A,5,64,-0.321,0.00125,-0.36875,,,0.17572864,descriptive_secondary
CORE06,locus::PTEN,5,64,-0.0159,0.001,-0.26875,,,0.32526214,descriptive_secondary
CORE06,fga,5,64,0.19848889,0.13658203,0.3625,,,0.18931152,descriptive_secondary
CORE06,gain_burden,5,64,0.10325671,0.04522335,0.4875,,,0.07283839,descriptive_secondary
CORE06,loss_burden,5,64,0.10464011,0.071384,0.1,,,0.7277493,descriptive_secondary
