case_id,chr1p,chr1q,chr2p,chr2q,chr3p,chr3q,chr4p,chr4q,chr5p,chr5q,chr6p,chr6q,chr7p,chr7q,chr8p,chr8q,chr9p,chr9q,chr10p,chr10q,chr11p,chr11q,chr12p,chr12q,chr13p,chr13q,chr14p,chr14q,chr15p,chr15q,chr16p,chr16q,chr17p,chr17q,chr18p,chr18q,chr19p,chr19q,chr20p,chr20q,chr21p,chr21q,chr22p,chr22q,locus::VHL,locus::SETD2,locus::PBRM1,locus::BAP1,locus::JAK2,locus::CDKN2A,locus::PTEN,fga,gain_burden,loss_burden
TCGA-B0-4712,0.005542056367294309,0.0795737277672021,0.0754,0.0754,-0.20210000000000003,0.3032435206993706,-0.1945,-0.1945,0.3383,0.3353397668153294,-0.19922029113931555,-0.19978842080553944,0.2986207127476143,0.29747785082597084,-0.453457316054469,0.0913,-0.183,-0.17980988295358874,-0.1959,-0.19590000000000002,0.074,0.06988350328704072,0.2864,0.2861194785443768,0.0,-0.19666049024673793,0.0,-0.18974277450235466,0.0,-0.22243293929732846,0.3152076816078786,0.3159,-0.1748,-0.1490760645120847,-0.1793,-0.17889023290984402,-0.04090825067674514,0.08708141246995268,0.2941303090813723,0.31495269294721356,0.0,-0.1832,0.0,-0.1723,-0.20210000000000003,-0.2021,-0.2021,-0.2021,-0.183,-0.18299999999999997,-0.1959,0.33803360024189366,0.26440388959400474,0.07362971064788891
TCGA-B0-4821,-0.11392411048475713,-0.1095,0.31072128455360104,0.07758122903383659,-0.4294348814854915,0.0422407953797774,-0.1189,-0.11923653343932361,0.5008162738853471,0.15014390902389096,0.008918847953746185,0.0062,0.0056,0.005600000000000001,-0.2662556973550037,0.013219148202549002,-0.25680457607605434,-0.2488,-0.0086,-0.0086,0.006998671254011206,0.014999999999999998,0.6460287722001657,0.4493872318901131,0.0,0.004195457337751841,0.0,0.0051,0.0,-0.10392703213765406,0.0157,0.0157,-0.0001,-0.0001,-0.1033,-0.10233327759205837,-0.1529,0.5156,-0.3414,0.6748,0.0,0.00963327587912649,0.0,0.018365275545978915,-0.4338,-0.4295,-0.4295,-0.4295,-0.2567,-0.5696,-0.0086,0.33541393004889297,0.19519725127774665,0.14021667877114635
TCGA-B0-5081,-0.028823446749910938,-0.015609229894554474,-0.025616307921805408,-0.02323782550131745,-0.07703645075784436,0.10244613513455592,-0.0300846168166291,-0.0410987333499901,0.015515267874959658,0.10234056056138709,-0.02093259083133813,-0.013238712516278719,0.07117126786251338,-0.002344526150640607,-0.04007131667428645,0.04672001289149101,-0.04660716486514317,-0.026650545590734615,0.013550926655015751,-0.059372881157106164,-0.0236,-0.02658702713549642,0.06137886339862462,0.08866538657355377,0.0,0.009127421172822904,0.0,-0.14731681381757253,0.0,0.06730699631003585,0.084507598601888,0.06987859943007386,-0.0186,-0.004529147793677674,0.04785373576541077,0.009119697050848379,-0.02452310610870551,0.01614861969919938,0.020928338437529826,-0.0010692846018784423,0.0,-0.010539538311590864,0.0,0.08171755034681247,-0.1494,-0.1695,-0.1695,-0.1695,-0.0593,-0.059300000000000005,-0.0429,0.0031400522358675897,0.002890778416502046,0.000249273819365544
TCGA-B0-5085,0.0006,-0.00019710466310513021,0.0033,0.0033,-0.3079745972906849,0.0082,3.4180081024883866e-05,-0.0033614137771107526,-0.0103,0.2140836628739837,0.00846107981018711,-0.002208511683333378,-0.01688765210539976,-0.0178,-0.00041346144193943346,-0.0016000000000000003,0.006899999999999999,0.0069,-0.0102,-0.0102,-0.0003,2.628237926006125e-05,-0.0071,-0.0071,0.0,-0.0013283829018809435,0.0,0.005708861667357457,0.0,0.0076774843642630946,0.0014,0.0014,0.0086,0.0086,0.0167,0.01742383014858412,0.0072,0.007502943278953313,0.0021,0.002313887314862748,0.0,0.007743176910189143,0.0,0.0125,-0.5472,-0.502,-0.5231,-0.5231,0.0069,0.0069,-0.0102,0.047088632361286915,0.028005693821197483,0.019082938540089432
TCGA-B0-5088,9.999999999999999e-05,0.0005026913593494153,-0.006199999999999999,0.1143968294245999,-0.34328381414816506,0.0123,-0.0013,-0.0027635787046400998,-0.0065,0.11210526746520597,0.015457400553888685,0.006495790246959006,-0.01796811899922397,-0.0185,0.021289630902459496,-0.0087,0.006125760755901259,0.0111,-0.0033817599293877736,-0.006148341790502159,0.0052,0.0052,-0.0071,-0.0071,0.0,-0.005999999999999999,0.0,0.010253139674449413,0.0,0.0034000000000000002,0.0211,0.0211,0.0060999999999999995,0.0026826650141641385,0.0198,0.0198,-0.0039,-0.0038999999999999994,0.012666716460544578,0.0042,0.0,0.010248799439086017,0.0,0.0118,-0.42919999999999997,-0.428,-0.428,-0.428,-0.0160153714803216,0.011099999999999999,-0.0072,0.07024177465521006,0.044071123388566606,0.026170651266643447
TCGA-B0-5106,-0.021182318857927228,-0.0214,-0.0217,-0.02089809926353948,-0.025400000000000002,-0.025400000000000002,-0.0198,-0.0198,0.2849,0.2849,-0.018659270475105943,-0.0209,-0.0308,-0.030800000000000004,-0.044252667623124825,-0.027926641468945038,-0.0227,-0.022700000000000005,-0.0299,-0.03150090133375796,-0.023799999999999998,-0.0238,-0.0238,-0.025588997092624403,0.0,-0.023507854894892412,0.0,-0.4478519138437084,0.0,-0.021937593420068884,0.2722,0.2722,-0.023257273195168682,-0.018100000000000005,-0.015199999999999998,-0.0152,-0.023074569587626072,-0.02462350141435457,0.2739788346892414,0.27535382134216757,0.0,0.28127269467316884,0.0,-0.0266,-0.0254,-0.0254,-0.0254,-0.0254,-0.0227,-0.0227,-0.0299,0.16375005564911718,0.132477493130339,0.0312725625187782
TCGA-B0-5115,-0.01720974256026166,0.29196730039174784,-0.014312039393265311,-0.0155,-0.45847145209905554,-0.028619780030510848,-0.023200000000000002,-0.0232,0.2889,0.2889,-0.024757157293423936,-0.027408755593924403,-0.0288,-0.0288,-0.0287,-0.0287,-0.0163,-0.0163,-0.0262,-0.0262,-0.0271,-0.027099999999999996,-0.024,-0.021558295289752522,0.0,-0.018,0.0,-0.023217371179127047,0.0,-0.0177572803307526,-0.009429962750183828,-0.0167,-0.009469580143986927,-0.006863199686259041,-0.0131,-0.0131,-0.0064,-0.0064,-0.0133,-0.0133,0.0,-0.0189,0.0,-0.0117,-0.4651,-0.45619999999999994,-0.4562,-0.4562,-0.0163,-0.0163,-0.0262,0.13705365786718077,0.10325670763844634,0.033796950228734426
TCGA-B0-5117,-0.4208796118027637,-0.4083837417513904,-0.4076850620514655,-0.4004844696527094,0.21529671710308979,0.21896439165848577,0.20648822318690643,0.20677023879063022,0.16793184928064508,0.21405249400127202,-0.4342661548618032,-0.44134256728238547,0.21317018595799858,0.20597580729984158,0.20184486545781016,0.2071908528777894,0.2049600909988801,0.2152897560086397,-0.4506,-0.4500941599892353,0.20139976893538805,0.2171885496555554,0.2149395357765929,0.21630169602913268,0.0,0.08176312349323707,0.0,0.21949257380547324,0.0,0.21298798476430508,0.21441712680915054,0.20176961736094262,-0.4310634484228037,-0.4059946415077385,0.22201872279034776,0.2087,0.2369817797130455,0.23005906651740324,0.4090642554276807,0.22559100445493965,0.0,-0.445659653543189,0.0,0.20673582353663567,0.2457,0.2641,0.2641,0.2641,0.2239,0.1896,-0.4192,0.7649056983564692,0.43662878857596765,0.32827690978050145
TCGA-B0-5696,-0.0192,-0.018881423139313666,-0.0184,-0.02186218381472611,-0.35021173658135774,0.08236195809626755,-0.018830687296075958,-0.0252,0.22354814194725545,0.4893247946888366,-0.0243,-0.02331478113322336,-0.006210576432566618,-0.0069,-0.314107077080318,-0.21474599964645602,-0.0169,-0.1929300596356582,-0.027199999999999995,-0.026719600722474614,-0.0194,-0.0194,0.19970450984433258,0.19921352282291888,0.0,-0.09554885347451363,0.0,-0.022055200221867348,0.0,-0.0168,0.17991514521731358,0.17408526259067056,-0.018,0.12583267875723061,-0.0464,-0.0464,-0.020246289609805942,-0.016899999999999995,-0.01,-0.01,0.0,0.10929676538510902,0.0,-0.009532666612059903,-0.4874,-0.4874,-0.4874,-0.48739999999999994,-0.0169,-0.0169,-0.0272,0.17262244148849978,0.09554681247724028,0.07707562901125949
TCGA-B0-5697,-0.001869624221595923,0.002428436404745697,0.12113542998665955,0.007503692025656202,-0.2944921619713166,0.002222994232014824,0.0008,0.0008533467551404256,-0.0004,0.12237000485121927,-0.0025,-0.0025000000000000005,-0.0053,-0.004601545650796106,-0.0015,-0.0015,-0.0029,-0.0029,-0.012188744941035485,-0.007200000000000001,-0.0032,-0.003716468914808672,0.25001950365619413,0.24901279042009192,0.0,0.0011647551068149089,0.0,-0.3267056558781864,0.0,-0.0028338642486380574,0.2484,0.2484,-0.0083,-0.0083,0.0111,0.0111,-0.0068,-0.0068,-0.0058,-0.005402065447848575,0.0,-0.3278,0.0,-0.0094,-0.3317,-0.3317,-0.3317,-0.3317,-0.0029,-0.0029,-0.0072,0.17463998464949618,0.10264784948395164,0.07199213516554452
TCGA-B0-5698,0.005285778353972938,0.0039,-0.0042,-0.006388100475565468,-0.5129041596787285,0.0014,-0.004688033052288767,-0.0055,-0.0051,0.21068047368953083,-0.0146,-0.012647760560473906,0.4242543061331284,0.4192039843308358,-0.0022,-0.0022,-0.0024,-0.0024,0.0006,0.0006,-0.0005,-0.0005,0.0,0.0,0.0,-0.0037,0.0,-0.167,0.0,0.0064,0.0067,0.0067,0.0030000000000000005,0.003,0.0054,0.0054,0.0011,0.0011,0.0008,0.0008,0.0,-0.0092,0.0,0.0097,-0.6382,-0.6382,-0.6382,-0.6382,-0.0024,-0.0024,0.0006,0.10786882034230347,0.08144968075265696,0.026419139589646506
TCGA-B0-5702,0.0146371735926342,0.01420034612430984,0.0973,0.0973,-0.1387299259730443,0.02898763406947788,0.011,0.011,0.10929999999999998,0.11011214955466156,-0.0127,-0.14665079646162307,0.02920689360881133,0.02969699113311502,-0.1848,0.012199999999999999,0.013099999999999999,0.0131,-0.031214144695872192,-0.031,0.0115,-0.10330778935234822,0.0112,0.0112,0.0,-0.0104,0.0,0.012309396482780932,0.0,0.0163,0.01860971010471972,-0.007989731129928145,-0.11690000000000002,0.004323781167783784,0.029056179454253466,-0.003649140380010716,0.0151,0.0151,0.014800000000000002,0.014106172438156856,0.0,0.0162,0.0,0.0175,-0.1553,-0.1553,-0.1553,-0.1553,0.0131,0.0131,-0.030999999999999996,1.2625223493968106e-05,2.004269711576332e-06,1.0620953782391774e-05
TCGA-B0-5703,-0.44146150197199885,-0.10662043552040693,0.0548,0.047766915254641065,-0.4989517301316786,-0.16456607796623632,0.06012031728161345,0.050105432543647646,0.05231116183935138,0.052353586137665005,0.0553805895867173,0.0564,0.44018743094366114,0.43314109609310386,0.05388633492253118,0.15665446417297002,0.052012370130652824,0.06104973633661357,0.046518120410826376,-0.43726134365990355,0.0567,0.05349538977438981,0.049874753128476536,0.0543394008434303,0.0,0.048272454223546486,0.0,0.05897508961023198,0.0,0.06465282613905597,0.0672,0.0672,0.0646,0.06553282231442162,0.064,0.06494586014542761,0.0682599480613439,0.0707,0.05551390405398555,0.07063360847771412,0.0,0.052545866861469157,0.0,0.07921300346459881,-0.502,-0.4871,-0.4943,-0.49429999999999996,0.064,0.049,-0.506,0.19848888815581725,0.06725083666321215,0.1312380514926051
TCGA-B0-5706,0.03470639561465829,0.1403022846572734,0.027,0.027,-0.3084342544416112,-0.11799788458606157,0.0298,0.0298,0.0251,0.02623227926391546,0.030044262170911454,0.032588473070753646,0.0245,0.0245,0.0278,0.0278,0.026899999999999997,0.027227445527065477,0.0193,-0.26267702698973644,0.0278,0.0278,0.0249,0.025531407102346228,0.0,0.029,0.0,0.0256,0.0,0.023925721639558917,0.0244,0.0244,0.0201,0.0201,0.042,0.042,0.0152,0.0152,0.020799999999999996,0.02112789492735057,0.0,0.0258,0.0,0.024333124484073695,-0.3082,-0.3082,-0.3082,-0.3082,0.0269,0.0269,-0.3216,0.10009585041688328,0.022189547615751346,0.07790630280113194
TCGA-B0-5709,-0.04805007716124923,0.0386,0.03619199743305355,0.0381,-0.19747735946220368,0.03808717145983581,0.03810134003576324,-0.09297690239287448,0.03612549181726886,0.13004000761575876,0.0388,0.0388,0.0319,0.0319,0.0382,0.0382,0.0368,0.03761788145396622,0.0314,0.03198188515834239,0.03430486864562595,0.0346,0.0375,0.03703783663739638,0.0,0.03658046267664906,0.0,-0.12759280256787292,0.0,0.0361831851310097,0.0366,0.0366,0.0385,0.0394071077657643,0.0312,0.03161252615046099,0.0406,0.03916919742369386,0.0352,0.0352,0.0,0.0327,0.0,0.0398,-0.2211,-0.2211,-0.2211,-0.2211,0.0368,0.0368,0.0309,0.0918846416313631,0.027194784559484944,0.06468985707187816
TCGA-B0-5712,0.03480104199668089,0.0268,0.028601522864350366,0.02264093687659215,-0.17947024114467885,0.18791546118333713,0.024314096887899473,0.010847018212611595,0.48739999999999994,0.481831655812038,0.027624475411395434,0.0194,0.0225,0.0225,-0.668,-0.051098332401155945,0.024899999999999995,0.026321931197798458,0.032900756832809054,0.029641951422377882,0.0283,0.028304092965217773,0.028549601514295513,0.025099999999999997,0.0,0.02087859434732078,0.0,-0.6594,0.0,0.04329384883320907,0.0476,0.0476,0.04630000000000001,0.046299999999999994,0.030399999999999996,0.0304,0.05222143831143892,0.0494,0.036313270242985765,0.0424,0.0,0.034,0.0,0.0495,-0.1809,-0.1824,-0.1824,-0.1824,0.0249,0.0249,0.0244,0.11489392021720045,0.06386346977836471,0.05103045043883574
TCGA-B0-5812,0.0017,0.0017,-0.000757469649685905,-0.003154767398229938,-0.26810085084725604,0.003511938120662991,0.000263034647910386,-0.00031695159071267446,0.0031000000000000003,0.2174353358641969,-0.001024624816234432,-0.0026999999999999997,0.0031,0.004186883830446572,-0.00036627618434208014,0.0015892768558237191,0.0023,0.0005240013500098853,0.0016,0.0022055001666992998,0.00034804465719742494,-0.0008,0.003,0.0018596803287283298,0.0,0.0014999999999999998,0.0,0.0017000000000000001,0.0,0.0044,0.0032,0.0032,0.0011046670160889094,0.0055,0.0079,0.0073237081477425725,0.0073,0.0073,0.0025,0.0025,0.0,-0.0001331968566751602,0.0,0.005399999999999999,-0.4506,-0.4386,-0.4411,-0.4411,0.0023,0.0023,0.0016,0.050177972577400455,0.03013768670720117,0.020040285870199286
TCGA-B8-4148,0.0457,0.04360097828055132,0.0411,0.045269560230524516,-0.33222711381385034,0.0553,0.0536,0.0536,0.024314333473400014,0.0474,0.04621456412709116,-0.33180376144332735,0.095,0.095,-0.28814234877816725,0.04621665618539023,0.0478,0.04247532328893428,0.0447,0.0447,0.04410000000000001,0.0441,0.040171924348532076,0.04379999999999999,0.0,0.0501,0.0,0.0403,0.0,0.0413,0.0384,0.0384,0.0401,0.0401,0.0469,0.04385815702450021,0.0234,0.0234,0.0364,0.032245592399995124,0.0,0.04419368794672427,0.0,0.037,-0.3439,-0.3399,-0.3399,-0.3399,0.0478,0.0478,0.0447,0.08587359000970114,0.0,0.08587359000970114
TCGA-B8-4151,0.05571955055277315,0.05469447507331741,0.056865814754338134,0.057659517242184884,-0.4367228992766839,0.05825705382694916,0.0536,0.05296230123011469,0.0616,0.0616,0.054,0.054,0.05508099679349578,0.0545,-0.6858779257713514,0.0567,0.0553,0.05538151353058949,-0.009720553361077059,-0.0085,0.0593,0.06123253841945635,0.0519,0.05350915097840529,0.0,0.0547,0.0,0.05485095105628878,0.0,0.05938701256768373,0.1149694831556132,-0.032279031730464675,0.056,0.056,0.0678,0.0678,0.0546,0.0546,0.0598,0.059800000000000006,0.0,0.0547,0.0,0.06262300878168765,-0.7700999999999999,-0.7701,-0.7701,-0.7701,0.0553,0.0553,-0.0085,0.03392316311831717,1.1777233786649806e-06,0.0339219853949385
TCGA-B8-4153,0.0174,0.0174,0.0145,0.0145,-0.383817079929907,0.018863031650123388,0.0145,0.013885862424979271,0.0378,0.03738560390624521,0.0161,0.0161,0.0179,0.014728301436369358,0.006684744799761642,0.021232230803657288,0.015499999999999998,0.015634183064385316,0.007356644422811559,0.009,0.007,0.007000000000000001,0.0159,0.0159,0.0,0.013100000000000002,0.0,0.014600793487419564,0.0,0.016,0.013,0.013,0.015499999999999998,0.0155,0.019205755997410128,0.020813912371844486,0.015399999999999999,0.0154,0.0123,0.03752158239101644,0.0,0.0134,0.0,0.0173,-0.6539,-0.6473,-1.2117838853386282,-0.6473,0.015499999999999998,0.0155,0.009,0.019931359240547515,0.0,0.019931359240547515
TCGA-B8-4619,-0.4928670792579073,-0.5089982282345387,0.054137087923598365,0.048322840183852286,0.05521420642094102,0.04931919492107645,0.043199999999999995,0.0432,0.0492,0.0492,0.06168716077982781,0.0434,0.4381,0.4381,0.051557562012334794,0.04146783205330278,0.0591085851370523,0.053383172851798694,0.061515106759527295,0.05768571083652462,0.0607,0.06220234166319517,0.06163980213292995,0.05899188377198042,0.0,0.04760588659363756,0.0,-0.5067246931577043,0.0,0.07963256642697938,0.0669,0.0669,0.0954,0.08978028771688089,0.057,0.05644735931752213,0.09469207516509284,0.09147695132262997,0.07351748448915255,0.08470396044324233,0.0,-0.5097586696998238,0.0,0.09602366206858884,0.0777,0.083,0.083,0.083,0.0547,0.0523,0.0599,0.18931518565668443,0.05750876100139174,0.1318064246552927
TCGA-B8-4622,0.0036094911428844827,-0.0037,-0.0030999999999999995,-0.0031,-0.33226180789810605,-0.00020797311010357269,-0.005399999999999999,-0.005727932066161172,-0.0073007926745647924,-0.0074,-0.0062,-0.003999502784993847,0.28649424298232196,0.2875,-0.0099,-0.0099,-0.43951324567898464,-0.4354244883730235,-0.0115,-0.009286465647931626,-0.007837931015528533,-0.006165661351102475,0.28103030372892157,0.2806097821192794,0.0,-0.0074,0.0,-0.003100000588397412,0.0,0.000965626648643456,-0.0007,-0.0022052652607567396,-0.005562853488833994,-0.0029,0.0083,0.0083,-0.0061,-0.0061,0.2978,0.2978,0.0,-0.0082,0.0,0.0005839809381139711,-0.4832000000000001,-0.4832000000000001,-0.4832,-0.4832,-0.4428,-0.4201,-0.011500000000000002,0.20119666269267517,0.12853244583599105,0.0726642168566841
TCGA-B8-5158,0.04085801550695735,0.04369544853982752,0.0384,0.0384,-0.14226573172816329,0.054,-0.0898,-0.0898,0.046955065368074964,0.043772799858064454,-0.10347446381477228,-0.09315813998967387,0.0412,0.0412,-0.09492957819910695,0.16069707047530662,-0.1799,-0.17990000000000003,0.0393,-0.03758447043579014,0.0424,0.0424,0.0436,0.039125296141579266,0.0,0.0397,0.0,-0.1027691004682231,0.0,0.0406,0.03925449856530503,0.0398,0.0305,0.0305,0.0501,0.0501,0.02,0.02,0.1304,0.1304,0.0,0.0369,0.0,0.0308,-0.216,-0.2166,-0.2166,-0.2166,-0.1799,-0.1799,-0.2284,0.057779377801598815,0.013470388371885494,0.04430898942971332
TCGA-B8-5159,-0.00759935618962172,-0.015048474496525495,0.3880514491514754,0.38064793347517784,-0.5384887434010239,-0.0214,-0.023699999999999995,-0.03392241482357271,0.42253991313060474,0.41792284864399387,-0.015903088727079094,-0.0328,-0.023915153805370657,-0.027515346862018793,-0.02,-0.029079936022101304,-0.0182,-0.012189149030934144,-0.0189,-0.0189,-0.0192,-0.01950902808917649,-0.017377600510724536,-0.01709216539601324,0.0,-0.03278297136347562,0.0,-0.3970767613385953,0.0,-0.0022214884929712127,0.014499999999999999,0.0039167059427999,0.0169,0.010769330693809592,-0.0084,-0.0084,0.026931154515459917,0.0246,-0.005128334521363047,0.00275294469247387,0.0,-0.012087207887107336,0.0,0.0177,-0.6761,-0.6042318301638758,-0.6875,-0.6875,-0.0182,-0.0182,-0.018900000000000004,0.1974401285054555,0.15319910491076819,0.044241023594687325
TCGA-B8-5162,-0.07662232456349716,0.0492,0.04502831218299529,0.0456,-0.21199999999999997,-0.06373186070688636,-0.21234818157496826,-0.20360212412723103,0.05320853876702356,0.05325556564304538,0.04575190920463042,0.0504,0.0455,0.045500000000000006,0.0467,0.04669999999999999,0.0491,0.047841169278494564,0.0417,0.0417,0.0472,0.04655795096563182,0.0467,0.04669999999999999,0.0,0.048900000000000006,0.0,-0.2175,0.0,0.0424,0.0416,0.0416,0.0391,0.038475720044244134,0.0554,0.057466344306811565,0.0389,0.0389,0.0374,0.0374,0.0,0.04981345943119994,0.0,0.04,-0.212,-0.212,-0.212,-0.212,0.0491,0.0491,0.041699999999999994,0.16862309966587685,0.0,0.16862309966587685
TCGA-B8-5164,-0.031178987197484676,0.0483,0.0441,0.0441,-0.26079782633228754,-0.02217427833185988,0.04715204715042982,0.0473286277856787,0.04842706240791017,0.051120486436877374,0.051,0.049507715093536374,0.0465,0.04650000000000001,-0.2651,-0.2651,0.0428,0.0428,0.03930702227956336,0.04149939361947168,0.0454,0.0454,0.0426,0.04173994543612435,0.0,0.04590119814936101,0.0,-0.263,0.0,0.04375159857418463,0.0451,0.04528739610909898,0.0456,0.0456,0.0506,0.0506,0.038,0.038,0.0464,0.0464,0.0,0.0425,0.0,0.039700252554640686,-0.2634,-0.2584,-0.2584,-0.2584,0.0428,0.0428,0.0406,0.1364842179149941,0.0,0.1364842179149941
TCGA-B8-5165,0.0044,0.0044,0.0037,0.0037000000000000006,-0.16182503004572302,0.007054553615592286,0.00452224961864866,0.0061,0.002747343596736073,0.10327540685677808,0.0058,0.0040451872011289455,-0.0008,-0.0008,0.0039,0.0039,0.0055,0.0055,-0.0012,-0.0012,0.0009334188967353173,0.0015,0.0031,0.0030999999999999995,0.0,0.0006999999999999999,0.0,0.0049,0.0,0.0036120783908070407,-0.0001,-0.0001,0.0031000000000000003,0.0031,0.0113,0.0113,0.0081,0.0081,0.0025,0.0025,0.0,0.003,0.0,0.008499999999999999,-0.2647,-0.2647,-0.2752,-0.0085,0.0055,0.0055,-0.0012,0.04199581185424424,0.02164479928601269,0.020351012568231554
TCGA-B8-5546,0.0118,0.0118,0.012899999999999998,0.0129,0.0111,0.010697769958391048,0.0085,0.0085,0.01285728028240199,0.0107,0.0132,0.01306230608531309,0.006891026305949369,0.007562256788194051,0.012299999999999998,0.0123,0.010410757917678648,0.013900000000000001,0.013644443219894586,0.0014,0.013,0.012999999999999998,0.01,0.01,0.0,0.010276122391902048,0.0,0.012106389990030022,0.0,0.010088174340958454,0.0106,0.010599999999999998,0.013199999999999998,0.013199999999999998,0.0199,0.02138242334678456,0.0194,0.0194,0.0131,0.0131,0.0,0.0115,0.0,-0.0084,0.011100000000000002,0.0111,0.0111,0.0111,0.0094,0.0094,0.0014,0.00026452822460765315,0.0002507358949168637,1.3792329690789491e-05
TCGA-B8-5549,-0.10046040550085737,-0.09380931599271454,0.17897826109699871,-0.09060474838871435,-0.4512,-0.07638977005404779,-0.0862,-0.08475393041524132,0.20174223398564262,0.21402925062072867,0.18412445909037517,0.19720000000000001,0.18420399947241003,0.17659116677392087,-0.14319332726675005,-0.1052077025883912,-0.44536621916353786,-0.444548869125296,-0.1023,-0.10206959141502468,0.17526345940698,0.17230890555476136,0.17134443448936384,0.16997221933342774,0.0,-0.08985626111965403,0.0,0.11328393673768654,0.0,-0.1003,0.15705997990973428,0.16765516931018756,0.1441218907745661,0.14403110357839263,-0.0731,-0.0731,0.11097600104678154,0.11936262835472533,0.17050687496160477,0.15564761622854736,0.0,0.17541606778322505,0.0,0.15510168040941125,-0.4512,-0.4512,-0.4512,-0.4512,-0.45589999999999997,-0.4399,-0.1023,0.18849214160406302,0.06624149919730468,0.12225064240675836
TCGA-B8-5550,-0.09580183837780747,-0.02148762074537859,0.20849999999999996,0.19744007375492378,-0.2367034173402365,-0.036085993199325615,-0.02553589678329265,-0.04544090418648219,0.23580185552672087,0.4363308876533846,-0.02443600934614627,-0.043084955385377474,0.44178789860589507,0.430415554229554,-0.019,-0.035234825501842676,-0.0545761300253127,0.00423627986646721,-0.3315,-0.33660417560924055,-0.02203310415774453,-0.02157231152274581,-0.026101203182020024,-0.02210052275323709,0.0,-0.036850643520112046,0.0,-0.33138223339971,0.0,-0.022624720637543005,0.015500000000000002,0.00825026899682825,0.0141,0.008351038381549256,-0.3191,-0.3191,0.021317811478568323,0.009459532179118343,-0.00020759973048852185,0.013,0.0,-0.015657811362942028,0.0,0.0266,-0.315,-0.32756766208117677,-0.2934,-0.2934,-0.0122,-0.703,-0.3515,0.3267351176046217,0.18015077090652531,0.1465843466980964
TCGA-B8-5551,0.09910076466092137,0.17156534504118306,0.11388306929286486,0.10893638891022683,-0.13740640279055732,0.1038,-0.01527736936418769,-0.0186,0.10180489486030679,0.09882980937552104,-0.046550470516912267,-0.0556,0.018067357823842584,-0.007690497923206387,-0.15884621148391584,0.0968,-0.1143,-0.10145487152760102,-0.04562582677420576,-0.0465,-0.021908401918212778,-0.056661016262300114,0.11673174826518846,0.12056708417272108,0.0,-0.0299,0.0,-0.1155120053108349,0.0,0.0514,-0.0167,-0.09199299421259126,0.0048,0.11105274575756952,-0.0652,-0.0652,-0.0848,0.07856147884997433,0.1137,0.11460730250549529,0.0,-0.018700000000000005,0.0,0.0136,-0.1403,-0.1403,-0.1403,-0.1403,-0.11429999999999998,-0.11429999999999998,-0.0465,0.011716808446045807,3.129979369534399e-06,0.011713678466676272
TCGA-B8-5553,0.03277765089642288,0.1005,0.037495757021707536,0.025271936422811624,-0.2225833031463985,0.027800000000000002,0.0246,0.0246,0.026,0.1944750231282918,0.0285,0.0285,0.0784,0.0784,-0.033848240787349285,0.023840255167220374,0.031030706289495908,0.018516765869515672,0.023,0.022999999999999996,0.02810612626462883,0.026600000000000002,0.032,0.032,0.0,0.02694802403901966,0.0,-0.3253933081776428,0.0,0.0368,0.0332,0.03349623505490534,0.0343,0.0343,0.04604629793683592,0.0444,0.0378,0.0378,0.03333479557551781,0.0332,0.0,-0.3275641695959583,0.0,0.0295,-0.3319,-0.3319,-0.3319,-0.3319,0.029499999999999995,0.0294,0.023000000000000003,0.09612407275736944,0.029071364786638444,0.067052707970731
TCGA-B8-A54D,0.03889649372956482,0.0427,0.04,0.03756605677007726,-0.4655537254239012,-0.0681361683957211,0.0418,0.0427774964614084,0.0431,0.0431,0.03981435278484629,0.0411,0.04057435628882416,0.04045374522284016,0.03129143959136056,0.03917994479030503,0.029752588517699824,0.0288,0.0384,0.0384,0.03540865404967864,0.032357555907125225,0.0415,0.04112086191150991,0.0,0.04009002962111982,0.0,-0.43547082021476946,0.0,0.0383,0.0381,0.0381,0.038777367019527845,0.0367,0.0413,0.0413,0.045200000000000004,0.0452,0.0343,0.0343,0.0,0.0394,0.0,0.03436082427833718,-0.4965,-0.4764,-0.4764,-0.4764,0.0316,0.0288,0.0384,0.07031434152757529,0.0009796175322390938,0.0693347239953362
TCGA-B8-A54E,-0.0092,-0.0092,-0.0065,-0.0065,-0.031,-0.031,-0.0104,-0.012530272682005498,-0.0096,-0.009376893893799202,-0.0029277173092035185,-0.010938795586297198,0.1894,0.19302647342912763,-0.0092,-0.008617010705665345,-0.0146,-0.0146,-0.00871062416360142,-0.010255595750047298,-0.0072,-0.02004418260774179,-0.0135,-0.0135,0.0,-0.010594959050035924,0.0,-0.0146,0.0,-0.0163,0.1982,0.1982,-0.0127,-0.0127,-0.008354128440063143,-0.0076,-1.3175641507811651e-05,2.2670840199473488e-06,-0.011236643608983713,-0.007500000000000001,0.0,-0.0124,0.0,-0.2742,-0.031,-0.031,-0.031,-0.031,-0.014599999999999998,-0.0146,-0.0109,0.011703188130276236,1.878813939635224e-05,0.011684399990879883
TCGA-B8-A54F,0.011722201774981266,0.0144,0.0323,-0.15386652959095326,-0.6121,-0.2136367408262418,0.022199999999999998,0.026576316703311068,0.0266,0.02604649007359263,0.0166,0.022406884790391806,0.0201,0.0201,0.0137,0.015374368319379552,0.0126,0.0126,0.012459691380073221,0.0162,0.012273369131398836,0.012391211103765695,0.4329,0.4390423650621455,0.0,0.015399881258631657,0.0,0.011418210657981182,0.0,0.0041,0.005,0.005,-0.0025,-0.0025,0.0146,0.0146,-0.01617009323963807,-0.015677803688010538,0.0023,0.0023,0.0,0.431496373975906,0.0,-0.005620487122544334,-0.6121,-0.6121,-0.6121,-0.6121,0.0126,0.0126,0.0162,0.12290837947090284,0.059695431511904665,0.06321294795899818
TCGA-B8-A54G,0.030299999999999997,0.0303,0.0424,-0.03147142775381469,-0.38335600689499794,0.1803725446699911,0.0367,0.0367,0.0294,0.24007693347594328,0.0334,-0.2693051482606318,0.0301,0.029470434487842444,0.0295,0.028756016520515848,0.026700000000000005,0.026700000000000005,0.0316,0.0316,0.029032105110854432,0.030873645324741614,0.0329,0.0329,0.0,0.035277598140313574,0.0,-0.35680827386106834,0.0,0.02397086661655737,0.0282,0.027794914489073883,0.026099999999999998,0.026130224556700738,0.029800000000000004,0.0298,0.0271,0.0271,0.025352832523596547,0.0227,0.0,0.0287,0.0,0.0231,-0.3905,-0.3873,-0.3873,-0.3873,0.0267,0.0267,0.0316,0.14967757288413625,0.04972457607485542,0.09995299680928081
TCGA-BP-4164,0.1516134625899934,0.1832941322368803,0.17100157763746535,0.1716,-0.5685,0.18326274675423532,-0.1293346038859987,-0.129,0.1876304918372865,0.18709333687480306,-0.1329,-0.13142718304561787,0.19184712045532917,0.1899476684122265,-0.31388867522590097,0.1846,-0.13283865440378487,-0.12990399087079973,-0.5635,-0.5635,0.18356382428739487,0.18355653536525549,0.1831,0.18525355357454085,0.0,0.18750388194068235,0.0,-0.1321,0.0,-0.1305,0.19359368400461258,0.20002614328359164,0.1528,0.17753398170813203,-0.12290000000000001,-0.1229,-0.1342,-0.1342,0.1838,0.18468564289677547,0.0,0.19383473163299172,0.0,0.189807329426954,-0.5685,-0.5685,-0.5685,-0.5685,-0.1334,-0.1322,-0.5635,0.1259424198457075,0.032297147266618746,0.09364527257908875
TCGA-BP-4167,0.0031,0.0019492864031199941,0.0072,0.0072,-0.17632605493338427,0.0998,0.0049,0.0049,0.0037426980145958645,0.17385582583287107,-0.0951,-0.09509999999999999,0.0935,0.0935,-2.9194161802434246e-05,0.0027,-0.0904,-0.0786801260120239,-0.002560366698346588,-0.09345064673926477,0.08943717595733153,0.0921,0.092,0.092,0.0,-0.19641837035821397,0.0,-0.095,0.0,-0.0893,0.0921,0.0921,-0.0922,0.0006276412284290079,0.0068,0.0068,0.0009,0.0009,0.1772,0.17719385681943856,0.0,0.17981641251502697,0.0,0.004,-0.0973,-0.3152,-0.3152,-0.3152,-0.0904,-0.0904,-0.0951,0.056834326716860645,0.029163054139148135,0.027671272577712513
TCGA-BP-4770,0.1605566394087158,0.1423386427208015,0.15267738571092035,-0.14579504543556024,0.19133876081935816,-0.1465335877822613,-0.2000939734694705,-0.2819818689324111,0.4673117292051043,-0.33476580065279166,-0.07609315870539773,0.14585794491783322,0.16559551607959586,0.1523776917518224,0.0617,0.1841072286468521,0.18741956731431592,0.21655557090658445,-0.35822203942741065,-0.16806803340222803,0.1452,0.12726276566048875,0.20671424280927198,0.12689451967737564,0.0,-0.32641256270550856,0.0,0.17714243976638724,0.0,0.1349,-0.3764,-0.3679650405154855,0.117,0.11305845022949437,-0.0628846823295796,0.41731096007801394,-0.1959259575415915,0.10040945700625926,0.099,0.099,0.0,-0.3570498650448865,0.0,0.1181,0.2256,0.167,0.167,0.167,0.1826,0.1826,-0.1409,0.41582146442324774,0.14167116295468213,0.2741503014685656
TCGA-BP-4782,0.0118,0.0118,0.0204,0.01215462149088696,-0.26114926485787365,0.015,0.0119,0.12670548995760247,0.014240614774408175,0.023546697186000234,0.008048035796668887,0.011053443660909924,0.0072,0.008028457556204453,-0.3592246309491049,-0.024982228795563284,-0.0849,-0.0849,0.0046949965560907055,0.0037000000000000006,0.012,0.012,0.2945,0.2945,0.0,0.00813582867835431,0.0,-0.0074,0.0,0.00942109071538502,0.2935,0.2935,0.0091,0.0091,0.0374,0.0374,0.0025,0.005354733464633394,0.0137,0.0137,0.0,0.0037,0.0,0.0074738254632583665,-0.35420000000000007,-0.3523,-0.3523,-0.3523,-0.0849,-0.0849,0.0037,0.14819788618924606,0.10141699256560315,0.04678089362364291
TCGA-BP-4960,0.0025445991869948547,-0.0010848467256556148,-0.0005,-0.0005066509012532457,-0.15129546469802885,0.1421556741447811,-0.0016,-0.0016194150055515886,-0.005366727029640256,0.16170718371687812,-0.16258476206308625,-0.17900000000000002,0.2657305644755062,0.2683451944668423,-0.15220350340470748,-0.17267005541271477,-0.0832,-0.08007510817377993,-0.16535989787034616,-0.1661296045772543,-0.0012,0.012207027548393505,0.1395,0.13686604007182956,0.0,-0.0012,0.0,-0.03647414828232532,0.0,0.0018999999999999998,0.13376783832204436,0.13720744163623927,0.0066058854919175585,0.006355783752232979,0.015399999999999999,0.012678507808077794,-0.0115,-0.0115,0.26281402373563933,0.2561,0.0,-0.1693,0.0,-0.14666760240050267,-0.128,-0.1347,-0.1347,-0.1347,-0.0832,-0.0832,-0.1648,0.11079157059033636,0.11033823697822046,0.0004533336121159032
TCGA-BP-4962,0.04059110841069244,0.04683303955741937,0.040576415613386776,0.0426,-0.3139943901388882,0.046770767997609854,0.0425,0.043353354936277365,0.22226214649267703,0.16843184380931223,-0.21657654190833825,-0.3195653817232672,0.1594,0.16707268491858981,-0.01388635417657792,0.11338150964559215,-0.06506501284954411,-0.07192180098201904,0.0334,0.03194719505013145,0.03989999999999999,0.04042209402202594,0.031200000000000002,0.0312,0.0,-0.0021,0.0,-0.331,0.0,0.0389,0.0276751771794218,0.03869057240374366,0.030600000000000002,0.030683994484672367,-0.0801,-0.0801,0.015396471479456747,0.0272,-0.1882,0.20145390166084814,0.0,-0.011625412720110601,0.0,0.0395,-0.3252,-0.3252,-0.3252,-0.3252,-0.0701,-0.0366,0.0307,0.16961509644331194,0.04625012917279147,0.12336496727052046
TCGA-BP-4965,-0.11729676284858007,0.036590533314577976,0.02921080712805004,0.0291,-0.3902455268883798,0.035693907572113825,0.03041932388410552,0.0262,0.02200594467129443,0.26093020613030715,0.039986475143392604,0.0299,0.012,0.012,-0.2538446929833821,0.016761660275882623,0.0393,0.04405499299515564,0.0309,0.030899999999999997,0.036,0.036,0.0222,0.023488734992958785,0.0,0.0279,0.0,-0.4516,0.0,0.041,0.0472,0.04427919350820114,0.0451,0.047939419751088015,0.0519,0.04292546931005889,0.0522,0.0522,0.0355,0.0355,0.0,0.0389,0.0,0.05382551277546881,-0.4106,-0.3967,-0.3967,-0.3967,0.0393,0.0393,0.0309,0.12499892671241027,0.03204254257036233,0.09295638414204795
TCGA-BP-4967,-0.04366025552071075,-0.03495023355820702,-0.03893740842737808,-0.03403161600287085,-0.03994056087913097,-0.02929711761053126,-0.06848603336265388,-0.035484462378783825,0.34257529545954435,0.3245181372701247,-0.06454620998473645,-0.06485407602502434,0.5603338747194208,0.5713621025763431,-0.5588098692746465,-0.5843309351386407,-0.06203016510572748,-0.0733,-0.073,-0.07425117235418503,-0.042452718688398595,-0.0443403493488471,-0.04382440344891419,-0.04441042210489895,0.0,-0.02935526208402214,0.0,-0.06624266594611093,0.0,-0.07431606766996364,0.2578213566718308,0.27361447506801495,-0.0884,-0.0884,-0.0239,-0.023941188692758162,0.22104094000791863,0.24157727939357393,0.29848910100885306,0.2797,0.0,-0.0135,0.0,-0.1144562776856161,-0.0395,-0.0547,-0.0547,-0.0547,-0.0564,-0.0612,-0.0739,0.2514135542779302,0.19907887698752022,0.05233467729041
TCGA-BP-4970,0.02454700365658422,0.02759686068632164,0.0247,0.0247,-0.14929886867094935,0.032377566951109056,0.0324,0.0324,0.0121,0.008591346847726266,0.029691960084274452,0.031225641400584057,-0.009519690745810333,-0.0095,-0.21936159597148555,0.007693552278979103,0.0215,0.0215,0.024477003491955866,0.0243107655686399,0.02916955727842386,0.0318,0.0236,0.02340525890298914,0.0,0.02718589025678368,0.0,-0.22464989984350736,0.0,0.0287,0.0094,0.0094,0.0299,0.02869638431482394,0.0374,0.0374,0.0056,0.0056,0.008650502106816442,0.0088,0.0,0.028892023839035243,0.0,0.036,-0.2267,-0.2436,-0.2436,-0.24359999999999998,0.0215,0.0215,0.0235,0.06457692647482492,1.8409622120374413e-07,0.06457674237860372
TCGA-BP-4971,-0.0033437190577410014,0.003973651706625778,-0.003,-0.003,-0.24832335723978435,0.0033000000000000004,-0.01157360725602847,-0.007899767766297064,-0.0165,0.13520261699711558,-0.0016000000000000003,-0.004289844891648747,0.20667053619217632,0.2058429301538046,0.0062,-0.0004762684160813005,0.0036,0.0036,-0.013284367787251002,-0.013599999999999998,0.009286572725779823,-0.005457409809582493,-0.0155,-0.01574389171148097,0.0,-0.005588254765963852,0.0,-0.2999,0.0,-0.004560573409852949,0.2129,0.21233234956760616,-0.0036,-0.0036,0.0083,0.0083,-0.0185,-0.017237904820009326,-0.0175,-0.0175,0.0,0.0007246265857126514,0.0,0.0002,-0.2741,-0.2792,-0.2792,-0.2792,0.0036,0.0036,-0.0136,0.17732352955873384,0.11725351885636051,0.06007001070237332
TCGA-BP-4972,-0.009148810938624987,-0.004133071475706033,-0.00752820932358801,-0.003,-0.4510280867300154,0.0213,-0.0037000000000000006,-0.00424996384159275,-0.017247782581998133,0.24212134306643437,-0.0012,-0.0012,-0.027816422830910074,-0.028599999999999997,-0.001,-0.001,-0.0033,-0.0033,-0.0139,-0.0139,-0.0086,-0.0086,-0.015022241639242343,-0.0161,0.0,-0.005699999999999999,0.0,0.0014,0.0,-0.0126,0.402,0.402,-0.03265311811248272,-0.00034445648448579115,0.00445549127491407,0.005238613568380312,-0.0204,-0.0204,-0.0303,-0.03377743692531306,0.0,-0.0072,0.0,-0.0148,-0.633,-0.633,-0.633,-0.633,-0.0033,-0.0033,-0.0139,0.08507994612133798,0.06133577820348092,0.023744167917857068
TCGA-BP-4976,-0.04608769406807014,-0.03803396182302822,-0.0287,-0.0287,-0.03881002111317876,-0.04711417513277443,-0.0425,-0.0425125228710581,0.34970689158982465,0.4728738909355718,-0.023,-0.023000000000000003,-0.04135819632715306,-0.040298646184173524,0.002046979884520584,-0.014430178172568458,-0.02511934224727999,-0.028199999999999996,-0.023609438911781064,-0.03834026544643468,-0.027199999999999995,-0.0272,-0.0218,-0.02263519695922812,0.0,-0.0214,0.0,-0.03477189542248199,0.0,-0.028132942575349068,-0.026645830851340847,-0.027103159632919097,-0.0226,-0.02701878373468473,-0.0092,-0.0092,-0.026699999999999998,-0.0267,-0.026799999999999997,-0.02898794824320496,0.0,-0.017578187985337067,0.0,-0.0235,-0.0271,-0.0456,-0.0456,-0.0456,-0.0212,-0.0178,-0.0384,0.06543318087395769,0.0652419544160668,0.0001912264578908965
TCGA-BP-4977,-0.0265,-0.0265,-0.0276,-0.0276,-0.31370313259874705,-0.0286,0.2427,0.11003231609956204,-0.0419,0.2711288949041986,-0.025577975840973655,-0.03261603146581867,0.20894999294126143,0.2096,-0.0023,-0.02660524110413864,-0.0182,-0.0182,-0.0354,-0.0354,-0.0295,-0.029500000000000002,0.2247,0.2247,0.0,-0.030052815723531738,0.0,-0.3769,0.0,-0.01675333866856827,0.24391249049991218,0.24379999999999996,-0.0224,-0.02107624854888735,-0.3632,-0.3632,-0.0334,-0.0334,-0.032,-0.032,0.0,-0.021799999999999996,0.0,-0.00208828846715011,-0.3671,-0.3506,-0.3506,-0.3506,-0.0182,-0.0182,-0.0354,0.29896477633568097,0.21151051534335874,0.08745426099232224
TCGA-BP-4982,0.0071,0.0071,0.004550394731014511,0.007115503101413845,-0.29774891702078876,0.01728327940981779,0.0066,0.0017770613126011831,-0.0074,0.14723390286691262,0.00885326205982011,0.004709785396626371,-0.0128,-0.0128,0.0124,0.012400000000000001,0.0118,0.0118,0.004507707034031027,-0.0003796613244870352,0.005592841488991934,0.005,-0.0141,-0.014341574800340555,0.0,0.003578072874935693,0.0,0.014957699491896365,0.0,0.007146407389445599,0.0024445083785539718,0.0026349034963931294,0.0099,0.0099,0.0175,0.017911373782954373,0.0016,0.00029044114967098254,-0.0014616715503355264,-0.0014,0.0,0.01,0.0,0.013187594956975584,-0.3936,-0.3936,-0.3936,-0.3936,0.0118,0.011799999999999998,-0.0004,0.04863160123651155,0.023427627485309965,0.02520397375120158
TCGA-BP-4986,-0.44592450831247427,0.3082131701060527,0.08633911082477161,0.08558931134962977,-0.4174509964836,-0.31047495282477855,0.09739641345964471,0.07510294077883199,0.5010104387012163,0.6382024047445313,-0.12628767135416993,-0.15137027299815448,0.06143609052846042,0.0583668332657023,-0.45069999999999993,0.08634853836852154,-0.1546072209287879,-0.20294733436394696,0.12814895887218802,-0.03180452685090584,0.09437381955667956,-0.27878022242792366,0.07997393808316573,0.07400442511220069,0.0,0.08108513921173394,0.0,-0.3748572145081858,0.0,0.14878832103006642,0.1060196051923426,0.1089890068433157,0.1264,0.1218486724154571,0.095,0.095,0.0999,0.10720677024353766,0.102,0.102,0.0,0.09163496828283288,0.0,-0.4127,-0.3742,-0.38,-0.38,-0.38,-0.1517,-0.1517,-0.0446,0.3294434488484017,0.11559569581680981,0.21384775303159187
TCGA-BP-4988,-0.0239,-0.024375952179232212,0.0083,0.01188578457383279,-0.07486263533588222,-0.08708304189205329,0.0104,0.010294363363095731,0.1123,0.10141143317515577,-0.02410586629561702,-0.029044950824534243,-0.0049,-0.0049,-0.021673203014240958,-0.025506793131097463,-0.0161,-0.0161,-0.032,-0.034992434979049324,-0.026195682414096203,-0.025999999999999995,0.1756,0.17689635183502433,0.0,0.013100000000000002,0.0,-0.0125,0.0,-0.0238,0.0107,0.010619704294435633,0.0138,0.0138,-0.013,-0.013,0.0086,0.0086,0.0045,0.0045,0.0,-0.023,0.0,0.0198,-0.04409999999999999,-0.2093,-0.0538,-0.0538,-0.0161,-0.0161,-0.032,0.0011300084019081763,5.457279966561979e-09,0.0011300029446282098
TCGA-BP-4989,-0.1528003455737587,-0.06798345842572709,0.20266964703839138,0.11610229514787403,-0.44019170159629323,-0.0808291925063452,0.17514258421810183,0.15762396834952436,0.6252021225415098,0.30575630937794357,-0.06735808690800532,-0.09138872353089532,0.4092,0.40727268161306035,-0.055772492772673515,-0.08451618261021689,-0.06847846752324538,-0.05309799610286546,-0.07468077891356507,-0.07847331426121641,-0.0728288228464626,-0.07313855755296687,-0.07140777084907944,-0.06876342901547026,0.0,-0.09495157441584337,0.0,-0.44380585818876755,0.0,-0.052166043755129184,0.2346835459760646,0.22820625193784005,-0.03213925910801127,-0.034290522632376516,-0.0624,-0.0624,-0.025921565075738208,-0.036513634474792986,-0.07632547730484945,-0.07032265412656843,0.0,-0.06690270468826179,0.0,-0.019431202692714318,-0.4445,-0.3778,-0.3778,-0.3778,-0.075,-0.075,-0.0787,0.23960904068509725,0.16562547715251663,0.0739835635325806
TCGA-BP-4992,0.0083,0.0083,0.004856019020144306,0.006814220242148093,-0.2135149405675021,-0.2323,-0.007,-0.007,0.19447236489662084,0.1879180380988877,-0.2359035723544707,-0.24034194346287924,0.1761672560096721,0.17695604086026293,0.012047452888227657,-0.0006834941662616814,-0.0054,-0.0020455560114342086,-0.004036223208902184,-0.0052288893494810374,-0.0018,-0.0018,0.1934,0.19141421398753558,0.0,-0.0055000000000000005,0.0,-0.2317,0.0,0.0031,-0.010102694569681343,-0.0116,0.004534498213159591,0.0039,0.1992881066628999,0.2022,0.02256072071249384,0.04548416841734184,0.184,0.184,0.0,-0.0008,0.0,-0.23304754925843674,-0.2005,-0.2005,-0.2005,-0.2005,-0.0054,-0.0054,-0.0053,0.23092673962579544,0.057258129450188565,0.17366861017560686
TCGA-BP-4994,-0.24727932530050192,-0.24791551450063068,-0.23870860286039738,-0.23731273827829358,0.2627236779304487,0.26659045643696216,0.2590342138354583,0.2703,0.2530350875099234,0.25161739956228457,-0.24298576139030878,-0.27415594728393494,0.2409414417156498,0.24266060378581986,-0.24334333320255153,-0.26372164406708115,-0.25098157784585623,-0.24345390338659975,-0.24515107509544168,-0.250704603336841,0.2502017906775424,0.24999206712768934,0.2467046973381881,0.2441552067851884,0.0,-0.26752664740802634,0.0,0.25925800755479633,0.0,0.2555,0.22320218563609515,0.23240362578363322,-0.24662660970177683,-0.24989999999999998,-0.2517,-0.2517,0.19961747809182798,0.21305246620712961,0.24195479275249746,0.23279388695072106,0.0,-0.2622403630792834,0.0,0.2228,0.2578,0.2578,0.2578,0.2578,-0.2581,-0.2511,-0.2483,0.985009269867091,0.49489357693448377,0.4901156929326072
TCGA-BP-4995,0.0358,0.03892458368464683,0.034166708955767955,0.03747581969312554,-0.586510459913449,0.0507,0.043777854536211955,0.04258179928956564,0.051446307261556384,0.13297796364073472,0.0437,0.0437,0.0244,0.0244,0.0479,0.045523534769839114,-0.5919,-0.5919,0.028899999999999995,0.0289,0.0373,0.0373,0.0238,0.023799999999999998,0.0,0.0402,0.0,0.047,0.0,0.0343,0.39980438586791134,0.030855682257934714,0.0237,0.0237,0.0486,0.0486,0.01945623205820064,0.0193,0.0228,0.0228,0.0,0.4809,0.0,0.0262,-0.5876,-0.5848,-0.5848,-0.5848,-0.5919,-0.5919,0.0289,0.11458311092619806,0.0321731009286482,0.08241000999754985
TCGA-BP-4999,0.010526756919376238,0.011800664145769116,0.0104,0.0104,-0.3627,-0.3738542235562176,0.0092,0.0092,0.3058,0.3009668407426106,0.014923220530577796,0.0107,0.008009110612816901,0.0072,0.0128,0.012800000000000002,0.01631827838092607,0.0159,-0.0022118622708109195,0.0019,0.0066,0.0066,-0.002267651352908134,-0.0001,0.0,0.007409584677333673,0.0,0.017220907222199523,0.0,0.0067,-0.0003,-0.00024540537812183866,0.044711472336440995,0.031688986442788836,0.0207,0.0207,0.0049,0.0049,-0.0019,-0.0019,0.0,0.0057,0.0,0.013401194512925303,-0.36269999999999997,-0.3627,-0.3627,-0.3627,0.0159,0.0159,0.0019,0.13874825272669514,0.06754630144060347,0.07120195128609166
TCGA-BP-5000,0.05109417831828249,0.09425030439189064,0.043521514521454904,0.0516,-0.32436521705003435,0.040379404922289676,0.005175086037065124,0.03396790724248052,0.0575,0.07511822674200927,0.0528,-0.21165052392134306,0.0422,0.0422,-0.11204364560515415,0.28642571450050985,-0.2775,-0.2717431704967248,0.0462,0.04625488684549343,0.0505,0.0505,0.04678765678831538,0.04749128925822445,0.0,0.05366998484640761,0.0,-0.2779679957780768,0.0,0.051937476249256175,0.0466,0.053689251447258356,0.04515854857972263,0.0323,-0.1415,-0.1410536327409809,0.005266856513380213,0.031,-0.21862718080849478,0.25271657983940676,0.0,0.0601,0.0,0.0393,-0.3201,-0.3303,-0.3303,-0.3303,-0.2775,-0.2775,0.0462,0.22141981674628902,0.05096396003973978,0.17045585670654922
TCGA-BP-5001,-0.009976132546255503,0.02855044525061139,-0.036846710080038675,0.29618420408228224,-0.3965514023073307,-0.019590430531945154,-0.025516882869692004,-0.0312,-0.05105072290188887,-0.0449950871445382,-0.0233,-0.0233,0.41071878851292826,0.11736389738532634,-0.0017999999999999997,-0.02305930826454513,0.0009,0.008188640882536142,-0.018358114937357003,-0.0205,-0.0188600645882759,-0.01749322301730211,-0.04289363799475713,-0.0395212590771942,0.0,-0.0311,0.0,0.0018,0.0,-0.00750533835152188,-0.0098,-0.0098,0.001577068861100029,-0.007699999999999999,-0.00518046815312311,-0.007417644790336778,-0.004936688798855423,-0.006290550692299761,-0.030334779357292507,-0.029082020936672545,0.0,-0.01257851742381076,0.0,0.0060778435140248395,-0.6968,-0.6719,-0.6719,-0.6719,0.0009,0.0009,-0.0205,0.0976590295389018,0.07856117053065587,0.019097859008245947
TCGA-BP-5004,-0.4033651593037563,0.08730000000000002,0.081,0.081,-0.36094315103213515,0.08311092206099917,0.08348342108520294,0.0829,0.42821826474405533,0.3029909776873447,0.0869,0.08730420929254959,0.05172155118354049,0.05281221631616602,-0.3767721746396293,-0.3922339684688362,0.0972,0.0972,0.0852,0.08490947284828904,0.08752911405697025,0.0876,0.0721,0.0721,0.0,-0.39186233361684164,0.0,-0.32806758918186085,0.0,-0.002388480879591562,0.0738,0.0738,0.0872,0.0872,0.1005,0.1005,0.0635,0.0635,0.0731,0.0731,0.0,0.08887022241209935,0.0,0.0949,-0.38630000000000003,-0.3863,-0.3863,-0.3863,0.0972,0.09719999999999998,0.08500000000000002,0.24466527590596848,0.05074485318509997,0.1939204227208685
TCGA-BP-5006,0.0083,0.0083,0.004159882409765765,0.0061367865589398,-0.39961752079224283,0.011131440771011004,0.0045,0.003963461663416641,-0.0017,0.16251373298887867,0.009189309744314913,0.0078,-0.0106,-0.010175967915663617,0.011,0.010999999999999998,0.0121,0.012099999999999998,-0.0079,-0.006563395934214965,0.006700000000000001,0.0067,0.0161,0.01742856157996769,0.0,0.00514758712646725,0.0,0.015073906024406575,0.0,0.0097,0.003,0.003,0.007951666272408474,0.007106047669278248,0.0201,0.0201,0.0012,0.0012,0.0008,0.0008,0.0,0.014782527412527424,0.0,0.0157,-0.39679999999999993,-0.3949,-0.3949,-0.3949,0.0121,0.0121,-0.0064,0.05889134715112296,0.025470247141371274,0.03342110000975169
TCGA-BP-5007,0.005107792595613322,0.001579412523860627,0.0010463891671351386,0.000496190026255013,-0.4911670089906202,0.008904196928458378,-0.005,-0.005,-0.0058,0.35845145744738893,0.0007,0.00022685749353920862,-0.0188,-0.0188,0.0215,0.0038398799393418647,0.0071,0.0071,-0.0007,0.0004015625531138818,0.0011,0.0011,-0.0093,-0.0093,0.0,-0.0024,0.0,0.0117,0.0,0.00638980812809136,0.0017,0.0017,0.006299999999999999,0.0065739410753773405,0.0134,0.013938910294438153,0.010132956831045438,0.004,-0.0048,-0.0035203063254163666,0.0,-0.0003,0.0,0.01843359143935043,-0.7082,-0.715,-0.715,-0.715,0.0071,0.0071,-0.0007,0.06010857050472727,0.03728588837581452,0.022822682128912742
TCGA-BP-5009,-0.0065,-0.006947358455145775,-0.0146,-0.012133746730221709,-0.23809310254926033,0.0162,-0.0137,-0.0137,-0.020122654513397644,0.18974303746339657,-0.0077,-0.0077,0.2225636856362727,0.2124297273882834,0.0026942357648354607,-0.0030122368846606756,-0.31828798891943405,-0.2929232420136739,-0.0159,-0.02443398362080282,-0.013599999999999998,-0.010996098211508874,0.2381,0.2457390316951897,0.0,-0.0082,0.0,-0.3500733919729116,0.0,0.019880882743230507,0.0227,0.0227,-0.00438138243927731,-0.0023,0.0103,0.010329422877091725,-0.0161,-0.0034432257905518187,0.2099,0.2099,0.0,-0.0018576869125016247,0.0,0.0362,-0.3261,-0.3353,-0.3353,-0.3353,-0.3256,-0.32099999999999995,-0.0159,0.25826621702518154,0.1536261109018071,0.10464010612337443
TCGA-BP-5010,0.0278,0.0278,0.0257,0.0257,-0.2565338475049527,0.030690559937462,0.031100000000000003,0.0311,0.02121665810450967,0.027893582603426247,0.028,0.028,0.0294,0.0294,0.05404363751825248,0.029737732545227245,-0.2559,-0.2559,0.0232,-0.14030208191713114,0.02463112117401595,0.0211,0.026,0.026,0.0,0.025100000000000004,0.0,0.026300000000000004,0.0,0.025281301424916858,0.0278,0.028371548720280037,0.019924849066837228,0.022332900431483185,0.0343,0.0343,0.0201,0.02274695755781497,0.0907,0.10386857924160761,0.0,0.021,0.0,0.028447037900774397,-0.26,-0.26,-0.26,-0.26,-0.2559,-0.2559,-0.2632,0.10217804647195905,0.0005140353835730434,0.101664011088386
TCGA-BP-5174,0.023399999999999997,0.0234,0.0052,0.28384451877932576,-0.48837254003167296,0.022999999999999996,0.0187,0.0187,0.020265810126302495,0.02224010918072881,0.019172772018907342,0.016751327514020174,0.01983842666230609,0.01510942366429602,0.021,0.021,0.0243,0.0243,0.0184,0.0184,0.02308721021753487,0.026217588089570115,0.015400000000000002,0.020241870870008255,0.0,0.0175,0.0,-0.5197668631713892,0.0,0.02729450785411637,0.032,0.032,0.028,0.028,0.039,0.03900000000000001,0.039,0.039,0.0302,0.0302,0.0,0.026353430354486344,0.0,0.03884938434949498,-0.5469,-0.5469,-0.5469,-0.5469,0.0243,0.024299999999999995,0.0184,0.09884239982886248,0.03819407308825018,0.060648326740612296
TCGA-BP-5175,0.09733589960852027,0.115,-0.1231,-0.12624651214717517,-0.045909487180155265,0.29675426481302225,-0.0461574389017619,-0.0426,0.4748507400045984,0.48982732876349794,-0.34270000000000006,-0.33927420622746973,0.1346,-0.014355930122235272,-0.6581,-0.050650233870414986,-0.3128,-0.3128,0.12190000000000001,0.10577891288003821,0.009216449231586536,0.005109681375117951,0.263,0.2612821680008093,0.0,-0.19883451905460803,0.0,-0.2578908826059986,0.0,-0.1696,0.13489291344851234,0.14023644559741533,-0.0079,-0.00534842606219125,-0.08067050984805195,-0.0718116031540036,0.021656931213346876,0.0226,0.5358198413700801,0.5235402347387733,0.0,-0.09811650473739468,0.0,-0.1127,-0.2657,-0.2626,-0.2626,-0.2626,-0.3128,-0.3128,0.1186,0.3779695238647289,0.1864104167496683,0.19155910711506058
TCGA-BP-5180,0.1566175366311737,0.16795122594299167,0.1543,0.15958346330123033,-0.5086576984932908,-0.5060525155603602,0.1714300536136178,0.18608673421327268,0.16874118115991382,0.1743988868160144,-0.5260055488950746,-0.515865874590348,0.16442214625663626,0.16131426307436425,0.1517,0.1657578579143773,-0.5250524457714085,-0.5265354005667564,0.1843,-0.34161363609964335,0.1594,0.1594,0.2058801815299911,0.20646302454425777,0.0,0.16956540709679205,0.0,-0.46928704233387625,0.0,0.1534,0.1453,0.1453,0.1362,0.1362,0.1833,0.1833,0.1242,0.1242,0.152171886142046,0.14275893852514743,0.0,0.15671041500602478,0.0,0.13371069934040666,-0.5336,-0.505,-0.505,-0.505,-0.5243,-0.5243,-0.35614720917621756,0.2761658001413659,0.03992180782973971,0.23624399231162616
TCGA-BP-5181,0.0345286595214686,0.041289294233791476,0.0393,0.0393,-0.5636356480104222,0.0538,0.0506,0.05127290735133516,0.044899999999999995,0.1092385611384604,0.04309999999999999,-0.22423603220779623,0.040847737563733125,0.0364,0.04491003296587806,0.0446,0.44820000000000004,0.0371,0.0354,0.0354,0.03766313700690635,0.037263455091591735,0.03577595849707079,0.0367,0.0,0.048900000000000006,0.0,0.041,0.0,0.03882179585848375,0.034,0.034,0.0254,0.025050947037977854,-0.5566,-0.5566,0.0144,0.0144,0.0317,0.03210972123441118,0.0,0.043421153400751325,0.0,0.029466351808832,-0.5776,-0.5776,-0.5776,-0.5776,0.4482,0.4482,0.0354,0.10050479795364933,0.021547946891798186,0.07895685106185114
TCGA-BP-5183,0.07064721701553982,0.08219526931972299,0.0794,0.08666673226841706,-0.4525754408666195,0.0986,-0.4574,-0.45548596857858714,0.09700273876740018,0.34371621849533374,0.08659548057504773,0.10599950042534663,0.0885,0.0885,0.0923,0.0923,-0.4567,-0.4567,0.0815,0.0815,0.08657993955852504,0.07870767428185525,0.0851,0.0851,0.0,0.1021731842487408,0.0,-0.4628049090200494,0.0,0.0844,0.0734,0.08050047396967583,0.0674,0.0674,0.1187,0.1187,0.0525,0.0525,0.0707,0.0707,0.0,0.09009825887824459,0.0,0.0626,-0.4686,-0.4674,-0.4674,-0.4674,-0.45670000000000005,-0.4567,0.0815,0.2125999483571591,0.03150116592049471,0.18109878243666436
TCGA-BP-5184,0.017342021231310567,0.018,0.0198,0.0198,-0.4144573167984808,0.0272,0.024299999999999995,0.017894059540627533,0.0245,0.023973891881338468,0.0215,0.012367174372574771,0.018670855390289624,0.015140001134754642,0.021082390623790467,0.023500000000000004,0.021446151663876856,0.0231,0.0141,0.013723096110640565,0.0216,0.0216,0.0167,0.017753937984932334,0.0,0.024255976907414732,0.0,0.0185,0.0,0.0248,0.0193,0.0193,0.0184,0.0184,0.0382,0.0382,0.0161,0.0161,-0.30070347719161433,0.0235,0.0,0.0232,0.0,0.02423011086196547,-0.4446,-0.4446,-0.4446,-0.4446,0.0188,0.0231,0.0136,0.03775996617237965,0.0,0.03775996617237965
TCGA-BP-5186,0.0111,0.0111,0.0115,0.0115,-0.33001120125657885,0.018880774110391397,0.014093299282178678,0.0108,0.013,0.013,0.0138,0.013317417804367208,0.0298,0.028823407009155352,0.009730832248707647,0.01395806645266628,0.0127,0.016274892607804948,0.0032,0.0032,0.0127,0.0127,0.0068,0.0068,0.0,0.0132,0.0,0.01226981583930177,0.0,0.01336062075685582,0.0137,0.013665784902811619,0.0108,0.0108,0.0276,0.027599999999999996,0.0135,0.0135,0.013599999999999998,0.0136,0.0,0.015996230258588314,0.0,0.0205,-0.5135,-0.5135,-0.5135,-0.5135,0.0127,0.012700000000000001,0.0032,0.021689028146022978,0.00015989092342040635,0.02152913722260257
TCGA-BP-5187,0.0144,0.017118247893215144,0.0137,0.012446826814289458,-0.3458,-0.3458,0.0188,0.0188,0.2362,0.2359986985183823,0.0188,0.01828828207748855,0.0126,0.0126,0.0132,0.0132,-0.025,-0.025,0.0065,0.004268845101728891,0.012084226870212347,0.0039135535697224595,0.0121,0.0121,0.0,0.014697683709187268,0.0,0.0146,0.0,0.011765968687701175,0.013642986850054129,0.0129,0.0117,0.0117,0.0318,0.0318,0.0164,0.0164,0.0094,0.0094,0.0,0.0167,0.0,0.0179,-0.34579999999999994,-0.3458,-0.3458,-0.3458,-0.025,-0.025,0.0041,0.13703488689193538,0.06549132275280453,0.07154356413913086
TCGA-BP-5189,0.0463,0.0463,0.0406,0.001865189338111755,-0.3892644267470399,0.0406,0.0409,0.0409,0.0445789399912763,0.25557341463640615,0.0384,0.0384,0.034,0.034,-0.0697851416011477,0.11107645728243713,-0.4112,-0.4112,0.0354,0.03414263853781667,0.0424,0.0424,0.040448388621564975,0.04250087460202602,0.0,0.043,0.0,-0.41623537808924277,0.0,0.0521,0.052065072107103066,0.05,0.0482,0.04956641422841628,0.0624,0.0624,0.0515,0.0515,0.04849679609647436,0.06028474322762912,0.0,0.0439,0.0,0.0547,-0.434,-0.4233,-0.4233,-0.4233,-0.4112,-0.4112,0.0337,0.14605735828036104,0.03467311037915864,0.11138424790120241
TCGA-BP-5190,0.029688977852497613,0.0296,0.027,0.027374891945774273,-0.5048720108803014,0.037477058181229594,0.0331,0.0331,0.037005279645218575,0.19993530383561728,0.0301,0.0301,0.0253,0.025598562979783638,0.028799999999999996,0.028799999999999996,0.0313090192835862,0.0311,0.0242,0.0242,0.027300000000000005,0.0273,0.0284,0.0284,0.0,0.0292,0.0,-0.5518,0.0,0.0337,0.0274,0.027400000000000004,0.0292,0.0292,0.0484,0.0484,0.0281,0.0281,0.028599999999999997,0.0286,0.0,0.0334,0.0,0.032593346079937885,-0.56,-0.556,-0.556,-0.556,0.0325,0.0325,0.0242,0.08031394736331954,0.01925733701281829,0.06105661035050124
TCGA-BP-5191,0.0093,0.0089954135476174,0.006515320831199234,0.0065,-0.23916643149067504,0.007754454947670987,0.0122,0.010882124006951568,0.38256514075837916,0.3828,-0.2397,-0.2397,-0.0008,-0.0008,0.2123,0.2123,-0.23706607863307033,-0.23391758850728547,-0.002,-0.0032305951211347023,0.0015,0.0003961693689373425,0.2094,0.2094,0.0,-0.2396434424960712,0.0,-0.23526389269521134,0.0,0.011,0.007,0.00715855966780375,0.0108,0.0108,-0.2164,-0.21823110345891472,0.013299999999999998,0.0133,0.2113,0.2113,0.0,0.2041,0.0,0.0123,0.0095,-0.5449,-0.5448999999999999,-0.5449,-0.23709999999999998,-0.23709999999999998,-0.002,0.4212327138890045,0.200391879231857,0.2208408346571475
TCGA-BP-5192,0.008586118982873089,0.005312603925008045,0.0035,0.010381231112703332,-0.5630122760792743,0.0131,0.009969844705888397,-0.06936280560078598,0.0057,0.33290162844312116,0.0087,0.0087,0.0053222320754619514,0.010055053551670485,0.0062,0.006200000000000001,0.021831076532849224,0.0074,0.01174157210089681,-0.00032201206036446895,0.0036,0.0036,5.827016365699022e-05,0.023722838935323707,0.0,0.012895846120766656,0.0,0.0027582316535197044,0.0,0.010525020609068278,0.0064548217621206916,0.030277712895638798,-0.0031757783514852677,0.02025621790149761,0.0293,0.0293,0.04653450123004975,-0.007763843450141303,0.022301163992018216,0.018570280857120848,0.0,0.003861687144812103,0.0,0.0002,-0.7013,-0.7013,-0.7008,-0.7008,0.4509,0.0074,-0.0002,0.07639482919599981,0.044196574516018584,0.032198254679981234
TCGA-BP-5194,0.0132,0.0132,0.012399999999999998,0.0124,-0.48739250929180716,0.0191,0.011300000000000001,0.0113,0.015000000000000001,0.015,0.0149,0.015150424776849811,0.0085,0.0085,0.010130437986604623,0.01376865172421088,0.012,0.012,0.0057,0.0057,0.0103,0.0103,0.0069,0.2058301395098453,0.0,0.0135,0.0,0.012946455467531029,0.0,0.0084,0.007600000000000001,0.007766264583579443,0.0026,0.0025999999999999994,0.0284,0.0284,-0.0004733597920101541,0.0033,0.0093,0.0093,0.0,0.013655840141654885,0.0,0.0064,-0.5784,-0.5784,-0.5784,-0.5784,0.012,0.012000000000000002,0.005699999999999999,0.04510387052614904,0.0172553154394364,0.027848555086712638
TCGA-BP-5195,0.017209031856282957,0.018699999999999998,0.06230000000000001,0.0623,-0.341721302812997,-0.07760299439214077,0.0206,0.0206,0.0665,0.06976183631235626,0.009100000000000002,0.0091,0.0659,0.0659,-0.06477461225039009,-0.01436501461646196,-0.01925760757249821,0.0103,-0.0473,-0.0473,0.0153,0.014862172872790758,0.015299999999999998,0.015300000000000001,0.0,-0.032433091589632985,0.0,-0.16066109260203418,0.0,0.0642,0.05815981533424977,0.043000000000000003,0.0084,0.0084,0.030300000000000004,0.0303,0.0618,0.0618,0.0616,0.061599999999999995,0.0,0.0647,0.0,0.0205,-0.3427,-0.3427,-0.3427,-0.3427,-0.0233,-0.023300000000000005,-0.0473,0.06415537991847395,7.885270871051246e-05,0.06407652720976344
TCGA-BP-5196,0.05706356871941096,0.08799378781495475,0.0664,0.19330858492327202,-0.3307722507736238,0.12085411586174913,-0.13754578466689799,-0.14910170481072624,0.11201641813438103,0.10522583572846696,0.10699839326527326,0.09942164525144687,0.11067895165849559,0.10841019341655343,-0.2595587383417917,0.10895483652905878,-0.1458,-0.17819893076503365,-0.1361,-0.1361,0.09879999999999999,0.06623202116472622,0.09777069466031384,0.10189254031906975,0.0,-0.09465424656615491,0.0,-0.4161618919905362,0.0,0.10628317110222976,0.1403039622484863,0.1309,-0.12248170646149253,-0.1201,-0.1138,-0.11683732462198523,0.1191,0.1191,0.1255,0.1255,0.0,0.1107,0.0,-0.1111,-0.4365,-0.4365,-0.4365,-0.4365,-0.1458,-0.1458,-0.1361,0.09990748549532429,0.018919560474427315,0.08098792502089698
TCGA-BP-5199,0.03514725761347838,0.0509190175609581,0.011856780997577157,-0.07980836252146085,-0.5155,-0.35640771796141896,0.0492,0.0529944580577118,0.056400000000000006,0.0564,0.04344653394362385,0.055844844468333696,0.048556155814732424,0.0501,0.041922935221089426,0.04810438023575757,0.0428,0.0428,0.0321,0.030760768556951843,0.0411,0.038377949606818534,0.032061917231669984,0.04374053578438783,0.0,0.05410000000000001,0.0,0.045681418927864814,0.0,0.0385,0.0285,0.0285,0.02371828384078227,0.0261,0.0541,0.06435398914480418,0.0196,0.022309988107226977,0.0326,0.0326,0.0,0.0404,0.0,0.0207,-0.5155,-0.5155,-0.5155,-0.5155,0.0428,0.0428,0.0321,0.07654066332653335,0.0,0.07654066332653335
TCGA-BP-5200,-0.09771863704684111,-0.06718178536182252,0.1678,0.16588248858651555,-0.34346836510996326,-0.33063170330380437,-0.05705337269761716,-0.05178148037414637,0.4139860438161351,0.36923354934591684,-0.067629193856623,-0.05648686395581953,0.18800382581847289,0.18111587518546007,-0.3545,-0.3545,-0.06009238177140861,-0.09117599460844655,-0.0688,-0.0688,0.1632,0.15906244676851403,0.1687488574525098,0.16346840848338162,0.0,0.1702,0.0,-0.06591939965329575,0.0,-0.3564,0.1605219968626211,0.1309563158085789,0.1479157327144997,0.14745308638142846,-0.3223,-0.3223,0.13042915287956366,0.13718193695237607,0.1738709971449337,0.162551323312184,0.0,-0.06357083189557917,0.0,0.15498413899032515,-0.3509,-0.3884,-0.3884,-0.3884,-0.0552,-0.0552,-0.0688,0.2460133676782355,0.06551803046168415,0.18049533721655134
TCGA-CJ-4637,0.012408177669781617,0.18773590579451802,0.0301,0.030100000000000002,-0.1592027517810558,0.04344036736232614,0.029382115542964916,0.007185113809455596,0.0349,0.07550507935718707,0.03306317692626234,-0.030889855440024663,0.1005339773902038,0.031544099803519784,-0.06267827643249531,0.02610847839593131,0.048626405253328175,0.03232808325868335,0.0292496182947463,-0.015434224090351006,0.03365527393954771,0.032464162683632475,0.030599999999999995,0.031238446903043386,0.0,-0.0108,0.0,-0.19862424301363,0.0,0.0776355178617487,0.0316,0.03197039583164534,0.025700000000000004,0.07360396828259018,-0.0944,-0.0944,0.025499999999999995,0.0255,-0.04588074640070825,0.0385,0.0,0.0334,0.0,-0.0534141444170645,-0.1783,-0.1989,-0.1989,-0.1989,0.0628,0.0317,0.0316,0.05234409387715639,0.03864664473430054,0.013697449142855854
TCGA-CJ-4641,0.0030666618490690456,0.08514770495015957,0.021036628652620154,0.020607063371142237,-0.2054997180021567,0.03321100870780466,0.02,0.01693830635833697,0.020883867401128794,0.11473131473384629,0.0165,0.0165,0.0254,0.0254,0.018821903383462953,0.029220462172719997,0.08209404111287624,-0.021985194379994705,0.015660292376579753,0.0178,0.0221,0.021612188995695582,0.01912440216695326,0.023199999999999995,0.0,0.0166,0.0,-0.21793532986137404,0.0,0.028904980943411065,0.0302,0.0302,0.030600000000000002,0.0306,-0.028861898151906436,0.00823019705563278,0.028,0.028,0.0312,0.03295764719255617,0.0,0.0203,0.0,0.0368,-0.22240000000000001,-0.2224,-0.2224,-0.2224,0.0973,0.09730000000000001,0.0178,0.08220004605764533,0.019961469754801696,0.062238576302843636
TCGA-CJ-4900,0.022545007441319206,0.081,0.0348,0.04369407987401898,-0.3493,0.09419679473732218,0.0184,0.0184,-0.0191,0.12516695239622008,-0.004600000000000001,-0.010947926177560324,0.0023,0.0023,-0.003143549810348773,0.0005306992765281326,-0.1612546517718549,-0.2834,0.014885263244943641,0.009883893317417052,0.0243,0.0243,0.0162,0.016582466347778695,0.0,0.0041,0.0,-0.12212292454818269,0.0,0.0389,0.037,0.03689715835020878,-0.06449907014545411,0.0652376322021011,0.0549,0.057051210174587835,0.022,0.022,-0.037,0.02560807869474938,0.0,0.0659138198062592,0.0,0.0449,-0.34929999999999994,-0.3493,-0.3493,-0.3493,-0.208,-0.3593,0.0093,0.10071309314871894,0.01939185744460259,0.08132123570411635
TCGA-CJ-4902,-0.007,-0.007,0.0345,-0.10263210133771765,-0.30505178482617484,0.008992464279924525,-0.0068,-0.0068,0.0277,0.16741079318596352,-0.0077,-0.007207361498816499,0.0178,0.0178,-0.006499999999999999,-0.007509923204060419,-0.0441,-0.0441,0.0174,0.019423141688167875,0.020199999999999996,0.0202,0.024509224146491596,-0.0077458047850744735,0.0,0.0334,0.0,-0.0118,0.0,-0.006,0.042348324793171445,0.0454,0.0167,0.020837094960250713,0.042,0.04501027471996779,0.0235,0.0235,0.1193,0.11930000000000002,0.0,0.0212,0.0,0.014988864460184425,-0.311,-0.3061,-0.3061,-0.3061,-0.0441,-0.0441,0.0221,0.08261002775366301,0.024923398269926712,0.0576866294837363
TCGA-CJ-4903,-0.12038354416039754,0.004255376811603834,0.21890000000000004,0.21956113404768876,-0.33246993297268773,-0.14597386990299188,-0.2828022011873527,-0.2740559921007385,0.2567,0.2567,-0.031164842275881545,-0.01107828451721977,0.2477,0.2477,-0.356,-0.28735923059909124,0.0002,0.0002,-0.0004575875775987224,-0.007400000000000001,-0.011281749573078316,-0.01,0.2305,0.2282685418659889,0.0,-0.006716033725072316,0.0,-0.32382167175783266,0.0,-0.0017425438814205054,0.2094,0.21340879457731424,-0.0116,-0.0116,0.0098,0.021212209398624966,-0.0171,-0.0171,0.2364,0.2364,0.0,-0.2931156634243224,0.0,0.2131,-0.34670000000000006,-0.3291,-0.3291,-0.3291,0.0002,0.0002,-0.0074,0.5545674442537283,0.32553036180866357,0.22903708244506468
TCGA-CJ-4904,-0.05844712985686498,0.0332,0.0291,0.0291,-0.37905817002914133,-0.2905329388964588,0.030300000000000004,0.0303,0.3413,0.3413,-0.0592,-0.0592,0.0291,0.029099999999999997,-0.14254476563924387,-0.06072446145781175,0.019914929732625274,-0.0641624560890845,-0.0242,-0.0242,0.0285,0.028499999999999998,0.0315,0.0315,0.0,0.0307,0.0,-0.034844489241383184,0.0,0.0324,0.0299,0.0299,0.029800000000000004,0.03047387229433617,0.04547647189015951,0.0471,0.0288,0.0288,0.0306,0.0306,0.0,-0.03208823928387981,0.0,0.03174408576530784,-0.3836,-0.3772,-0.3772,-0.3772,0.0314,0.0314,-0.0242,0.1366798457462429,0.06549391370756369,0.0711859320386792
TCGA-CJ-4923,0.0031477034636058225,0.21783510485703872,-0.0003,-0.0003,-0.1630729990379918,0.0052,-0.023099999999999996,-0.06573815608667254,-0.0041,0.15752286268763777,-0.0016000000000000003,-0.0016,0.0049387939782571735,0.0048,-0.024581798457714778,0.1287831947675485,-0.0057821997882464594,-0.037197489241151974,-0.0129,-0.1385989834572106,-0.0044078541570723734,-0.0034,0.08985793519386295,0.0895,0.0,-0.0010503066949554768,0.0,-0.21899882717240307,0.0,-0.006272077670978243,0.061123153274577166,-0.03474239496484316,0.0067,0.0067,0.0169,0.016258324921221895,0.0008,0.0008,0.0087,0.008965132478535297,0.0,-0.09364468207539431,0.0,0.0117,-0.2881,-0.2881,-0.2775,-0.2775,0.0036,-0.3296,-0.22540000000000002,0.17133985784698588,0.09493140850707019,0.0764084493399157
TCGA-CJ-6027,0.05917954239488409,0.2177,0.1244,0.02472533260259027,-0.35870496548076425,-0.2651369269541005,0.1331,0.1331,0.20370000000000002,0.2037,-0.3672,-0.36719999999999997,0.1277,0.1277,-0.37400488125975273,0.027916531147708798,-0.3697,-0.37172171836239937,0.09412324273726055,0.0936,0.1078,0.113156051999518,0.1227,0.1227,0.0,0.03599195423177976,0.0,-0.23777754958539585,0.0,0.088,0.08545894151518645,0.08890157789605638,0.1045,0.2467371413324576,-0.3579,-0.3579,0.09095093862005818,0.09806827601189931,0.1145,0.1145,0.0,0.47884719194027026,0.0,0.1077,-0.3593,-0.3593,-0.3593,-0.3593,-0.3697,-0.3697,0.09360000000000002,0.44232448355291687,0.16304476822642863,0.27927971532648826
TCGA-CJ-6028,-0.04069218469016756,0.0464,0.07828743494680476,0.07626366956800239,-0.2822529677233666,0.1037,-0.07271935260970089,-0.07838834737677819,0.14151724643727331,0.23630652246401065,-0.12027041319211157,-0.12,0.22896954591623356,0.20765901922508376,-0.09067387597032046,-0.037122584982648046,-0.1217,-0.1217,-0.0752,-0.0752,0.045,0.045,0.09279096427988913,0.08895676554422088,0.0,-0.1174,0.0,0.16457142318336196,0.0,-0.1055,0.10162460129371235,0.08300983192929429,-0.0672,-0.0672,-0.10346350455024586,-0.11760862994845765,0.14177011242136422,0.1763,0.0627,0.06056251149037297,0.0,-0.1077,0.0,-0.11124690056395597,-0.3196,-0.3196,-0.3196,-0.3196,-0.1217,-0.1217,-0.0752,0.11733982956359296,0.08718451482846247,0.030155314735130497
TCGA-CJ-6030,-0.002901888643001615,0.0883,0.07210371379799382,0.06019684294471249,-0.3522998871408238,0.08129999999999998,-0.35850000000000004,0.0802,0.1121,0.1121,0.07134275178770287,0.07401251433372082,0.1165052457269162,0.121,-0.29625215931744003,-0.24371589268017815,-0.33387596711531453,-0.3345,0.069,0.07164262150369614,0.0762,0.0762,0.07527510431651184,0.0737,0.0,0.0640707883809281,0.0,-0.3411,0.0,0.05527883350493025,0.0889,0.0889,0.0797,0.07969999999999998,0.06049999999999999,0.0605,0.0823,0.0823,0.08662353109944752,0.0874,0.0,0.07395874716461572,0.0,0.0848,-0.3571,-0.3571,-0.35710000000000003,-0.3571,-0.3333,-0.3333,0.0714,0.19261680421276028,0.0002822347780136752,0.1923345694347466
TCGA-CJ-6033,0.056444141881430945,0.115,0.06591032498222775,0.056209217891119885,-0.3793025032316058,0.20919471382342872,0.04023979021356067,0.027997476321019454,0.05906199258399043,0.27069738947701594,0.043,0.04368590561624316,0.05295095548123508,0.05386867513542492,-0.522,0.18739473131393813,-0.2433,-0.243834630238724,0.0687,-0.10191236646601469,-0.013598780954736395,-0.0138,0.05235502009785869,0.05616443339032054,0.0,0.03956766963108302,0.0,-0.2526,0.0,-0.0008999999999999999,0.08313479108329752,0.0828,0.07312113306359867,0.0652314291000771,0.0052,-0.002011499605366231,0.07343670272247066,0.0731,0.07150378929419554,0.0779,0.0,0.06104930249980945,0.0,0.0779,-0.4241,-0.4112,-0.4112,-0.4112,-0.24330000000000002,-0.2433,-0.14202749073247908,0.2150866550563442,0.08760784549041346,0.12747880956593075
TCGA-CZ-4859,-0.014698309148362208,0.32186995657597195,0.44448751439689077,0.2996728372021633,-0.7711748545410594,0.0159,0.00992283936957473,0.01799947786338637,0.0006,0.07050665882387942,-0.017822512825853818,-0.6191927623522111,-0.0036871487453122315,-0.007825390060471624,-0.0152,0.0008617084554966727,-0.0008,-0.011003984095526467,-0.015100000000000002,-0.01586445704742322,-0.009149482819169726,-0.013403615315883665,-0.006508382358228024,-0.0031477708915072546,0.0,0.004150211439189852,0.0,-0.0105,0.0,-0.026,0.4372,0.4524509871917295,-0.0328,-0.0328,0.0098,0.009800000000000001,-0.0418,-0.0418,-0.0337,-0.03353388221513064,0.0,-0.0023,0.0,-0.0401,-0.8009,-0.768,-0.768,-0.768,-0.0008,-0.0008,-0.0151,0.20212093845306453,0.13585690176278112,0.0662640366902834
TCGA-CZ-4863,-0.03273091941512982,0.0326,0.0393,0.0393,-0.13333916895667375,0.0323,0.0295,0.0295,0.0475,0.13721299936700612,0.0357,0.03118612708557911,0.025,0.025,-0.1271277157790436,0.0304,0.0425,0.0425,0.0279,0.0279,0.0336,0.0336,0.03292014218198554,0.031,0.0,-0.04784539250145801,0.0,-0.22432444920516367,0.0,0.0407,0.0359,0.0335315383945892,0.0407,0.0407,0.0587,-0.08960742552184682,0.0375,0.0375,0.0377,0.0377,0.0,0.0371,0.0,0.0488,-0.2298,-0.22980000000000003,-0.2298,-0.22979999999999998,0.0425,0.0425,0.0279,0.09305237951436043,0.01924561266716339,0.07380676684719704
TCGA-CZ-4865,0.031107503883967484,0.0366,0.0441,0.0441,-0.28058242891182866,0.0383,0.0412,0.04185906811108763,0.0463,0.0463,0.03531598952573085,0.008655420794699848,0.03719999999999999,0.0372,-0.2903,-0.09335454180790685,0.03561230003833224,0.0372,0.0308,0.030618022829518556,0.0349,0.0349,0.0341,0.0341,0.0,0.0369,0.0,0.13887100859596038,0.0,0.0293,0.0328,0.0328,0.025,0.025,0.0515,0.0515,0.025499999999999995,0.0255,0.0323,0.05047401172677293,0.0,0.03,0.0,0.0305,-0.2889,-0.2889,-0.291,-0.291,0.0356,0.0356,0.0308,0.0747128652257705,0.012214078963575207,0.062498786262195294
TCGA-CZ-5451,0.001379631540854337,0.0028,0.0383,0.03978116757946173,-0.5307,-0.5307,0.0301,0.0301,0.4264,0.4264,0.0149,0.0149,0.029166862322489894,0.029136421702338145,-0.01812559062823097,-0.004363301773343879,0.0194,0.0194,0.014899999999999998,0.0149,0.0275,0.0275,0.0179,0.0179,0.0,0.0344,0.0,-0.0229,0.0,0.0276,0.0261,0.0255220253104672,0.0246,0.024600000000000004,0.0336,0.0336,0.0193,0.0193,0.0282,0.0282,0.0,0.0206,0.0,0.0259,-0.5307,-0.5307,-0.5307,-0.5307,0.0194,0.0194,0.0149,0.13671789590384112,0.06549346646635382,0.07122442943748729
TCGA-CZ-5462,-0.26631039993984323,0.0612,0.0571,0.05543833397285042,-0.3022361194891037,-0.11794536513550305,0.0552,0.0552,0.04900197368215066,0.24564192373004007,0.059499306011893995,-0.14055869626095127,0.0478,0.0478,-0.3052,0.3333,-0.14549793845658218,-0.2871,0.0505,0.050499999999999996,0.04904546094066746,0.0512,0.053,0.053,0.0,0.03560308632860736,0.0,-0.28661403278285763,0.0,0.06230000000000001,0.05909999999999999,0.0591,0.06,0.06153487758116729,0.0746,0.07104404004173824,0.0651,0.0651,0.057,0.057,0.0,0.0562,0.0,0.0684,-0.3004,-0.3007,-0.3007,-0.3007,-0.2983,-0.2871,0.050499999999999996,0.26442210092440366,0.057364931080551906,0.20705716984385172
TCGA-CZ-5468,-0.0367,-0.03623266858578774,0.033333319392825314,-0.07317068178540041,-0.3073,0.07986132551948466,-0.03803614565961813,-0.042011885000271865,0.1635919218059259,0.1373770020674261,-0.3107,-0.10761403145507738,0.3877508595407257,0.6557812373725418,-0.29801998491741716,0.44259203002788244,-0.12799060255541933,0.1478,-0.043568000687058704,-0.11016722972871555,0.1788,-0.13387588068728773,0.17600106357596268,0.1757,0.0,-0.2834,0.0,-0.302601385378328,0.0,-0.034613194822818924,-0.0367,-0.0367,-0.3071,0.10959616710702301,-0.2699,-0.2699,-0.064359803060858,-0.06478312296233521,0.4497,0.45312890964891517,0.0,0.3427467384504353,0.0,-0.2971756241045217,-0.3073,-0.3073,-0.3073,-0.3073,0.532,-0.9902,-0.4580192793489468,0.43803792650024154,0.15939681242911605,0.2786411140711255
TCGA-CZ-5984,-0.010494618739445252,-0.0038346547789523426,0.17962239812831104,-0.0086,-0.555908549745455,0.2653,-0.05230410695635417,-0.043874771829559754,0.3065462213026152,0.5192631060567566,-0.33640512411821505,-0.31485710121097893,0.24751905111480532,0.2407075113278278,-0.0485,0.02002447060591163,-0.3250241404192398,-0.3297789361895442,0.0284,0.026472619041908535,-0.013840486595612473,-0.017414072722306544,0.24839999999999998,0.24840000000000004,0.0,-0.19778480200572146,0.0,-0.32695538846298705,0.0,-0.32559001189545134,0.23195765709384225,0.23951495572598255,-0.0299,-0.0299,-0.1166,-0.1166,0.19506182610551182,0.20737643573118691,0.2592381121443565,0.2457974659212399,0.0,-0.010385974937573778,0.0,0.18759999999999996,-0.41429999999999995,-0.7482,-0.7566,-0.7566,-0.322,-0.322,0.0284,0.519855014505417,0.3004504132225767,0.21940460128284037
TCGA-CZ-5985,0.07400112074013838,0.0798,0.0981,-0.030461944829996722,-0.39602533227915593,-0.11525737196142344,0.09756328912317076,0.0982,0.09620000000000001,0.28487629028399825,0.09156667942407892,-0.24123990288207914,0.09039999999999998,0.09039999999999998,0.0775,0.0955068370087776,-0.3997511618087547,-0.4053472743938444,0.0898046506035763,0.09436004547788415,0.0859,0.00524050445980504,0.09959260379440343,0.0944081084544147,0.0,0.09330000000000001,0.0,-0.4036561834703604,0.0,0.0918,0.0906,0.09059999999999999,0.0803,0.0803,-0.2708,-0.2708,0.0652,0.0652,0.0863,0.0863,0.0,0.0924,0.0,0.0809,-0.4197000000000001,-0.3913,-0.3913,-0.3913,-0.3995,-0.3995,0.0968,0.23082783272514365,0.025958347716380902,0.20486948500876276
TCGA-CZ-5988,0.03997838847043238,0.0437,0.0555,-0.0649669169746177,-0.3462105247593743,0.0503,0.0475,0.0481595510022949,0.0456871308368241,0.04955435135712355,0.04178574095161679,0.04894637689206218,0.046099999999999995,0.4604485250551301,-0.4038419290351714,-0.39200657545804735,0.051038496381933834,0.042126343345496226,0.0452,0.0452,0.05011216713050379,0.04678536941053272,0.0441,0.04409999999999999,0.0,0.04870000000000001,0.0,0.0465,0.0,0.0462,0.0455,0.04398687660258842,0.02247706834622612,0.0281065959571053,-0.3763,-0.3763,0.0048,0.016311268298471793,0.04985236404298778,0.03912946885113863,0.0,0.0435,0.0,0.037597949121645186,-0.3981,-0.3981,-0.3981,-0.3981,0.059899999999999995,0.0434,0.04519999999999999,0.15644307361204518,0.031618543258925685,0.1248245303531195
TCGA-G6-A5PC,0.0207515708222622,0.2708564634107532,0.008,0.008,-0.33617845236437277,0.0156,0.011031997355817778,0.0136,0.0104,0.21386651482809488,0.009299999999999998,0.0093,0.0108,0.0108,0.0121,0.0121,-0.23068018413415986,0.0068020042972636125,0.0127,0.012517760667392002,0.0093,0.010617711411968498,0.0106,0.0106,0.0,0.0105,0.0,-0.5016516154999511,0.0,0.013485325342854815,0.0162,0.014654224569421262,0.0109,0.0109,0.0092,0.011809171570659503,0.0094,0.009400000000000002,0.0112,0.00969522807446897,0.0,0.01604365664410674,0.0,-0.010799999999999999,-0.5063,-0.5063,-0.5063,-0.5063,-0.3061,-0.3061,0.0127,0.1378499882836643,0.0726812836509939,0.06516870463267038
TCGA-G6-A8L7,0.05854114872137195,0.06843466130331004,0.0611,0.067661678982757,-0.1770411834095863,0.0777,-0.3747538428143014,0.0809,0.06577490430183872,0.07008758825840668,-0.3831694786003672,-0.36637374540678336,0.3975801076205509,0.3882471797984526,0.06310218162772982,0.07452730885213338,-0.3709,-0.37831326076935673,0.0631,0.0631,0.063742304831225,-0.013767959412328038,0.0718,0.0718,0.0,-0.36424009877986846,0.0,0.06706387170835791,0.0,0.01095682999764729,0.0477,0.05396137230383745,-0.39959999999999996,0.33600898451185635,0.073,0.073,0.0312,0.031199999999999995,0.05755152467121456,0.04653126486282306,0.0,0.0659102361994996,0.0,0.0452,-0.40829999999999994,-0.3724,-0.3724,-0.3724,-0.3709,-0.3709,0.0631,0.27791725853142096,0.07794158195735457,0.19997567657406637
