feature,group_a,group_b,n_a,n_b,frequency_a,frequency_b,frequency_difference,odds_ratio,ci_low,ci_high,fisher_p,p_adjusted_holm
chr1p::loss,STATE_A,STATE_B,17,14,0.058823529411764705,0.21428571428571427,-0.15546218487394958,0.2987013,0.03823807,2.33334153,0.30411568,1.0
chr1p::loss,STATE_A,STATE_C,17,14,0.058823529411764705,0.07142857142857142,-0.01260504201680672,0.81818182,0.07612046,8.79423836,1.0,1.0
chr1p::loss,STATE_A,STATE_D,17,24,0.058823529411764705,0.041666666666666664,0.01715686274509804,1.42424242,0.1359465,14.92106399,1.0,1.0
chr1p::loss,STATE_B,STATE_C,14,14,0.21428571428571427,0.07142857142857142,0.14285714285714285,2.73913043,0.34627621,21.66719895,0.59555556,1.0
chr1p::loss,STATE_B,STATE_D,14,24,0.21428571428571427,0.041666666666666664,0.17261904761904762,4.76811594,0.6208147,36.62112004,0.13191086,1.0
chr1p::loss,STATE_C,STATE_D,14,24,0.07142857142857142,0.041666666666666664,0.02976190476190476,1.74074074,0.16434133,18.43832182,1.0,1.0
chr1p::gain,STATE_A,STATE_B,17,14,0.0,0.0,0.0,0.82857143,0.01546206,44.40097205,1.0,1.0
chr1p::gain,STATE_A,STATE_C,17,14,0.0,0.0,0.0,0.82857143,0.01546206,44.40097205,1.0,1.0
chr1p::gain,STATE_A,STATE_D,17,24,0.0,0.0,0.0,1.4,0.02648339,74.00864446,1.0,1.0
chr1p::gain,STATE_B,STATE_C,14,14,0.0,0.0,0.0,1.0,0.01855505,53.89368994,1.0,1.0
chr1p::gain,STATE_B,STATE_D,14,24,0.0,0.0,0.0,1.68965517,0.03178043,89.83309577,1.0,1.0
chr1p::gain,STATE_C,STATE_D,14,24,0.0,0.0,0.0,1.68965517,0.03178043,89.83309577,1.0,1.0
chr1q::loss,STATE_A,STATE_B,17,14,0.0,0.21428571428571427,-0.21428571428571427,0.09387755,0.00442279,1.99263221,0.08097887,0.48587322
chr1q::loss,STATE_A,STATE_C,17,14,0.0,0.0,0.0,0.82857143,0.01546206,44.40097205,1.0,1.0
chr1q::loss,STATE_A,STATE_D,17,24,0.0,0.0,0.0,1.4,0.02648339,74.00864446,1.0,1.0
chr1q::loss,STATE_B,STATE_C,14,14,0.21428571428571427,0.0,0.21428571428571427,8.82608696,0.41274202,188.73729273,0.22222222,1.0
chr1q::loss,STATE_B,STATE_D,14,24,0.21428571428571427,0.0,0.21428571428571427,14.91304348,0.70984933,313.30432773,0.04314841,1.0
chr1q::loss,STATE_C,STATE_D,14,24,0.0,0.0,0.0,1.68965517,0.03178043,89.83309577,1.0,1.0
chr1q::gain,STATE_A,STATE_B,17,14,0.0,0.0,0.0,0.82857143,0.01546206,44.40097205,1.0,1.0
chr1q::gain,STATE_A,STATE_C,17,14,0.0,0.07142857142857142,-0.07142857142857142,0.25714286,0.00969068,6.82330589,0.4516129,1.0
chr1q::gain,STATE_A,STATE_D,17,24,0.0,0.16666666666666666,-0.16666666666666666,0.13015873,0.0065413,2.5898987,0.12842895,1.0
chr1q::gain,STATE_B,STATE_C,14,14,0.0,0.07142857142857142,-0.07142857142857142,0.31034483,0.011615,8.29220337,1.0,1.0
chr1q::gain,STATE_B,STATE_D,14,24,0.0,0.16666666666666666,-0.16666666666666666,0.15708812,0.00783502,3.14953486,0.27586534,1.0
chr1q::gain,STATE_C,STATE_D,14,24,0.07142857142857142,0.16666666666666666,-0.09523809523809523,0.50617284,0.07048523,3.63495926,0.63305721,1.0
chr2p::loss,STATE_A,STATE_B,17,14,0.0,0.14285714285714285,-0.14285714285714285,0.14285714,0.00629576,3.24157221,0.19569892,1.0
chr2p::loss,STATE_A,STATE_C,17,14,0.0,0.0,0.0,0.82857143,0.01546206,44.40097205,1.0,1.0
chr2p::loss,STATE_A,STATE_D,17,24,0.0,0.0,0.0,1.4,0.02648339,74.00864446,1.0,1.0
chr2p::loss,STATE_B,STATE_C,14,14,0.14285714285714285,0.0,0.14285714285714285,5.8,0.25375751,132.56750642,0.48148148,1.0
chr2p::loss,STATE_B,STATE_D,14,24,0.14285714285714285,0.0,0.14285714285714285,9.8,0.43625643,220.14575271,0.12944523,1.0
chr2p::loss,STATE_C,STATE_D,14,24,0.0,0.0,0.0,1.68965517,0.03178043,89.83309577,1.0,1.0
chr2p::gain,STATE_A,STATE_B,17,14,0.0,0.0,0.0,0.82857143,0.01546206,44.40097205,1.0,1.0
chr2p::gain,STATE_A,STATE_C,17,14,0.0,0.07142857142857142,-0.07142857142857142,0.25714286,0.00969068,6.82330589,0.4516129,1.0
chr2p::gain,STATE_A,STATE_D,17,24,0.0,0.125,-0.125,0.1755102,0.00848255,3.63143615,0.25365854,1.0
chr2p::gain,STATE_B,STATE_C,14,14,0.0,0.07142857142857142,-0.07142857142857142,0.31034483,0.011615,8.29220337,1.0,1.0
chr2p::gain,STATE_B,STATE_D,14,24,0.0,0.125,-0.125,0.21182266,0.0101612,4.41570132,0.28307255,1.0
chr2p::gain,STATE_C,STATE_D,14,24,0.07142857142857142,0.125,-0.053571428571428575,0.68253968,0.08961944,5.19820733,1.0,1.0
chr2q::loss,STATE_A,STATE_B,17,14,0.0,0.14285714285714285,-0.14285714285714285,0.14285714,0.00629576,3.24157221,0.19569892,1.0
chr2q::loss,STATE_A,STATE_C,17,14,0.0,0.0,0.0,0.82857143,0.01546206,44.40097205,1.0,1.0
chr2q::loss,STATE_A,STATE_D,17,24,0.0,0.0,0.0,1.4,0.02648339,74.00864446,1.0,1.0
chr2q::loss,STATE_B,STATE_C,14,14,0.14285714285714285,0.0,0.14285714285714285,5.8,0.25375751,132.56750642,0.48148148,1.0
chr2q::loss,STATE_B,STATE_D,14,24,0.14285714285714285,0.0,0.14285714285714285,9.8,0.43625643,220.14575271,0.12944523,1.0
chr2q::loss,STATE_C,STATE_D,14,24,0.0,0.0,0.0,1.68965517,0.03178043,89.83309577,1.0,1.0
chr2q::gain,STATE_A,STATE_B,17,14,0.0,0.0,0.0,0.82857143,0.01546206,44.40097205,1.0,1.0
chr2q::gain,STATE_A,STATE_C,17,14,0.0,0.0,0.0,0.82857143,0.01546206,44.40097205,1.0,1.0
chr2q::gain,STATE_A,STATE_D,17,24,0.0,0.125,-0.125,0.1755102,0.00848255,3.63143615,0.25365854,1.0
chr2q::gain,STATE_B,STATE_C,14,14,0.0,0.0,0.0,1.0,0.01855505,53.89368994,1.0,1.0
chr2q::gain,STATE_B,STATE_D,14,24,0.0,0.125,-0.125,0.21182266,0.0101612,4.41570132,0.28307255,1.0
chr2q::gain,STATE_C,STATE_D,14,24,0.0,0.125,-0.125,0.21182266,0.0101612,4.41570132,0.28307255,1.0
chr3p::loss,STATE_A,STATE_B,17,14,0.9411764705882353,0.42857142857142855,0.5126050420168067,14.38461538,2.02864688,101.99762281,0.00383744,0.02302464
chr3p::loss,STATE_A,STATE_C,17,14,0.9411764705882353,0.7857142857142857,0.15546218487394958,3.34782609,0.42856992,26.15195077,0.30411568,1.0
chr3p::loss,STATE_A,STATE_D,17,24,0.9411764705882353,0.8333333333333334,0.10784313725490191,2.41463415,0.34069712,17.11331786,0.38224548,1.0
chr3p::loss,STATE_B,STATE_C,14,14,0.42857142857142855,0.7857142857142857,-0.35714285714285715,0.23273657,0.04827021,1.12214788,0.12011187,1.0
chr3p::loss,STATE_B,STATE_D,14,24,0.42857142857142855,0.8333333333333334,-0.4047619047619048,0.16786227,0.03962733,0.71106833,0.01438653,1.0
chr3p::loss,STATE_C,STATE_D,14,24,0.7857142857142857,0.8333333333333334,-0.04761904761904767,0.72125436,0.14967978,3.47547165,1.0,1.0
chr3p::gain,STATE_A,STATE_B,17,14,0.0,0.14285714285714285,-0.14285714285714285,0.14285714,0.00629576,3.24157221,0.19569892,1.0
chr3p::gain,STATE_A,STATE_C,17,14,0.0,0.0,0.0,0.82857143,0.01546206,44.40097205,1.0,1.0
chr3p::gain,STATE_A,STATE_D,17,24,0.0,0.0,0.0,1.4,0.02648339,74.00864446,1.0,1.0
chr3p::gain,STATE_B,STATE_C,14,14,0.14285714285714285,0.0,0.14285714285714285,5.8,0.25375751,132.56750642,0.48148148,1.0
chr3p::gain,STATE_B,STATE_D,14,24,0.14285714285714285,0.0,0.14285714285714285,9.8,0.43625643,220.14575271,0.12944523,1.0
chr3p::gain,STATE_C,STATE_D,14,24,0.0,0.0,0.0,1.68965517,0.03178043,89.83309577,1.0,1.0
chr3q::loss,STATE_A,STATE_B,17,14,0.23529411764705882,0.14285714285714285,0.09243697478991597,1.66666667,0.2963883,9.37208994,0.663824,1.0
chr3q::loss,STATE_A,STATE_C,17,14,0.23529411764705882,0.0,0.23529411764705882,9.66666667,0.47441142,196.96921579,0.10745273,1.0
chr3q::loss,STATE_A,STATE_D,17,24,0.23529411764705882,0.16666666666666666,0.06862745098039216,1.51851852,0.34696819,6.6458499,0.69750653,1.0
chr3q::loss,STATE_B,STATE_C,14,14,0.14285714285714285,0.0,0.14285714285714285,5.8,0.25375751,132.56750642,0.48148148,1.0
chr3q::loss,STATE_B,STATE_D,14,24,0.14285714285714285,0.16666666666666666,-0.023809523809523808,0.91111111,0.16668749,4.98011838,1.0,1.0
chr3q::loss,STATE_C,STATE_D,14,24,0.0,0.16666666666666666,-0.16666666666666666,0.15708812,0.00783502,3.14953486,0.27586534,1.0
chr3q::gain,STATE_A,STATE_B,17,14,0.0,0.14285714285714285,-0.14285714285714285,0.14285714,0.00629576,3.24157221,0.19569892,1.0
chr3q::gain,STATE_A,STATE_C,17,14,0.0,0.0,0.0,0.82857143,0.01546206,44.40097205,1.0,1.0
chr3q::gain,STATE_A,STATE_D,17,24,0.0,0.041666666666666664,-0.041666666666666664,0.44761905,0.01718428,11.65965919,1.0,1.0
chr3q::gain,STATE_B,STATE_C,14,14,0.14285714285714285,0.0,0.14285714285714285,5.8,0.25375751,132.56750642,0.48148148,1.0
chr3q::gain,STATE_B,STATE_D,14,24,0.14285714285714285,0.041666666666666664,0.10119047619047619,3.13333333,0.36960914,26.56259461,0.54196302,1.0
chr3q::gain,STATE_C,STATE_D,14,24,0.0,0.041666666666666664,-0.041666666666666664,0.54022989,0.02059583,14.17026576,1.0,1.0
chr4p::loss,STATE_A,STATE_B,17,14,0.0,0.07142857142857142,-0.07142857142857142,0.25714286,0.00969068,6.82330589,0.4516129,1.0
chr4p::loss,STATE_A,STATE_C,17,14,0.0,0.0,0.0,0.82857143,0.01546206,44.40097205,1.0,1.0
chr4p::loss,STATE_A,STATE_D,17,24,0.0,0.125,-0.125,0.1755102,0.00848255,3.63143615,0.25365854,1.0
chr4p::loss,STATE_B,STATE_C,14,14,0.07142857142857142,0.0,0.07142857142857142,3.22222222,0.12059521,86.09559299,1.0,1.0
chr4p::loss,STATE_B,STATE_D,14,24,0.07142857142857142,0.125,-0.053571428571428575,0.68253968,0.08961944,5.19820733,1.0,1.0
chr4p::loss,STATE_C,STATE_D,14,24,0.0,0.125,-0.125,0.21182266,0.0101612,4.41570132,0.28307255,1.0
chr4p::gain,STATE_A,STATE_B,17,14,0.0,0.14285714285714285,-0.14285714285714285,0.14285714,0.00629576,3.24157221,0.19569892,1.0
chr4p::gain,STATE_A,STATE_C,17,14,0.0,0.0,0.0,0.82857143,0.01546206,44.40097205,1.0,1.0
chr4p::gain,STATE_A,STATE_D,17,24,0.0,0.0,0.0,1.4,0.02648339,74.00864446,1.0,1.0
chr4p::gain,STATE_B,STATE_C,14,14,0.14285714285714285,0.0,0.14285714285714285,5.8,0.25375751,132.56750642,0.48148148,1.0
chr4p::gain,STATE_B,STATE_D,14,24,0.14285714285714285,0.0,0.14285714285714285,9.8,0.43625643,220.14575271,0.12944523,1.0
chr4p::gain,STATE_C,STATE_D,14,24,0.0,0.0,0.0,1.68965517,0.03178043,89.83309577,1.0,1.0
chr4q::loss,STATE_A,STATE_B,17,14,0.0,0.07142857142857142,-0.07142857142857142,0.25714286,0.00969068,6.82330589,0.4516129,1.0
chr4q::loss,STATE_A,STATE_C,17,14,0.0,0.0,0.0,0.82857143,0.01546206,44.40097205,1.0,1.0
chr4q::loss,STATE_A,STATE_D,17,24,0.0,0.08333333333333333,-0.08333333333333333,0.25714286,0.0115839,5.70813464,0.50243902,1.0
chr4q::loss,STATE_B,STATE_C,14,14,0.07142857142857142,0.0,0.07142857142857142,3.22222222,0.12059521,86.09559299,1.0,1.0
chr4q::loss,STATE_B,STATE_D,14,24,0.07142857142857142,0.08333333333333333,-0.011904761904761904,1.0,0.11838921,8.44671604,1.0,1.0
chr4q::loss,STATE_C,STATE_D,14,24,0.0,0.08333333333333333,-0.08333333333333333,0.31034483,0.01387865,6.93971924,0.52204836,1.0
chr4q::gain,STATE_A,STATE_B,17,14,0.0,0.14285714285714285,-0.14285714285714285,0.14285714,0.00629576,3.24157221,0.19569892,1.0
chr4q::gain,STATE_A,STATE_C,17,14,0.0,0.0,0.0,0.82857143,0.01546206,44.40097205,1.0,1.0
chr4q::gain,STATE_A,STATE_D,17,24,0.0,0.0,0.0,1.4,0.02648339,74.00864446,1.0,1.0
chr4q::gain,STATE_B,STATE_C,14,14,0.14285714285714285,0.0,0.14285714285714285,5.8,0.25375751,132.56750642,0.48148148,1.0
chr4q::gain,STATE_B,STATE_D,14,24,0.14285714285714285,0.0,0.14285714285714285,9.8,0.43625643,220.14575271,0.12944523,1.0
chr4q::gain,STATE_C,STATE_D,14,24,0.0,0.0,0.0,1.68965517,0.03178043,89.83309577,1.0,1.0
chr5p::loss,STATE_A,STATE_B,17,14,0.0,0.0,0.0,0.82857143,0.01546206,44.40097205,1.0,1.0
chr5p::loss,STATE_A,STATE_C,17,14,0.0,0.0,0.0,0.82857143,0.01546206,44.40097205,1.0,1.0
chr5p::loss,STATE_A,STATE_D,17,24,0.0,0.0,0.0,1.4,0.02648339,74.00864446,1.0,1.0
chr5p::loss,STATE_B,STATE_C,14,14,0.0,0.0,0.0,1.0,0.01855505,53.89368994,1.0,1.0
chr5p::loss,STATE_B,STATE_D,14,24,0.0,0.0,0.0,1.68965517,0.03178043,89.83309577,1.0,1.0
chr5p::loss,STATE_C,STATE_D,14,24,0.0,0.0,0.0,1.68965517,0.03178043,89.83309577,1.0,1.0
chr5p::gain,STATE_A,STATE_B,17,14,0.35294117647058826,0.14285714285714285,0.2100840336134454,2.82608696,0.53518174,14.92346771,0.23990607,1.0
chr5p::gain,STATE_A,STATE_C,17,14,0.35294117647058826,0.21428571428571427,0.13865546218487398,1.85714286,0.40006752,8.62099365,0.45640341,1.0
chr5p::gain,STATE_A,STATE_D,17,24,0.35294117647058826,0.2916666666666667,0.06127450980392157,1.31884058,0.36406794,4.77751617,0.74170971,1.0
chr5p::gain,STATE_B,STATE_C,14,14,0.14285714285714285,0.21428571428571427,-0.07142857142857142,0.65714286,0.1075584,4.01490466,1.0,1.0
chr5p::gain,STATE_B,STATE_D,14,24,0.14285714285714285,0.2916666666666667,-0.14880952380952384,0.46666667,0.09375791,2.32276692,0.4384484,1.0
chr5p::gain,STATE_C,STATE_D,14,24,0.21428571428571427,0.2916666666666667,-0.07738095238095241,0.71014493,0.16314248,3.09119875,0.71499688,1.0
chr5q::loss,STATE_A,STATE_B,17,14,0.0,0.07142857142857142,-0.07142857142857142,0.25714286,0.00969068,6.82330589,0.4516129,1.0
chr5q::loss,STATE_A,STATE_C,17,14,0.0,0.0,0.0,0.82857143,0.01546206,44.40097205,1.0,1.0
chr5q::loss,STATE_A,STATE_D,17,24,0.0,0.0,0.0,1.4,0.02648339,74.00864446,1.0,1.0
chr5q::loss,STATE_B,STATE_C,14,14,0.07142857142857142,0.0,0.07142857142857142,3.22222222,0.12059521,86.09559299,1.0,1.0
chr5q::loss,STATE_B,STATE_D,14,24,0.07142857142857142,0.0,0.07142857142857142,5.44444444,0.20715408,143.09143826,0.36842105,1.0
chr5q::loss,STATE_C,STATE_D,14,24,0.0,0.0,0.0,1.68965517,0.03178043,89.83309577,1.0,1.0
chr5q::gain,STATE_A,STATE_B,17,14,0.5882352941176471,0.14285714285714285,0.44537815126050423,7.0,1.34453352,36.44386654,0.02446841,0.14681046
chr5q::gain,STATE_A,STATE_C,17,14,0.5882352941176471,0.42857142857142855,0.15966386554621853,1.83076923,0.45781841,7.32105981,0.47948776,1.0
chr5q::gain,STATE_A,STATE_D,17,24,0.5882352941176471,0.4166666666666667,0.1715686274509804,1.93333333,0.56602275,6.60358225,0.3498867,1.0
chr5q::gain,STATE_B,STATE_C,14,14,0.14285714285714285,0.42857142857142855,-0.2857142857142857,0.26153846,0.04782185,1.43035799,0.20869565,1.0
chr5q::gain,STATE_B,STATE_D,14,24,0.14285714285714285,0.4166666666666667,-0.27380952380952384,0.27619048,0.0572799,1.33172684,0.147091,1.0
chr5q::gain,STATE_C,STATE_D,14,24,0.42857142857142855,0.4166666666666667,0.011904761904761862,1.05602241,0.28960587,3.85069314,1.0,1.0
chr6p::loss,STATE_A,STATE_B,17,14,0.0,0.2857142857142857,-0.2857142857142857,0.06666667,0.0032524,1.36651036,0.03181313,0.19087878
chr6p::loss,STATE_A,STATE_C,17,14,0.0,0.14285714285714285,-0.14285714285714285,0.14285714,0.00629576,3.24157221,0.19569892,0.9784946
chr6p::loss,STATE_A,STATE_D,17,24,0.0,0.08333333333333333,-0.08333333333333333,0.25714286,0.0115839,5.70813464,0.50243902,1.0
chr6p::loss,STATE_B,STATE_C,14,14,0.2857142857142857,0.14285714285714285,0.14285714285714285,2.14285714,0.37226386,12.33489789,0.64830918,1.0
chr6p::loss,STATE_B,STATE_D,14,24,0.2857142857142857,0.08333333333333333,0.20238095238095238,3.85714286,0.69704762,21.34366504,0.16732212,1.0
chr6p::loss,STATE_C,STATE_D,14,24,0.14285714285714285,0.08333333333333333,0.05952380952380952,1.8,0.27342859,11.84952914,0.61612138,1.0
chr6p::gain,STATE_A,STATE_B,17,14,0.0,0.0,0.0,0.82857143,0.01546206,44.40097205,1.0,1.0
chr6p::gain,STATE_A,STATE_C,17,14,0.0,0.0,0.0,0.82857143,0.01546206,44.40097205,1.0,1.0
chr6p::gain,STATE_A,STATE_D,17,24,0.0,0.0,0.0,1.4,0.02648339,74.00864446,1.0,1.0
chr6p::gain,STATE_B,STATE_C,14,14,0.0,0.0,0.0,1.0,0.01855505,53.89368994,1.0,1.0
chr6p::gain,STATE_B,STATE_D,14,24,0.0,0.0,0.0,1.68965517,0.03178043,89.83309577,1.0,1.0
chr6p::gain,STATE_C,STATE_D,14,24,0.0,0.0,0.0,1.68965517,0.03178043,89.83309577,1.0,1.0
chr6q::loss,STATE_A,STATE_B,17,14,0.0,0.21428571428571427,-0.21428571428571427,0.09387755,0.00442279,1.99263221,0.08097887,0.48587322
chr6q::loss,STATE_A,STATE_C,17,14,0.0,0.35714285714285715,-0.35714285714285715,0.04935065,0.00245474,0.99215505,0.01178264,0.48587322
chr6q::loss,STATE_A,STATE_D,17,24,0.0,0.125,-0.125,0.1755102,0.00848255,3.63143615,0.25365854,1.0
chr6q::loss,STATE_B,STATE_C,14,14,0.21428571428571427,0.35714285714285715,-0.14285714285714288,0.5256917,0.10698647,2.58305332,0.67761675,1.0
chr6q::loss,STATE_B,STATE_D,14,24,0.21428571428571427,0.125,0.08928571428571427,1.86956522,0.36064059,9.69184881,0.64973642,1.0
chr6q::loss,STATE_C,STATE_D,14,24,0.35714285714285715,0.125,0.23214285714285715,3.55639098,0.76056261,16.6296853,0.11659122,1.0
chr6q::gain,STATE_A,STATE_B,17,14,0.0,0.0,0.0,0.82857143,0.01546206,44.40097205,1.0,1.0
chr6q::gain,STATE_A,STATE_C,17,14,0.0,0.0,0.0,0.82857143,0.01546206,44.40097205,1.0,1.0
chr6q::gain,STATE_A,STATE_D,17,24,0.0,0.0,0.0,1.4,0.02648339,74.00864446,1.0,1.0
chr6q::gain,STATE_B,STATE_C,14,14,0.0,0.0,0.0,1.0,0.01855505,53.89368994,1.0,1.0
chr6q::gain,STATE_B,STATE_D,14,24,0.0,0.0,0.0,1.68965517,0.03178043,89.83309577,1.0,1.0
chr6q::gain,STATE_C,STATE_D,14,24,0.0,0.0,0.0,1.68965517,0.03178043,89.83309577,1.0,1.0
chr7p::loss,STATE_A,STATE_B,17,14,0.0,0.0,0.0,0.82857143,0.01546206,44.40097205,1.0,1.0
chr7p::loss,STATE_A,STATE_C,17,14,0.0,0.0,0.0,0.82857143,0.01546206,44.40097205,1.0,1.0
chr7p::loss,STATE_A,STATE_D,17,24,0.0,0.0,0.0,1.4,0.02648339,74.00864446,1.0,1.0
chr7p::loss,STATE_B,STATE_C,14,14,0.0,0.0,0.0,1.0,0.01855505,53.89368994,1.0,1.0
chr7p::loss,STATE_B,STATE_D,14,24,0.0,0.0,0.0,1.68965517,0.03178043,89.83309577,1.0,1.0
chr7p::loss,STATE_C,STATE_D,14,24,0.0,0.0,0.0,1.68965517,0.03178043,89.83309577,1.0,1.0
chr7p::gain,STATE_A,STATE_B,17,14,0.058823529411764705,0.2857142857142857,-0.22689075630252098,0.21212121,0.02861122,1.57264888,0.14835414,0.89012484
chr7p::gain,STATE_A,STATE_C,17,14,0.058823529411764705,0.14285714285714285,-0.08403361344537814,0.45454545,0.05275872,3.91615975,0.57641824,1.0
chr7p::gain,STATE_A,STATE_D,17,24,0.058823529411764705,0.20833333333333334,-0.14950980392156865,0.32231405,0.04721697,2.20019075,0.37250611,1.0
chr7p::gain,STATE_B,STATE_C,14,14,0.2857142857142857,0.14285714285714285,0.14285714285714285,2.14285714,0.37226386,12.33489789,0.64830918,1.0
chr7p::gain,STATE_B,STATE_D,14,24,0.2857142857142857,0.20833333333333334,0.07738095238095236,1.51948052,0.35489017,6.5057341,0.69945125,1.0
chr7p::gain,STATE_C,STATE_D,14,24,0.14285714285714285,0.20833333333333334,-0.0654761904761905,0.70909091,0.13548441,3.71120122,1.0,1.0
chr7q::loss,STATE_A,STATE_B,17,14,0.0,0.0,0.0,0.82857143,0.01546206,44.40097205,1.0,1.0
chr7q::loss,STATE_A,STATE_C,17,14,0.0,0.0,0.0,0.82857143,0.01546206,44.40097205,1.0,1.0
chr7q::loss,STATE_A,STATE_D,17,24,0.0,0.0,0.0,1.4,0.02648339,74.00864446,1.0,1.0
chr7q::loss,STATE_B,STATE_C,14,14,0.0,0.0,0.0,1.0,0.01855505,53.89368994,1.0,1.0
chr7q::loss,STATE_B,STATE_D,14,24,0.0,0.0,0.0,1.68965517,0.03178043,89.83309577,1.0,1.0
chr7q::loss,STATE_C,STATE_D,14,24,0.0,0.0,0.0,1.68965517,0.03178043,89.83309577,1.0,1.0
chr7q::gain,STATE_A,STATE_B,17,14,0.058823529411764705,0.35714285714285715,-0.29831932773109243,0.15702479,0.0218104,1.13050598,0.06711161,0.40266966
chr7q::gain,STATE_A,STATE_C,17,14,0.058823529411764705,0.14285714285714285,-0.08403361344537814,0.45454545,0.05275872,3.91615975,0.57641824,1.0
chr7q::gain,STATE_A,STATE_D,17,24,0.058823529411764705,0.20833333333333334,-0.14950980392156865,0.32231405,0.04721697,2.20019075,0.37250611,1.0
chr7q::gain,STATE_B,STATE_C,14,14,0.35714285714285715,0.14285714285714285,0.2142857142857143,2.89473684,0.52009899,16.11135869,0.38454106,1.0
chr7q::gain,STATE_B,STATE_D,14,24,0.35714285714285715,0.20833333333333334,0.1488095238095238,2.05263158,0.49932396,8.43800162,0.44850045,1.0
chr7q::gain,STATE_C,STATE_D,14,24,0.14285714285714285,0.20833333333333334,-0.0654761904761905,0.70909091,0.13548441,3.71120122,1.0,1.0
chr8p::loss,STATE_A,STATE_B,17,14,0.11764705882352941,0.35714285714285715,-0.23949579831932774,0.27859238,0.05093413,1.52380569,0.19754789,1.0
chr8p::loss,STATE_A,STATE_C,17,14,0.11764705882352941,0.07142857142857142,0.046218487394957986,1.4516129,0.16879086,12.48397021,1.0,1.0
chr8p::loss,STATE_A,STATE_D,17,24,0.11764705882352941,0.375,-0.25735294117647056,0.26315789,0.0552439,1.25356962,0.08547347,1.0
chr8p::loss,STATE_B,STATE_C,14,14,0.35714285714285715,0.07142857142857142,0.2857142857142857,5.21052632,0.71433895,38.00658584,0.1647343,1.0
chr8p::loss,STATE_B,STATE_D,14,24,0.35714285714285715,0.375,-0.01785714285714285,0.94459834,0.25112908,3.55301753,1.0,1.0
chr8p::loss,STATE_C,STATE_D,14,24,0.07142857142857142,0.375,-0.3035714285714286,0.18128655,0.02793342,1.17654084,0.05942152,1.0
chr8p::gain,STATE_A,STATE_B,17,14,0.0,0.07142857142857142,-0.07142857142857142,0.25714286,0.00969068,6.82330589,0.4516129,1.0
chr8p::gain,STATE_A,STATE_C,17,14,0.0,0.07142857142857142,-0.07142857142857142,0.25714286,0.00969068,6.82330589,0.4516129,1.0
chr8p::gain,STATE_A,STATE_D,17,24,0.0,0.0,0.0,1.4,0.02648339,74.00864446,1.0,1.0
chr8p::gain,STATE_B,STATE_C,14,14,0.07142857142857142,0.07142857142857142,0.0,1.0,0.09203043,10.86597153,1.0,1.0
chr8p::gain,STATE_B,STATE_D,14,24,0.07142857142857142,0.0,0.07142857142857142,5.44444444,0.20715408,143.09143826,0.36842105,1.0
chr8p::gain,STATE_C,STATE_D,14,24,0.07142857142857142,0.0,0.07142857142857142,5.44444444,0.20715408,143.09143826,0.36842105,1.0
chr8q::loss,STATE_A,STATE_B,17,14,0.058823529411764705,0.21428571428571427,-0.15546218487394958,0.2987013,0.03823807,2.33334153,0.30411568,1.0
chr8q::loss,STATE_A,STATE_C,17,14,0.058823529411764705,0.0,0.058823529411764705,2.63636364,0.09944974,69.88870187,1.0,1.0
chr8q::loss,STATE_A,STATE_D,17,24,0.058823529411764705,0.16666666666666666,-0.10784313725490195,0.41414141,0.05843402,2.93515838,0.38224548,1.0
chr8q::loss,STATE_B,STATE_C,14,14,0.21428571428571427,0.0,0.21428571428571427,8.82608696,0.41274202,188.73729273,0.22222222,1.0
chr8q::loss,STATE_B,STATE_D,14,24,0.21428571428571427,0.16666666666666666,0.047619047619047616,1.38647343,0.28773073,6.68092895,1.0,1.0
chr8q::loss,STATE_C,STATE_D,14,24,0.0,0.16666666666666666,-0.16666666666666666,0.15708812,0.00783502,3.14953486,0.27586534,1.0
chr8q::gain,STATE_A,STATE_B,17,14,0.0,0.14285714285714285,-0.14285714285714285,0.14285714,0.00629576,3.24157221,0.19569892,1.0
chr8q::gain,STATE_A,STATE_C,17,14,0.0,0.21428571428571427,-0.21428571428571427,0.09387755,0.00442279,1.99263221,0.08097887,1.0
chr8q::gain,STATE_A,STATE_D,17,24,0.0,0.0,0.0,1.4,0.02648339,74.00864446,1.0,1.0
chr8q::gain,STATE_B,STATE_C,14,14,0.14285714285714285,0.21428571428571427,-0.07142857142857142,0.65714286,0.1075584,4.01490466,1.0,1.0
chr8q::gain,STATE_B,STATE_D,14,24,0.14285714285714285,0.0,0.14285714285714285,9.8,0.43625643,220.14575271,0.12944523,1.0
chr8q::gain,STATE_C,STATE_D,14,24,0.21428571428571427,0.0,0.21428571428571427,14.91304348,0.70984933,313.30432773,0.04314841,1.0
chr9p::loss,STATE_A,STATE_B,17,14,0.0,0.07142857142857142,-0.07142857142857142,0.25714286,0.00969068,6.82330589,0.4516129,1.0
chr9p::loss,STATE_A,STATE_C,17,14,0.0,0.2857142857142857,-0.2857142857142857,0.06666667,0.0032524,1.36651036,0.03181313,1.0
chr9p::loss,STATE_A,STATE_D,17,24,0.0,0.375,-0.375,0.04661654,0.00250195,0.86856207,0.00546679,1.0
chr9p::loss,STATE_B,STATE_C,14,14,0.07142857142857142,0.2857142857142857,-0.21428571428571427,0.25925926,0.03452205,1.94702725,0.32592593,1.0
chr9p::loss,STATE_B,STATE_D,14,24,0.07142857142857142,0.375,-0.3035714285714286,0.18128655,0.02793342,1.17654084,0.05942152,1.0
chr9p::loss,STATE_C,STATE_D,14,24,0.2857142857142857,0.375,-0.0892857142857143,0.69924812,0.1780164,2.74664551,0.72808376,1.0
chr9p::gain,STATE_A,STATE_B,17,14,0.0,0.07142857142857142,-0.07142857142857142,0.25714286,0.00969068,6.82330589,0.4516129,1.0
chr9p::gain,STATE_A,STATE_C,17,14,0.0,0.0,0.0,0.82857143,0.01546206,44.40097205,1.0,1.0
chr9p::gain,STATE_A,STATE_D,17,24,0.0,0.0,0.0,1.4,0.02648339,74.00864446,1.0,1.0
chr9p::gain,STATE_B,STATE_C,14,14,0.07142857142857142,0.0,0.07142857142857142,3.22222222,0.12059521,86.09559299,1.0,1.0
chr9p::gain,STATE_B,STATE_D,14,24,0.07142857142857142,0.0,0.07142857142857142,5.44444444,0.20715408,143.09143826,0.36842105,1.0
chr9p::gain,STATE_C,STATE_D,14,24,0.0,0.0,0.0,1.68965517,0.03178043,89.83309577,1.0,1.0
chr9q::loss,STATE_A,STATE_B,17,14,0.0,0.07142857142857142,-0.07142857142857142,0.25714286,0.00969068,6.82330589,0.4516129,1.0
chr9q::loss,STATE_A,STATE_C,17,14,0.0,0.2857142857142857,-0.2857142857142857,0.06666667,0.0032524,1.36651036,0.03181313,1.0
chr9q::loss,STATE_A,STATE_D,17,24,0.0,0.375,-0.375,0.04661654,0.00250195,0.86856207,0.00546679,1.0
chr9q::loss,STATE_B,STATE_C,14,14,0.07142857142857142,0.2857142857142857,-0.21428571428571427,0.25925926,0.03452205,1.94702725,0.32592593,1.0
chr9q::loss,STATE_B,STATE_D,14,24,0.07142857142857142,0.375,-0.3035714285714286,0.18128655,0.02793342,1.17654084,0.05942152,1.0
chr9q::loss,STATE_C,STATE_D,14,24,0.2857142857142857,0.375,-0.0892857142857143,0.69924812,0.1780164,2.74664551,0.72808376,1.0
chr9q::gain,STATE_A,STATE_B,17,14,0.0,0.14285714285714285,-0.14285714285714285,0.14285714,0.00629576,3.24157221,0.19569892,1.0
chr9q::gain,STATE_A,STATE_C,17,14,0.0,0.0,0.0,0.82857143,0.01546206,44.40097205,1.0,1.0
chr9q::gain,STATE_A,STATE_D,17,24,0.0,0.0,0.0,1.4,0.02648339,74.00864446,1.0,1.0
chr9q::gain,STATE_B,STATE_C,14,14,0.14285714285714285,0.0,0.14285714285714285,5.8,0.25375751,132.56750642,0.48148148,1.0
chr9q::gain,STATE_B,STATE_D,14,24,0.14285714285714285,0.0,0.14285714285714285,9.8,0.43625643,220.14575271,0.12944523,1.0
chr9q::gain,STATE_C,STATE_D,14,24,0.0,0.0,0.0,1.68965517,0.03178043,89.83309577,1.0,1.0
chr10p::loss,STATE_A,STATE_B,17,14,0.0,0.21428571428571427,-0.21428571428571427,0.09387755,0.00442279,1.99263221,0.08097887,0.48587322
chr10p::loss,STATE_A,STATE_C,17,14,0.0,0.07142857142857142,-0.07142857142857142,0.25714286,0.00969068,6.82330589,0.4516129,1.0
chr10p::loss,STATE_A,STATE_D,17,24,0.0,0.041666666666666664,-0.041666666666666664,0.44761905,0.01718428,11.65965919,1.0,1.0
chr10p::loss,STATE_B,STATE_C,14,14,0.21428571428571427,0.07142857142857142,0.14285714285714285,2.73913043,0.34627621,21.66719895,0.59555556,1.0
chr10p::loss,STATE_B,STATE_D,14,24,0.21428571428571427,0.041666666666666664,0.17261904761904762,4.76811594,0.6208147,36.62112004,0.13191086,1.0
chr10p::loss,STATE_C,STATE_D,14,24,0.07142857142857142,0.041666666666666664,0.02976190476190476,1.74074074,0.16434133,18.43832182,1.0,1.0
chr10p::gain,STATE_A,STATE_B,17,14,0.0,0.0,0.0,0.82857143,0.01546206,44.40097205,1.0,1.0
chr10p::gain,STATE_A,STATE_C,17,14,0.0,0.0,0.0,0.82857143,0.01546206,44.40097205,1.0,1.0
chr10p::gain,STATE_A,STATE_D,17,24,0.0,0.0,0.0,1.4,0.02648339,74.00864446,1.0,1.0
chr10p::gain,STATE_B,STATE_C,14,14,0.0,0.0,0.0,1.0,0.01855505,53.89368994,1.0,1.0
chr10p::gain,STATE_B,STATE_D,14,24,0.0,0.0,0.0,1.68965517,0.03178043,89.83309577,1.0,1.0
chr10p::gain,STATE_C,STATE_D,14,24,0.0,0.0,0.0,1.68965517,0.03178043,89.83309577,1.0,1.0
chr10q::loss,STATE_A,STATE_B,17,14,0.0,0.14285714285714285,-0.14285714285714285,0.14285714,0.00629576,3.24157221,0.19569892,1.0
chr10q::loss,STATE_A,STATE_C,17,14,0.0,0.07142857142857142,-0.07142857142857142,0.25714286,0.00969068,6.82330589,0.4516129,1.0
chr10q::loss,STATE_A,STATE_D,17,24,0.0,0.16666666666666666,-0.16666666666666666,0.13015873,0.0065413,2.5898987,0.12842895,1.0
chr10q::loss,STATE_B,STATE_C,14,14,0.14285714285714285,0.07142857142857142,0.07142857142857142,1.8,0.20643675,15.69488004,1.0,1.0
chr10q::loss,STATE_B,STATE_D,14,24,0.14285714285714285,0.16666666666666666,-0.023809523809523808,0.91111111,0.16668749,4.98011838,1.0,1.0
chr10q::loss,STATE_C,STATE_D,14,24,0.07142857142857142,0.16666666666666666,-0.09523809523809523,0.50617284,0.07048523,3.63495926,0.63305721,1.0
chr10q::gain,STATE_A,STATE_B,17,14,0.0,0.0,0.0,0.82857143,0.01546206,44.40097205,1.0,1.0
chr10q::gain,STATE_A,STATE_C,17,14,0.0,0.0,0.0,0.82857143,0.01546206,44.40097205,1.0,1.0
chr10q::gain,STATE_A,STATE_D,17,24,0.0,0.0,0.0,1.4,0.02648339,74.00864446,1.0,1.0
chr10q::gain,STATE_B,STATE_C,14,14,0.0,0.0,0.0,1.0,0.01855505,53.89368994,1.0,1.0
chr10q::gain,STATE_B,STATE_D,14,24,0.0,0.0,0.0,1.68965517,0.03178043,89.83309577,1.0,1.0
chr10q::gain,STATE_C,STATE_D,14,24,0.0,0.0,0.0,1.68965517,0.03178043,89.83309577,1.0,1.0
chr11p::loss,STATE_A,STATE_B,17,14,0.0,0.0,0.0,0.82857143,0.01546206,44.40097205,1.0,1.0
chr11p::loss,STATE_A,STATE_C,17,14,0.0,0.0,0.0,0.82857143,0.01546206,44.40097205,1.0,1.0
chr11p::loss,STATE_A,STATE_D,17,24,0.0,0.0,0.0,1.4,0.02648339,74.00864446,1.0,1.0
chr11p::loss,STATE_B,STATE_C,14,14,0.0,0.0,0.0,1.0,0.01855505,53.89368994,1.0,1.0
chr11p::loss,STATE_B,STATE_D,14,24,0.0,0.0,0.0,1.68965517,0.03178043,89.83309577,1.0,1.0
chr11p::loss,STATE_C,STATE_D,14,24,0.0,0.0,0.0,1.68965517,0.03178043,89.83309577,1.0,1.0
chr11p::gain,STATE_A,STATE_B,17,14,0.0,0.14285714285714285,-0.14285714285714285,0.14285714,0.00629576,3.24157221,0.19569892,1.0
chr11p::gain,STATE_A,STATE_C,17,14,0.0,0.0,0.0,0.82857143,0.01546206,44.40097205,1.0,1.0
chr11p::gain,STATE_A,STATE_D,17,24,0.0,0.0,0.0,1.4,0.02648339,74.00864446,1.0,1.0
chr11p::gain,STATE_B,STATE_C,14,14,0.14285714285714285,0.0,0.14285714285714285,5.8,0.25375751,132.56750642,0.48148148,1.0
chr11p::gain,STATE_B,STATE_D,14,24,0.14285714285714285,0.0,0.14285714285714285,9.8,0.43625643,220.14575271,0.12944523,1.0
chr11p::gain,STATE_C,STATE_D,14,24,0.0,0.0,0.0,1.68965517,0.03178043,89.83309577,1.0,1.0
chr11q::loss,STATE_A,STATE_B,17,14,0.0,0.0,0.0,0.82857143,0.01546206,44.40097205,1.0,1.0
chr11q::loss,STATE_A,STATE_C,17,14,0.0,0.0,0.0,0.82857143,0.01546206,44.40097205,1.0,1.0
chr11q::loss,STATE_A,STATE_D,17,24,0.0,0.0,0.0,1.4,0.02648339,74.00864446,1.0,1.0
chr11q::loss,STATE_B,STATE_C,14,14,0.0,0.0,0.0,1.0,0.01855505,53.89368994,1.0,1.0
chr11q::loss,STATE_B,STATE_D,14,24,0.0,0.0,0.0,1.68965517,0.03178043,89.83309577,1.0,1.0
chr11q::loss,STATE_C,STATE_D,14,24,0.0,0.0,0.0,1.68965517,0.03178043,89.83309577,1.0,1.0
chr11q::gain,STATE_A,STATE_B,17,14,0.0,0.14285714285714285,-0.14285714285714285,0.14285714,0.00629576,3.24157221,0.19569892,1.0
chr11q::gain,STATE_A,STATE_C,17,14,0.0,0.0,0.0,0.82857143,0.01546206,44.40097205,1.0,1.0
chr11q::gain,STATE_A,STATE_D,17,24,0.0,0.0,0.0,1.4,0.02648339,74.00864446,1.0,1.0
chr11q::gain,STATE_B,STATE_C,14,14,0.14285714285714285,0.0,0.14285714285714285,5.8,0.25375751,132.56750642,0.48148148,1.0
chr11q::gain,STATE_B,STATE_D,14,24,0.14285714285714285,0.0,0.14285714285714285,9.8,0.43625643,220.14575271,0.12944523,1.0
chr11q::gain,STATE_C,STATE_D,14,24,0.0,0.0,0.0,1.68965517,0.03178043,89.83309577,1.0,1.0
chr12p::loss,STATE_A,STATE_B,17,14,0.0,0.0,0.0,0.82857143,0.01546206,44.40097205,1.0,1.0
chr12p::loss,STATE_A,STATE_C,17,14,0.0,0.0,0.0,0.82857143,0.01546206,44.40097205,1.0,1.0
chr12p::loss,STATE_A,STATE_D,17,24,0.0,0.0,0.0,1.4,0.02648339,74.00864446,1.0,1.0
chr12p::loss,STATE_B,STATE_C,14,14,0.0,0.0,0.0,1.0,0.01855505,53.89368994,1.0,1.0
chr12p::loss,STATE_B,STATE_D,14,24,0.0,0.0,0.0,1.68965517,0.03178043,89.83309577,1.0,1.0
chr12p::loss,STATE_C,STATE_D,14,24,0.0,0.0,0.0,1.68965517,0.03178043,89.83309577,1.0,1.0
chr12p::gain,STATE_A,STATE_B,17,14,0.0,0.2857142857142857,-0.2857142857142857,0.06666667,0.0032524,1.36651036,0.03181313,0.19087878
chr12p::gain,STATE_A,STATE_C,17,14,0.0,0.07142857142857142,-0.07142857142857142,0.25714286,0.00969068,6.82330589,0.4516129,1.0
chr12p::gain,STATE_A,STATE_D,17,24,0.0,0.16666666666666666,-0.16666666666666666,0.13015873,0.0065413,2.5898987,0.12842895,1.0
chr12p::gain,STATE_B,STATE_C,14,14,0.2857142857142857,0.07142857142857142,0.21428571428571427,3.85714286,0.51360349,28.96699726,0.32592593,1.0
chr12p::gain,STATE_B,STATE_D,14,24,0.2857142857142857,0.16666666666666666,0.11904761904761904,1.95238095,0.43409464,8.78101468,0.43317561,1.0
chr12p::gain,STATE_C,STATE_D,14,24,0.07142857142857142,0.16666666666666666,-0.09523809523809523,0.50617284,0.07048523,3.63495926,0.63305721,1.0
chr12q::loss,STATE_A,STATE_B,17,14,0.0,0.0,0.0,0.82857143,0.01546206,44.40097205,1.0,1.0
chr12q::loss,STATE_A,STATE_C,17,14,0.0,0.0,0.0,0.82857143,0.01546206,44.40097205,1.0,1.0
chr12q::loss,STATE_A,STATE_D,17,24,0.0,0.0,0.0,1.4,0.02648339,74.00864446,1.0,1.0
chr12q::loss,STATE_B,STATE_C,14,14,0.0,0.0,0.0,1.0,0.01855505,53.89368994,1.0,1.0
chr12q::loss,STATE_B,STATE_D,14,24,0.0,0.0,0.0,1.68965517,0.03178043,89.83309577,1.0,1.0
chr12q::loss,STATE_C,STATE_D,14,24,0.0,0.0,0.0,1.68965517,0.03178043,89.83309577,1.0,1.0
chr12q::gain,STATE_A,STATE_B,17,14,0.058823529411764705,0.21428571428571427,-0.15546218487394958,0.2987013,0.03823807,2.33334153,0.30411568,1.0
chr12q::gain,STATE_A,STATE_C,17,14,0.058823529411764705,0.07142857142857142,-0.01260504201680672,0.81818182,0.07612046,8.79423836,1.0,1.0
chr12q::gain,STATE_A,STATE_D,17,24,0.058823529411764705,0.16666666666666666,-0.10784313725490195,0.41414141,0.05843402,2.93515838,0.38224548,1.0
chr12q::gain,STATE_B,STATE_C,14,14,0.21428571428571427,0.07142857142857142,0.14285714285714285,2.73913043,0.34627621,21.66719895,0.59555556,1.0
chr12q::gain,STATE_B,STATE_D,14,24,0.21428571428571427,0.16666666666666666,0.047619047619047616,1.38647343,0.28773073,6.68092895,1.0,1.0
chr12q::gain,STATE_C,STATE_D,14,24,0.07142857142857142,0.16666666666666666,-0.09523809523809523,0.50617284,0.07048523,3.63495926,0.63305721,1.0
chr13p::loss,STATE_A,STATE_B,17,14,0.0,0.0,0.0,0.82857143,0.01546206,44.40097205,1.0,1.0
chr13p::loss,STATE_A,STATE_C,17,14,0.0,0.0,0.0,0.82857143,0.01546206,44.40097205,1.0,1.0
chr13p::loss,STATE_A,STATE_D,17,24,0.0,0.0,0.0,1.4,0.02648339,74.00864446,1.0,1.0
chr13p::loss,STATE_B,STATE_C,14,14,0.0,0.0,0.0,1.0,0.01855505,53.89368994,1.0,1.0
chr13p::loss,STATE_B,STATE_D,14,24,0.0,0.0,0.0,1.68965517,0.03178043,89.83309577,1.0,1.0
chr13p::loss,STATE_C,STATE_D,14,24,0.0,0.0,0.0,1.68965517,0.03178043,89.83309577,1.0,1.0
chr13p::gain,STATE_A,STATE_B,17,14,0.0,0.0,0.0,0.82857143,0.01546206,44.40097205,1.0,1.0
chr13p::gain,STATE_A,STATE_C,17,14,0.0,0.0,0.0,0.82857143,0.01546206,44.40097205,1.0,1.0
chr13p::gain,STATE_A,STATE_D,17,24,0.0,0.0,0.0,1.4,0.02648339,74.00864446,1.0,1.0
chr13p::gain,STATE_B,STATE_C,14,14,0.0,0.0,0.0,1.0,0.01855505,53.89368994,1.0,1.0
chr13p::gain,STATE_B,STATE_D,14,24,0.0,0.0,0.0,1.68965517,0.03178043,89.83309577,1.0,1.0
chr13p::gain,STATE_C,STATE_D,14,24,0.0,0.0,0.0,1.68965517,0.03178043,89.83309577,1.0,1.0
chr13q::loss,STATE_A,STATE_B,17,14,0.058823529411764705,0.21428571428571427,-0.15546218487394958,0.2987013,0.03823807,2.33334153,0.30411568,1.0
chr13q::loss,STATE_A,STATE_C,17,14,0.058823529411764705,0.07142857142857142,-0.01260504201680672,0.81818182,0.07612046,8.79423836,1.0,1.0
chr13q::loss,STATE_A,STATE_D,17,24,0.058823529411764705,0.0,0.058823529411764705,4.45454545,0.17083797,116.15084635,0.41463415,1.0
chr13q::loss,STATE_B,STATE_C,14,14,0.21428571428571427,0.07142857142857142,0.14285714285714285,2.73913043,0.34627621,21.66719895,0.59555556,1.0
chr13q::loss,STATE_B,STATE_D,14,24,0.21428571428571427,0.0,0.21428571428571427,14.91304348,0.70984933,313.30432773,0.04314841,1.0
chr13q::loss,STATE_C,STATE_D,14,24,0.07142857142857142,0.0,0.07142857142857142,5.44444444,0.20715408,143.09143826,0.36842105,1.0
chr13q::gain,STATE_A,STATE_B,17,14,0.0,0.0,0.0,0.82857143,0.01546206,44.40097205,1.0,1.0
chr13q::gain,STATE_A,STATE_C,17,14,0.0,0.0,0.0,0.82857143,0.01546206,44.40097205,1.0,1.0
chr13q::gain,STATE_A,STATE_D,17,24,0.0,0.0,0.0,1.4,0.02648339,74.00864446,1.0,1.0
chr13q::gain,STATE_B,STATE_C,14,14,0.0,0.0,0.0,1.0,0.01855505,53.89368994,1.0,1.0
chr13q::gain,STATE_B,STATE_D,14,24,0.0,0.0,0.0,1.68965517,0.03178043,89.83309577,1.0,1.0
chr13q::gain,STATE_C,STATE_D,14,24,0.0,0.0,0.0,1.68965517,0.03178043,89.83309577,1.0,1.0
chr14p::loss,STATE_A,STATE_B,17,14,0.0,0.0,0.0,0.82857143,0.01546206,44.40097205,1.0,1.0
chr14p::loss,STATE_A,STATE_C,17,14,0.0,0.0,0.0,0.82857143,0.01546206,44.40097205,1.0,1.0
chr14p::loss,STATE_A,STATE_D,17,24,0.0,0.0,0.0,1.4,0.02648339,74.00864446,1.0,1.0
chr14p::loss,STATE_B,STATE_C,14,14,0.0,0.0,0.0,1.0,0.01855505,53.89368994,1.0,1.0
chr14p::loss,STATE_B,STATE_D,14,24,0.0,0.0,0.0,1.68965517,0.03178043,89.83309577,1.0,1.0
chr14p::loss,STATE_C,STATE_D,14,24,0.0,0.0,0.0,1.68965517,0.03178043,89.83309577,1.0,1.0
chr14p::gain,STATE_A,STATE_B,17,14,0.0,0.0,0.0,0.82857143,0.01546206,44.40097205,1.0,1.0
chr14p::gain,STATE_A,STATE_C,17,14,0.0,0.0,0.0,0.82857143,0.01546206,44.40097205,1.0,1.0
chr14p::gain,STATE_A,STATE_D,17,24,0.0,0.0,0.0,1.4,0.02648339,74.00864446,1.0,1.0
chr14p::gain,STATE_B,STATE_C,14,14,0.0,0.0,0.0,1.0,0.01855505,53.89368994,1.0,1.0
chr14p::gain,STATE_B,STATE_D,14,24,0.0,0.0,0.0,1.68965517,0.03178043,89.83309577,1.0,1.0
chr14p::gain,STATE_C,STATE_D,14,24,0.0,0.0,0.0,1.68965517,0.03178043,89.83309577,1.0,1.0
chr14q::loss,STATE_A,STATE_B,17,14,0.17647058823529413,0.35714285714285715,-0.18067226890756302,0.4169279,0.08672632,2.00433822,0.41247641,1.0
chr14q::loss,STATE_A,STATE_C,17,14,0.17647058823529413,0.7857142857142857,-0.6092436974789915,0.07346327,0.01380737,0.39086751,0.00110918,1.0
chr14q::loss,STATE_A,STATE_D,17,24,0.17647058823529413,0.4583333333333333,-0.2818627450980392,0.28335832,0.06935081,1.15776493,0.09580776,1.0
chr14q::loss,STATE_B,STATE_C,14,14,0.35714285714285715,0.7857142857142857,-0.42857142857142855,0.17620137,0.03585973,0.86578795,0.0542379,1.0
chr14q::loss,STATE_B,STATE_D,14,24,0.35714285714285715,0.4583333333333333,-0.10119047619047616,0.67963387,0.18300389,2.52400202,0.73517722,1.0
chr14q::loss,STATE_C,STATE_D,14,24,0.7857142857142857,0.4583333333333333,0.3273809523809524,3.85714286,0.92131919,16.14809634,0.08768936,1.0
chr14q::gain,STATE_A,STATE_B,17,14,0.0,0.14285714285714285,-0.14285714285714285,0.14285714,0.00629576,3.24157221,0.19569892,1.0
chr14q::gain,STATE_A,STATE_C,17,14,0.0,0.0,0.0,0.82857143,0.01546206,44.40097205,1.0,1.0
chr14q::gain,STATE_A,STATE_D,17,24,0.0,0.0,0.0,1.4,0.02648339,74.00864446,1.0,1.0
chr14q::gain,STATE_B,STATE_C,14,14,0.14285714285714285,0.0,0.14285714285714285,5.8,0.25375751,132.56750642,0.48148148,1.0
chr14q::gain,STATE_B,STATE_D,14,24,0.14285714285714285,0.0,0.14285714285714285,9.8,0.43625643,220.14575271,0.12944523,1.0
chr14q::gain,STATE_C,STATE_D,14,24,0.0,0.0,0.0,1.68965517,0.03178043,89.83309577,1.0,1.0
chr15p::loss,STATE_A,STATE_B,17,14,0.0,0.0,0.0,0.82857143,0.01546206,44.40097205,1.0,1.0
chr15p::loss,STATE_A,STATE_C,17,14,0.0,0.0,0.0,0.82857143,0.01546206,44.40097205,1.0,1.0
chr15p::loss,STATE_A,STATE_D,17,24,0.0,0.0,0.0,1.4,0.02648339,74.00864446,1.0,1.0
chr15p::loss,STATE_B,STATE_C,14,14,0.0,0.0,0.0,1.0,0.01855505,53.89368994,1.0,1.0
chr15p::loss,STATE_B,STATE_D,14,24,0.0,0.0,0.0,1.68965517,0.03178043,89.83309577,1.0,1.0
chr15p::loss,STATE_C,STATE_D,14,24,0.0,0.0,0.0,1.68965517,0.03178043,89.83309577,1.0,1.0
chr15p::gain,STATE_A,STATE_B,17,14,0.0,0.0,0.0,0.82857143,0.01546206,44.40097205,1.0,1.0
chr15p::gain,STATE_A,STATE_C,17,14,0.0,0.0,0.0,0.82857143,0.01546206,44.40097205,1.0,1.0
chr15p::gain,STATE_A,STATE_D,17,24,0.0,0.0,0.0,1.4,0.02648339,74.00864446,1.0,1.0
chr15p::gain,STATE_B,STATE_C,14,14,0.0,0.0,0.0,1.0,0.01855505,53.89368994,1.0,1.0
chr15p::gain,STATE_B,STATE_D,14,24,0.0,0.0,0.0,1.68965517,0.03178043,89.83309577,1.0,1.0
chr15p::gain,STATE_C,STATE_D,14,24,0.0,0.0,0.0,1.68965517,0.03178043,89.83309577,1.0,1.0
chr15q::loss,STATE_A,STATE_B,17,14,0.0,0.0,0.0,0.82857143,0.01546206,44.40097205,1.0,1.0
chr15q::loss,STATE_A,STATE_C,17,14,0.0,0.0,0.0,0.82857143,0.01546206,44.40097205,1.0,1.0
chr15q::loss,STATE_A,STATE_D,17,24,0.0,0.041666666666666664,-0.041666666666666664,0.44761905,0.01718428,11.65965919,1.0,1.0
chr15q::loss,STATE_B,STATE_C,14,14,0.0,0.0,0.0,1.0,0.01855505,53.89368994,1.0,1.0
chr15q::loss,STATE_B,STATE_D,14,24,0.0,0.041666666666666664,-0.041666666666666664,0.54022989,0.02059583,14.17026576,1.0,1.0
chr15q::loss,STATE_C,STATE_D,14,24,0.0,0.041666666666666664,-0.041666666666666664,0.54022989,0.02059583,14.17026576,1.0,1.0
chr15q::gain,STATE_A,STATE_B,17,14,0.0,0.14285714285714285,-0.14285714285714285,0.14285714,0.00629576,3.24157221,0.19569892,1.0
chr15q::gain,STATE_A,STATE_C,17,14,0.0,0.0,0.0,0.82857143,0.01546206,44.40097205,1.0,1.0
chr15q::gain,STATE_A,STATE_D,17,24,0.0,0.0,0.0,1.4,0.02648339,74.00864446,1.0,1.0
chr15q::gain,STATE_B,STATE_C,14,14,0.14285714285714285,0.0,0.14285714285714285,5.8,0.25375751,132.56750642,0.48148148,1.0
chr15q::gain,STATE_B,STATE_D,14,24,0.14285714285714285,0.0,0.14285714285714285,9.8,0.43625643,220.14575271,0.12944523,1.0
chr15q::gain,STATE_C,STATE_D,14,24,0.0,0.0,0.0,1.68965517,0.03178043,89.83309577,1.0,1.0
chr16p::loss,STATE_A,STATE_B,17,14,0.0,0.07142857142857142,-0.07142857142857142,0.25714286,0.00969068,6.82330589,0.4516129,1.0
chr16p::loss,STATE_A,STATE_C,17,14,0.0,0.0,0.0,0.82857143,0.01546206,44.40097205,1.0,1.0
chr16p::loss,STATE_A,STATE_D,17,24,0.0,0.0,0.0,1.4,0.02648339,74.00864446,1.0,1.0
chr16p::loss,STATE_B,STATE_C,14,14,0.07142857142857142,0.0,0.07142857142857142,3.22222222,0.12059521,86.09559299,1.0,1.0
chr16p::loss,STATE_B,STATE_D,14,24,0.07142857142857142,0.0,0.07142857142857142,5.44444444,0.20715408,143.09143826,0.36842105,1.0
chr16p::loss,STATE_C,STATE_D,14,24,0.0,0.0,0.0,1.68965517,0.03178043,89.83309577,1.0,1.0
chr16p::gain,STATE_A,STATE_B,17,14,0.0,0.14285714285714285,-0.14285714285714285,0.14285714,0.00629576,3.24157221,0.19569892,1.0
chr16p::gain,STATE_A,STATE_C,17,14,0.0,0.07142857142857142,-0.07142857142857142,0.25714286,0.00969068,6.82330589,0.4516129,1.0
chr16p::gain,STATE_A,STATE_D,17,24,0.0,0.08333333333333333,-0.08333333333333333,0.25714286,0.0115839,5.70813464,0.50243902,1.0
chr16p::gain,STATE_B,STATE_C,14,14,0.14285714285714285,0.07142857142857142,0.07142857142857142,1.8,0.20643675,15.69488004,1.0,1.0
chr16p::gain,STATE_B,STATE_D,14,24,0.14285714285714285,0.08333333333333333,0.05952380952380952,1.8,0.27342859,11.84952914,0.61612138,1.0
chr16p::gain,STATE_C,STATE_D,14,24,0.07142857142857142,0.08333333333333333,-0.011904761904761904,1.0,0.11838921,8.44671604,1.0,1.0
chr16q::loss,STATE_A,STATE_B,17,14,0.0,0.07142857142857142,-0.07142857142857142,0.25714286,0.00969068,6.82330589,0.4516129,1.0
chr16q::loss,STATE_A,STATE_C,17,14,0.0,0.0,0.0,0.82857143,0.01546206,44.40097205,1.0,1.0
chr16q::loss,STATE_A,STATE_D,17,24,0.0,0.0,0.0,1.4,0.02648339,74.00864446,1.0,1.0
chr16q::loss,STATE_B,STATE_C,14,14,0.07142857142857142,0.0,0.07142857142857142,3.22222222,0.12059521,86.09559299,1.0,1.0
chr16q::loss,STATE_B,STATE_D,14,24,0.07142857142857142,0.0,0.07142857142857142,5.44444444,0.20715408,143.09143826,0.36842105,1.0
chr16q::loss,STATE_C,STATE_D,14,24,0.0,0.0,0.0,1.68965517,0.03178043,89.83309577,1.0,1.0
chr16q::gain,STATE_A,STATE_B,17,14,0.0,0.14285714285714285,-0.14285714285714285,0.14285714,0.00629576,3.24157221,0.19569892,1.0
chr16q::gain,STATE_A,STATE_C,17,14,0.0,0.07142857142857142,-0.07142857142857142,0.25714286,0.00969068,6.82330589,0.4516129,1.0
chr16q::gain,STATE_A,STATE_D,17,24,0.0,0.125,-0.125,0.1755102,0.00848255,3.63143615,0.25365854,1.0
chr16q::gain,STATE_B,STATE_C,14,14,0.14285714285714285,0.07142857142857142,0.07142857142857142,1.8,0.20643675,15.69488004,1.0,1.0
chr16q::gain,STATE_B,STATE_D,14,24,0.14285714285714285,0.125,0.01785714285714285,1.22857143,0.21001632,7.18700234,1.0,1.0
chr16q::gain,STATE_C,STATE_D,14,24,0.07142857142857142,0.125,-0.053571428571428575,0.68253968,0.08961944,5.19820733,1.0,1.0
chr17p::loss,STATE_A,STATE_B,17,14,0.0,0.21428571428571427,-0.21428571428571427,0.09387755,0.00442279,1.99263221,0.08097887,0.48587322
chr17p::loss,STATE_A,STATE_C,17,14,0.0,0.0,0.0,0.82857143,0.01546206,44.40097205,1.0,1.0
chr17p::loss,STATE_A,STATE_D,17,24,0.0,0.0,0.0,1.4,0.02648339,74.00864446,1.0,1.0
chr17p::loss,STATE_B,STATE_C,14,14,0.21428571428571427,0.0,0.21428571428571427,8.82608696,0.41274202,188.73729273,0.22222222,1.0
chr17p::loss,STATE_B,STATE_D,14,24,0.21428571428571427,0.0,0.21428571428571427,14.91304348,0.70984933,313.30432773,0.04314841,1.0
chr17p::loss,STATE_C,STATE_D,14,24,0.0,0.0,0.0,1.68965517,0.03178043,89.83309577,1.0,1.0
chr17p::gain,STATE_A,STATE_B,17,14,0.0,0.0,0.0,0.82857143,0.01546206,44.40097205,1.0,1.0
chr17p::gain,STATE_A,STATE_C,17,14,0.0,0.0,0.0,0.82857143,0.01546206,44.40097205,1.0,1.0
chr17p::gain,STATE_A,STATE_D,17,24,0.0,0.0,0.0,1.4,0.02648339,74.00864446,1.0,1.0
chr17p::gain,STATE_B,STATE_C,14,14,0.0,0.0,0.0,1.0,0.01855505,53.89368994,1.0,1.0
chr17p::gain,STATE_B,STATE_D,14,24,0.0,0.0,0.0,1.68965517,0.03178043,89.83309577,1.0,1.0
chr17p::gain,STATE_C,STATE_D,14,24,0.0,0.0,0.0,1.68965517,0.03178043,89.83309577,1.0,1.0
chr17q::loss,STATE_A,STATE_B,17,14,0.0,0.14285714285714285,-0.14285714285714285,0.14285714,0.00629576,3.24157221,0.19569892,1.0
chr17q::loss,STATE_A,STATE_C,17,14,0.0,0.0,0.0,0.82857143,0.01546206,44.40097205,1.0,1.0
chr17q::loss,STATE_A,STATE_D,17,24,0.0,0.0,0.0,1.4,0.02648339,74.00864446,1.0,1.0
chr17q::loss,STATE_B,STATE_C,14,14,0.14285714285714285,0.0,0.14285714285714285,5.8,0.25375751,132.56750642,0.48148148,1.0
chr17q::loss,STATE_B,STATE_D,14,24,0.14285714285714285,0.0,0.14285714285714285,9.8,0.43625643,220.14575271,0.12944523,1.0
chr17q::loss,STATE_C,STATE_D,14,24,0.0,0.0,0.0,1.68965517,0.03178043,89.83309577,1.0,1.0
chr17q::gain,STATE_A,STATE_B,17,14,0.0,0.0,0.0,0.82857143,0.01546206,44.40097205,1.0,1.0
chr17q::gain,STATE_A,STATE_C,17,14,0.0,0.0,0.0,0.82857143,0.01546206,44.40097205,1.0,1.0
chr17q::gain,STATE_A,STATE_D,17,24,0.0,0.041666666666666664,-0.041666666666666664,0.44761905,0.01718428,11.65965919,1.0,1.0
chr17q::gain,STATE_B,STATE_C,14,14,0.0,0.0,0.0,1.0,0.01855505,53.89368994,1.0,1.0
chr17q::gain,STATE_B,STATE_D,14,24,0.0,0.041666666666666664,-0.041666666666666664,0.54022989,0.02059583,14.17026576,1.0,1.0
chr17q::gain,STATE_C,STATE_D,14,24,0.0,0.041666666666666664,-0.041666666666666664,0.54022989,0.02059583,14.17026576,1.0,1.0
chr18p::loss,STATE_A,STATE_B,17,14,0.0,0.21428571428571427,-0.21428571428571427,0.09387755,0.00442279,1.99263221,0.08097887,0.48587322
chr18p::loss,STATE_A,STATE_C,17,14,0.0,0.21428571428571427,-0.21428571428571427,0.09387755,0.00442279,1.99263221,0.08097887,0.48587322
chr18p::loss,STATE_A,STATE_D,17,24,0.0,0.08333333333333333,-0.08333333333333333,0.25714286,0.0115839,5.70813464,0.50243902,1.0
chr18p::loss,STATE_B,STATE_C,14,14,0.21428571428571427,0.21428571428571427,0.0,1.0,0.18412689,5.43103716,1.0,1.0
chr18p::loss,STATE_B,STATE_D,14,24,0.21428571428571427,0.08333333333333333,0.13095238095238093,2.73913043,0.46575745,16.10888993,0.33668033,1.0
chr18p::loss,STATE_C,STATE_D,14,24,0.21428571428571427,0.08333333333333333,0.13095238095238093,2.73913043,0.46575745,16.10888993,0.33668033,1.0
chr18p::gain,STATE_A,STATE_B,17,14,0.0,0.07142857142857142,-0.07142857142857142,0.25714286,0.00969068,6.82330589,0.4516129,1.0
chr18p::gain,STATE_A,STATE_C,17,14,0.0,0.0,0.0,0.82857143,0.01546206,44.40097205,1.0,1.0
chr18p::gain,STATE_A,STATE_D,17,24,0.0,0.0,0.0,1.4,0.02648339,74.00864446,1.0,1.0
chr18p::gain,STATE_B,STATE_C,14,14,0.07142857142857142,0.0,0.07142857142857142,3.22222222,0.12059521,86.09559299,1.0,1.0
chr18p::gain,STATE_B,STATE_D,14,24,0.07142857142857142,0.0,0.07142857142857142,5.44444444,0.20715408,143.09143826,0.36842105,1.0
chr18p::gain,STATE_C,STATE_D,14,24,0.0,0.0,0.0,1.68965517,0.03178043,89.83309577,1.0,1.0
chr18q::loss,STATE_A,STATE_B,17,14,0.0,0.21428571428571427,-0.21428571428571427,0.09387755,0.00442279,1.99263221,0.08097887,0.48587322
chr18q::loss,STATE_A,STATE_C,17,14,0.0,0.21428571428571427,-0.21428571428571427,0.09387755,0.00442279,1.99263221,0.08097887,0.48587322
chr18q::loss,STATE_A,STATE_D,17,24,0.0,0.08333333333333333,-0.08333333333333333,0.25714286,0.0115839,5.70813464,0.50243902,1.0
chr18q::loss,STATE_B,STATE_C,14,14,0.21428571428571427,0.21428571428571427,0.0,1.0,0.18412689,5.43103716,1.0,1.0
chr18q::loss,STATE_B,STATE_D,14,24,0.21428571428571427,0.08333333333333333,0.13095238095238093,2.73913043,0.46575745,16.10888993,0.33668033,1.0
chr18q::loss,STATE_C,STATE_D,14,24,0.21428571428571427,0.08333333333333333,0.13095238095238093,2.73913043,0.46575745,16.10888993,0.33668033,1.0
chr18q::gain,STATE_A,STATE_B,17,14,0.0,0.21428571428571427,-0.21428571428571427,0.09387755,0.00442279,1.99263221,0.08097887,0.48587322
chr18q::gain,STATE_A,STATE_C,17,14,0.0,0.0,0.0,0.82857143,0.01546206,44.40097205,1.0,1.0
chr18q::gain,STATE_A,STATE_D,17,24,0.0,0.0,0.0,1.4,0.02648339,74.00864446,1.0,1.0
chr18q::gain,STATE_B,STATE_C,14,14,0.21428571428571427,0.0,0.21428571428571427,8.82608696,0.41274202,188.73729273,0.22222222,1.0
chr18q::gain,STATE_B,STATE_D,14,24,0.21428571428571427,0.0,0.21428571428571427,14.91304348,0.70984933,313.30432773,0.04314841,1.0
chr18q::gain,STATE_C,STATE_D,14,24,0.0,0.0,0.0,1.68965517,0.03178043,89.83309577,1.0,1.0
chr19p::loss,STATE_A,STATE_B,17,14,0.0,0.0,0.0,0.82857143,0.01546206,44.40097205,1.0,1.0
chr19p::loss,STATE_A,STATE_C,17,14,0.0,0.0,0.0,0.82857143,0.01546206,44.40097205,1.0,1.0
chr19p::loss,STATE_A,STATE_D,17,24,0.0,0.0,0.0,1.4,0.02648339,74.00864446,1.0,1.0
chr19p::loss,STATE_B,STATE_C,14,14,0.0,0.0,0.0,1.0,0.01855505,53.89368994,1.0,1.0
chr19p::loss,STATE_B,STATE_D,14,24,0.0,0.0,0.0,1.68965517,0.03178043,89.83309577,1.0,1.0
chr19p::loss,STATE_C,STATE_D,14,24,0.0,0.0,0.0,1.68965517,0.03178043,89.83309577,1.0,1.0
chr19p::gain,STATE_A,STATE_B,17,14,0.0,0.07142857142857142,-0.07142857142857142,0.25714286,0.00969068,6.82330589,0.4516129,1.0
chr19p::gain,STATE_A,STATE_C,17,14,0.0,0.0,0.0,0.82857143,0.01546206,44.40097205,1.0,1.0
chr19p::gain,STATE_A,STATE_D,17,24,0.0,0.0,0.0,1.4,0.02648339,74.00864446,1.0,1.0
chr19p::gain,STATE_B,STATE_C,14,14,0.07142857142857142,0.0,0.07142857142857142,3.22222222,0.12059521,86.09559299,1.0,1.0
chr19p::gain,STATE_B,STATE_D,14,24,0.07142857142857142,0.0,0.07142857142857142,5.44444444,0.20715408,143.09143826,0.36842105,1.0
chr19p::gain,STATE_C,STATE_D,14,24,0.0,0.0,0.0,1.68965517,0.03178043,89.83309577,1.0,1.0
chr19q::loss,STATE_A,STATE_B,17,14,0.0,0.0,0.0,0.82857143,0.01546206,44.40097205,1.0,1.0
chr19q::loss,STATE_A,STATE_C,17,14,0.0,0.0,0.0,0.82857143,0.01546206,44.40097205,1.0,1.0
chr19q::loss,STATE_A,STATE_D,17,24,0.0,0.0,0.0,1.4,0.02648339,74.00864446,1.0,1.0
chr19q::loss,STATE_B,STATE_C,14,14,0.0,0.0,0.0,1.0,0.01855505,53.89368994,1.0,1.0
chr19q::loss,STATE_B,STATE_D,14,24,0.0,0.0,0.0,1.68965517,0.03178043,89.83309577,1.0,1.0
chr19q::loss,STATE_C,STATE_D,14,24,0.0,0.0,0.0,1.68965517,0.03178043,89.83309577,1.0,1.0
chr19q::gain,STATE_A,STATE_B,17,14,0.0,0.14285714285714285,-0.14285714285714285,0.14285714,0.00629576,3.24157221,0.19569892,1.0
chr19q::gain,STATE_A,STATE_C,17,14,0.0,0.0,0.0,0.82857143,0.01546206,44.40097205,1.0,1.0
chr19q::gain,STATE_A,STATE_D,17,24,0.0,0.0,0.0,1.4,0.02648339,74.00864446,1.0,1.0
chr19q::gain,STATE_B,STATE_C,14,14,0.14285714285714285,0.0,0.14285714285714285,5.8,0.25375751,132.56750642,0.48148148,1.0
chr19q::gain,STATE_B,STATE_D,14,24,0.14285714285714285,0.0,0.14285714285714285,9.8,0.43625643,220.14575271,0.12944523,1.0
chr19q::gain,STATE_C,STATE_D,14,24,0.0,0.0,0.0,1.68965517,0.03178043,89.83309577,1.0,1.0
chr20p::loss,STATE_A,STATE_B,17,14,0.058823529411764705,0.0,0.058823529411764705,2.63636364,0.09944974,69.88870187,1.0,1.0
chr20p::loss,STATE_A,STATE_C,17,14,0.058823529411764705,0.07142857142857142,-0.01260504201680672,0.81818182,0.07612046,8.79423836,1.0,1.0
chr20p::loss,STATE_A,STATE_D,17,24,0.058823529411764705,0.0,0.058823529411764705,4.45454545,0.17083797,116.15084635,0.41463415,1.0
chr20p::loss,STATE_B,STATE_C,14,14,0.0,0.07142857142857142,-0.07142857142857142,0.31034483,0.011615,8.29220337,1.0,1.0
chr20p::loss,STATE_B,STATE_D,14,24,0.0,0.0,0.0,1.68965517,0.03178043,89.83309577,1.0,1.0
chr20p::loss,STATE_C,STATE_D,14,24,0.07142857142857142,0.0,0.07142857142857142,5.44444444,0.20715408,143.09143826,0.36842105,1.0
chr20p::gain,STATE_A,STATE_B,17,14,0.0,0.21428571428571427,-0.21428571428571427,0.09387755,0.00442279,1.99263221,0.08097887,0.48587322
chr20p::gain,STATE_A,STATE_C,17,14,0.0,0.07142857142857142,-0.07142857142857142,0.25714286,0.00969068,6.82330589,0.4516129,1.0
chr20p::gain,STATE_A,STATE_D,17,24,0.0,0.16666666666666666,-0.16666666666666666,0.13015873,0.0065413,2.5898987,0.12842895,1.0
chr20p::gain,STATE_B,STATE_C,14,14,0.21428571428571427,0.07142857142857142,0.14285714285714285,2.73913043,0.34627621,21.66719895,0.59555556,1.0
chr20p::gain,STATE_B,STATE_D,14,24,0.21428571428571427,0.16666666666666666,0.047619047619047616,1.38647343,0.28773073,6.68092895,1.0,1.0
chr20p::gain,STATE_C,STATE_D,14,24,0.07142857142857142,0.16666666666666666,-0.09523809523809523,0.50617284,0.07048523,3.63495926,0.63305721,1.0
chr20q::loss,STATE_A,STATE_B,17,14,0.0,0.0,0.0,0.82857143,0.01546206,44.40097205,1.0,1.0
chr20q::loss,STATE_A,STATE_C,17,14,0.0,0.0,0.0,0.82857143,0.01546206,44.40097205,1.0,1.0
chr20q::loss,STATE_A,STATE_D,17,24,0.0,0.0,0.0,1.4,0.02648339,74.00864446,1.0,1.0
chr20q::loss,STATE_B,STATE_C,14,14,0.0,0.0,0.0,1.0,0.01855505,53.89368994,1.0,1.0
chr20q::loss,STATE_B,STATE_D,14,24,0.0,0.0,0.0,1.68965517,0.03178043,89.83309577,1.0,1.0
chr20q::loss,STATE_C,STATE_D,14,24,0.0,0.0,0.0,1.68965517,0.03178043,89.83309577,1.0,1.0
chr20q::gain,STATE_A,STATE_B,17,14,0.0,0.21428571428571427,-0.21428571428571427,0.09387755,0.00442279,1.99263221,0.08097887,0.48587322
chr20q::gain,STATE_A,STATE_C,17,14,0.0,0.21428571428571427,-0.21428571428571427,0.09387755,0.00442279,1.99263221,0.08097887,0.48587322
chr20q::gain,STATE_A,STATE_D,17,24,0.0,0.16666666666666666,-0.16666666666666666,0.13015873,0.0065413,2.5898987,0.12842895,0.5137158
chr20q::gain,STATE_B,STATE_C,14,14,0.21428571428571427,0.21428571428571427,0.0,1.0,0.18412689,5.43103716,1.0,1.0
chr20q::gain,STATE_B,STATE_D,14,24,0.21428571428571427,0.16666666666666666,0.047619047619047616,1.38647343,0.28773073,6.68092895,1.0,1.0
chr20q::gain,STATE_C,STATE_D,14,24,0.21428571428571427,0.16666666666666666,0.047619047619047616,1.38647343,0.28773073,6.68092895,1.0,1.0
chr21p::loss,STATE_A,STATE_B,17,14,0.0,0.0,0.0,0.82857143,0.01546206,44.40097205,1.0,1.0
chr21p::loss,STATE_A,STATE_C,17,14,0.0,0.0,0.0,0.82857143,0.01546206,44.40097205,1.0,1.0
chr21p::loss,STATE_A,STATE_D,17,24,0.0,0.0,0.0,1.4,0.02648339,74.00864446,1.0,1.0
chr21p::loss,STATE_B,STATE_C,14,14,0.0,0.0,0.0,1.0,0.01855505,53.89368994,1.0,1.0
chr21p::loss,STATE_B,STATE_D,14,24,0.0,0.0,0.0,1.68965517,0.03178043,89.83309577,1.0,1.0
chr21p::loss,STATE_C,STATE_D,14,24,0.0,0.0,0.0,1.68965517,0.03178043,89.83309577,1.0,1.0
chr21p::gain,STATE_A,STATE_B,17,14,0.0,0.0,0.0,0.82857143,0.01546206,44.40097205,1.0,1.0
chr21p::gain,STATE_A,STATE_C,17,14,0.0,0.0,0.0,0.82857143,0.01546206,44.40097205,1.0,1.0
chr21p::gain,STATE_A,STATE_D,17,24,0.0,0.0,0.0,1.4,0.02648339,74.00864446,1.0,1.0
chr21p::gain,STATE_B,STATE_C,14,14,0.0,0.0,0.0,1.0,0.01855505,53.89368994,1.0,1.0
chr21p::gain,STATE_B,STATE_D,14,24,0.0,0.0,0.0,1.68965517,0.03178043,89.83309577,1.0,1.0
chr21p::gain,STATE_C,STATE_D,14,24,0.0,0.0,0.0,1.68965517,0.03178043,89.83309577,1.0,1.0
chr21q::loss,STATE_A,STATE_B,17,14,0.0,0.2857142857142857,-0.2857142857142857,0.06666667,0.0032524,1.36651036,0.03181313,0.19087878
chr21q::loss,STATE_A,STATE_C,17,14,0.0,0.0,0.0,0.82857143,0.01546206,44.40097205,1.0,1.0
chr21q::loss,STATE_A,STATE_D,17,24,0.0,0.041666666666666664,-0.041666666666666664,0.44761905,0.01718428,11.65965919,1.0,1.0
chr21q::loss,STATE_B,STATE_C,14,14,0.2857142857142857,0.0,0.2857142857142857,12.42857143,0.60180491,256.67684794,0.09777778,1.0
chr21q::loss,STATE_B,STATE_D,14,24,0.2857142857142857,0.041666666666666664,0.24404761904761904,6.71428571,0.92151428,48.92125254,0.05185061,1.0
chr21q::loss,STATE_C,STATE_D,14,24,0.0,0.041666666666666664,-0.041666666666666664,0.54022989,0.02059583,14.17026576,1.0,1.0
chr21q::gain,STATE_A,STATE_B,17,14,0.0,0.14285714285714285,-0.14285714285714285,0.14285714,0.00629576,3.24157221,0.19569892,1.0
chr21q::gain,STATE_A,STATE_C,17,14,0.0,0.07142857142857142,-0.07142857142857142,0.25714286,0.00969068,6.82330589,0.4516129,1.0
chr21q::gain,STATE_A,STATE_D,17,24,0.0,0.041666666666666664,-0.041666666666666664,0.44761905,0.01718428,11.65965919,1.0,1.0
chr21q::gain,STATE_B,STATE_C,14,14,0.14285714285714285,0.07142857142857142,0.07142857142857142,1.8,0.20643675,15.69488004,1.0,1.0
chr21q::gain,STATE_B,STATE_D,14,24,0.14285714285714285,0.041666666666666664,0.10119047619047619,3.13333333,0.36960914,26.56259461,0.54196302,1.0
chr21q::gain,STATE_C,STATE_D,14,24,0.07142857142857142,0.041666666666666664,0.02976190476190476,1.74074074,0.16434133,18.43832182,1.0,1.0
chr22p::loss,STATE_A,STATE_B,17,14,0.0,0.0,0.0,0.82857143,0.01546206,44.40097205,1.0,1.0
chr22p::loss,STATE_A,STATE_C,17,14,0.0,0.0,0.0,0.82857143,0.01546206,44.40097205,1.0,1.0
chr22p::loss,STATE_A,STATE_D,17,24,0.0,0.0,0.0,1.4,0.02648339,74.00864446,1.0,1.0
chr22p::loss,STATE_B,STATE_C,14,14,0.0,0.0,0.0,1.0,0.01855505,53.89368994,1.0,1.0
chr22p::loss,STATE_B,STATE_D,14,24,0.0,0.0,0.0,1.68965517,0.03178043,89.83309577,1.0,1.0
chr22p::loss,STATE_C,STATE_D,14,24,0.0,0.0,0.0,1.68965517,0.03178043,89.83309577,1.0,1.0
chr22p::gain,STATE_A,STATE_B,17,14,0.0,0.0,0.0,0.82857143,0.01546206,44.40097205,1.0,1.0
chr22p::gain,STATE_A,STATE_C,17,14,0.0,0.0,0.0,0.82857143,0.01546206,44.40097205,1.0,1.0
chr22p::gain,STATE_A,STATE_D,17,24,0.0,0.0,0.0,1.4,0.02648339,74.00864446,1.0,1.0
chr22p::gain,STATE_B,STATE_C,14,14,0.0,0.0,0.0,1.0,0.01855505,53.89368994,1.0,1.0
chr22p::gain,STATE_B,STATE_D,14,24,0.0,0.0,0.0,1.68965517,0.03178043,89.83309577,1.0,1.0
chr22p::gain,STATE_C,STATE_D,14,24,0.0,0.0,0.0,1.68965517,0.03178043,89.83309577,1.0,1.0
chr22q::loss,STATE_A,STATE_B,17,14,0.0,0.21428571428571427,-0.21428571428571427,0.09387755,0.00442279,1.99263221,0.08097887,0.48587322
chr22q::loss,STATE_A,STATE_C,17,14,0.0,0.0,0.0,0.82857143,0.01546206,44.40097205,1.0,1.0
chr22q::loss,STATE_A,STATE_D,17,24,0.0,0.0,0.0,1.4,0.02648339,74.00864446,1.0,1.0
chr22q::loss,STATE_B,STATE_C,14,14,0.21428571428571427,0.0,0.21428571428571427,8.82608696,0.41274202,188.73729273,0.22222222,1.0
chr22q::loss,STATE_B,STATE_D,14,24,0.21428571428571427,0.0,0.21428571428571427,14.91304348,0.70984933,313.30432773,0.04314841,1.0
chr22q::loss,STATE_C,STATE_D,14,24,0.0,0.0,0.0,1.68965517,0.03178043,89.83309577,1.0,1.0
chr22q::gain,STATE_A,STATE_B,17,14,0.0,0.14285714285714285,-0.14285714285714285,0.14285714,0.00629576,3.24157221,0.19569892,1.0
chr22q::gain,STATE_A,STATE_C,17,14,0.0,0.0,0.0,0.82857143,0.01546206,44.40097205,1.0,1.0
chr22q::gain,STATE_A,STATE_D,17,24,0.0,0.041666666666666664,-0.041666666666666664,0.44761905,0.01718428,11.65965919,1.0,1.0
chr22q::gain,STATE_B,STATE_C,14,14,0.14285714285714285,0.0,0.14285714285714285,5.8,0.25375751,132.56750642,0.48148148,1.0
chr22q::gain,STATE_B,STATE_D,14,24,0.14285714285714285,0.041666666666666664,0.10119047619047619,3.13333333,0.36960914,26.56259461,0.54196302,1.0
chr22q::gain,STATE_C,STATE_D,14,24,0.0,0.041666666666666664,-0.041666666666666664,0.54022989,0.02059583,14.17026576,1.0,1.0
locus::VHL::loss,STATE_A,STATE_B,17,14,0.9411764705882353,0.5,0.4411764705882353,11.0,1.55868683,77.62944898,0.01085816,0.06514896
locus::VHL::loss,STATE_A,STATE_C,17,14,0.9411764705882353,0.7857142857142857,0.15546218487394958,3.34782609,0.42856992,26.15195077,0.30411568,1.0
locus::VHL::loss,STATE_A,STATE_D,17,24,0.9411764705882353,0.9166666666666666,0.02450980392156865,1.22222222,0.14646795,10.19900381,1.0,1.0
locus::VHL::loss,STATE_B,STATE_C,14,14,0.5,0.7857142857142857,-0.2857142857142857,0.30434783,0.06349639,1.45878534,0.23646072,1.0
locus::VHL::loss,STATE_B,STATE_D,14,24,0.5,0.9166666666666666,-0.41666666666666663,0.11111111,0.02127885,0.58018547,0.00626523,1.0
locus::VHL::loss,STATE_C,STATE_D,14,24,0.7857142857142857,0.9166666666666666,-0.13095238095238093,0.36507937,0.06207752,2.14704025,0.33668033,1.0
locus::VHL::gain,STATE_A,STATE_B,17,14,0.0,0.21428571428571427,-0.21428571428571427,0.09387755,0.00442279,1.99263221,0.08097887,0.48587322
locus::VHL::gain,STATE_A,STATE_C,17,14,0.0,0.0,0.0,0.82857143,0.01546206,44.40097205,1.0,1.0
locus::VHL::gain,STATE_A,STATE_D,17,24,0.0,0.0,0.0,1.4,0.02648339,74.00864446,1.0,1.0
locus::VHL::gain,STATE_B,STATE_C,14,14,0.21428571428571427,0.0,0.21428571428571427,8.82608696,0.41274202,188.73729273,0.22222222,1.0
locus::VHL::gain,STATE_B,STATE_D,14,24,0.21428571428571427,0.0,0.21428571428571427,14.91304348,0.70984933,313.30432773,0.04314841,1.0
locus::VHL::gain,STATE_C,STATE_D,14,24,0.0,0.0,0.0,1.68965517,0.03178043,89.83309577,1.0,1.0
locus::SETD2::loss,STATE_A,STATE_B,17,14,0.9411764705882353,0.5714285714285714,0.3697478991596639,8.41176471,1.18630216,59.6456687,0.02811519,0.16869114
locus::SETD2::loss,STATE_A,STATE_C,17,14,0.9411764705882353,0.8571428571428571,0.08403361344537819,2.2,0.2553522,18.95421317,0.57641824,1.0
locus::SETD2::loss,STATE_A,STATE_D,17,24,0.9411764705882353,0.9166666666666666,0.02450980392156865,1.22222222,0.14646795,10.19900381,1.0,1.0
locus::SETD2::loss,STATE_B,STATE_C,14,14,0.5714285714285714,0.8571428571428571,-0.2857142857142857,0.26153846,0.04782185,1.43035799,0.20869565,1.0
locus::SETD2::loss,STATE_B,STATE_D,14,24,0.5714285714285714,0.9166666666666666,-0.34523809523809523,0.14529915,0.02767081,0.76296445,0.03373317,1.0
locus::SETD2::loss,STATE_C,STATE_D,14,24,0.8571428571428571,0.9166666666666666,-0.059523809523809534,0.55555556,0.08439154,3.65726208,0.61612138,1.0
locus::SETD2::gain,STATE_A,STATE_B,17,14,0.0,0.14285714285714285,-0.14285714285714285,0.14285714,0.00629576,3.24157221,0.19569892,1.0
locus::SETD2::gain,STATE_A,STATE_C,17,14,0.0,0.0,0.0,0.82857143,0.01546206,44.40097205,1.0,1.0
locus::SETD2::gain,STATE_A,STATE_D,17,24,0.0,0.0,0.0,1.4,0.02648339,74.00864446,1.0,1.0
locus::SETD2::gain,STATE_B,STATE_C,14,14,0.14285714285714285,0.0,0.14285714285714285,5.8,0.25375751,132.56750642,0.48148148,1.0
locus::SETD2::gain,STATE_B,STATE_D,14,24,0.14285714285714285,0.0,0.14285714285714285,9.8,0.43625643,220.14575271,0.12944523,1.0
locus::SETD2::gain,STATE_C,STATE_D,14,24,0.0,0.0,0.0,1.68965517,0.03178043,89.83309577,1.0,1.0
locus::PBRM1::loss,STATE_A,STATE_B,17,14,0.9411764705882353,0.5714285714285714,0.3697478991596639,8.41176471,1.18630216,59.6456687,0.02811519,0.16869114
locus::PBRM1::loss,STATE_A,STATE_C,17,14,0.9411764705882353,0.8571428571428571,0.08403361344537819,2.2,0.2553522,18.95421317,0.57641824,1.0
locus::PBRM1::loss,STATE_A,STATE_D,17,24,0.9411764705882353,0.9166666666666666,0.02450980392156865,1.22222222,0.14646795,10.19900381,1.0,1.0
locus::PBRM1::loss,STATE_B,STATE_C,14,14,0.5714285714285714,0.8571428571428571,-0.2857142857142857,0.26153846,0.04782185,1.43035799,0.20869565,1.0
locus::PBRM1::loss,STATE_B,STATE_D,14,24,0.5714285714285714,0.9166666666666666,-0.34523809523809523,0.14529915,0.02767081,0.76296445,0.03373317,1.0
locus::PBRM1::loss,STATE_C,STATE_D,14,24,0.8571428571428571,0.9166666666666666,-0.059523809523809534,0.55555556,0.08439154,3.65726208,0.61612138,1.0
locus::PBRM1::gain,STATE_A,STATE_B,17,14,0.0,0.14285714285714285,-0.14285714285714285,0.14285714,0.00629576,3.24157221,0.19569892,1.0
locus::PBRM1::gain,STATE_A,STATE_C,17,14,0.0,0.0,0.0,0.82857143,0.01546206,44.40097205,1.0,1.0
locus::PBRM1::gain,STATE_A,STATE_D,17,24,0.0,0.0,0.0,1.4,0.02648339,74.00864446,1.0,1.0
locus::PBRM1::gain,STATE_B,STATE_C,14,14,0.14285714285714285,0.0,0.14285714285714285,5.8,0.25375751,132.56750642,0.48148148,1.0
locus::PBRM1::gain,STATE_B,STATE_D,14,24,0.14285714285714285,0.0,0.14285714285714285,9.8,0.43625643,220.14575271,0.12944523,1.0
locus::PBRM1::gain,STATE_C,STATE_D,14,24,0.0,0.0,0.0,1.68965517,0.03178043,89.83309577,1.0,1.0
locus::BAP1::loss,STATE_A,STATE_B,17,14,0.9411764705882353,0.5714285714285714,0.3697478991596639,8.41176471,1.18630216,59.6456687,0.02811519,0.16869114
locus::BAP1::loss,STATE_A,STATE_C,17,14,0.9411764705882353,0.8571428571428571,0.08403361344537819,2.2,0.2553522,18.95421317,0.57641824,1.0
locus::BAP1::loss,STATE_A,STATE_D,17,24,0.9411764705882353,0.9166666666666666,0.02450980392156865,1.22222222,0.14646795,10.19900381,1.0,1.0
locus::BAP1::loss,STATE_B,STATE_C,14,14,0.5714285714285714,0.8571428571428571,-0.2857142857142857,0.26153846,0.04782185,1.43035799,0.20869565,1.0
locus::BAP1::loss,STATE_B,STATE_D,14,24,0.5714285714285714,0.9166666666666666,-0.34523809523809523,0.14529915,0.02767081,0.76296445,0.03373317,1.0
locus::BAP1::loss,STATE_C,STATE_D,14,24,0.8571428571428571,0.9166666666666666,-0.059523809523809534,0.55555556,0.08439154,3.65726208,0.61612138,1.0
locus::BAP1::gain,STATE_A,STATE_B,17,14,0.0,0.14285714285714285,-0.14285714285714285,0.14285714,0.00629576,3.24157221,0.19569892,1.0
locus::BAP1::gain,STATE_A,STATE_C,17,14,0.0,0.0,0.0,0.82857143,0.01546206,44.40097205,1.0,1.0
locus::BAP1::gain,STATE_A,STATE_D,17,24,0.0,0.0,0.0,1.4,0.02648339,74.00864446,1.0,1.0
locus::BAP1::gain,STATE_B,STATE_C,14,14,0.14285714285714285,0.0,0.14285714285714285,5.8,0.25375751,132.56750642,0.48148148,1.0
locus::BAP1::gain,STATE_B,STATE_D,14,24,0.14285714285714285,0.0,0.14285714285714285,9.8,0.43625643,220.14575271,0.12944523,1.0
locus::BAP1::gain,STATE_C,STATE_D,14,24,0.0,0.0,0.0,1.68965517,0.03178043,89.83309577,1.0,1.0
locus::JAK2::loss,STATE_A,STATE_B,17,14,0.0,0.07142857142857142,-0.07142857142857142,0.25714286,0.00969068,6.82330589,0.4516129,1.0
locus::JAK2::loss,STATE_A,STATE_C,17,14,0.0,0.35714285714285715,-0.35714285714285715,0.04935065,0.00245474,0.99215505,0.01178264,1.0
locus::JAK2::loss,STATE_A,STATE_D,17,24,0.0,0.375,-0.375,0.04661654,0.00250195,0.86856207,0.00546679,1.0
locus::JAK2::loss,STATE_B,STATE_C,14,14,0.07142857142857142,0.35714285714285715,-0.2857142857142857,0.19191919,0.02631123,1.39989567,0.1647343,1.0
locus::JAK2::loss,STATE_B,STATE_D,14,24,0.07142857142857142,0.375,-0.3035714285714286,0.18128655,0.02793342,1.17654084,0.05942152,1.0
locus::JAK2::loss,STATE_C,STATE_D,14,24,0.35714285714285715,0.375,-0.01785714285714285,0.94459834,0.25112908,3.55301753,1.0,1.0
locus::JAK2::gain,STATE_A,STATE_B,17,14,0.058823529411764705,0.14285714285714285,-0.08403361344537814,0.45454545,0.05275872,3.91615975,0.57641824,1.0
locus::JAK2::gain,STATE_A,STATE_C,17,14,0.058823529411764705,0.0,0.058823529411764705,2.63636364,0.09944974,69.88870187,1.0,1.0
locus::JAK2::gain,STATE_A,STATE_D,17,24,0.058823529411764705,0.0,0.058823529411764705,4.45454545,0.17083797,116.15084635,0.41463415,1.0
locus::JAK2::gain,STATE_B,STATE_C,14,14,0.14285714285714285,0.0,0.14285714285714285,5.8,0.25375751,132.56750642,0.48148148,1.0
locus::JAK2::gain,STATE_B,STATE_D,14,24,0.14285714285714285,0.0,0.14285714285714285,9.8,0.43625643,220.14575271,0.12944523,1.0
locus::JAK2::gain,STATE_C,STATE_D,14,24,0.0,0.0,0.0,1.68965517,0.03178043,89.83309577,1.0,1.0
locus::CDKN2A::loss,STATE_A,STATE_B,17,14,0.0,0.14285714285714285,-0.14285714285714285,0.14285714,0.00629576,3.24157221,0.19569892,1.0
locus::CDKN2A::loss,STATE_A,STATE_C,17,14,0.0,0.42857142857142855,-0.42857142857142855,0.03736264,0.00187712,0.74367608,0.00407861,1.0
locus::CDKN2A::loss,STATE_A,STATE_D,17,24,0.0,0.4166666666666667,-0.4166666666666667,0.03945578,0.0021254,0.73245384,0.00228717,1.0
locus::CDKN2A::loss,STATE_B,STATE_C,14,14,0.14285714285714285,0.42857142857142855,-0.2857142857142857,0.26153846,0.04782185,1.43035799,0.20869565,1.0
locus::CDKN2A::loss,STATE_B,STATE_D,14,24,0.14285714285714285,0.4166666666666667,-0.27380952380952384,0.27619048,0.0572799,1.33172684,0.147091,1.0
locus::CDKN2A::loss,STATE_C,STATE_D,14,24,0.42857142857142855,0.4166666666666667,0.011904761904761862,1.05602241,0.28960587,3.85069314,1.0,1.0
locus::CDKN2A::gain,STATE_A,STATE_B,17,14,0.0,0.0,0.0,0.82857143,0.01546206,44.40097205,1.0,1.0
locus::CDKN2A::gain,STATE_A,STATE_C,17,14,0.0,0.0,0.0,0.82857143,0.01546206,44.40097205,1.0,1.0
locus::CDKN2A::gain,STATE_A,STATE_D,17,24,0.0,0.0,0.0,1.4,0.02648339,74.00864446,1.0,1.0
locus::CDKN2A::gain,STATE_B,STATE_C,14,14,0.0,0.0,0.0,1.0,0.01855505,53.89368994,1.0,1.0
locus::CDKN2A::gain,STATE_B,STATE_D,14,24,0.0,0.0,0.0,1.68965517,0.03178043,89.83309577,1.0,1.0
locus::CDKN2A::gain,STATE_C,STATE_D,14,24,0.0,0.0,0.0,1.68965517,0.03178043,89.83309577,1.0,1.0
locus::PTEN::loss,STATE_A,STATE_B,17,14,0.0,0.21428571428571427,-0.21428571428571427,0.09387755,0.00442279,1.99263221,0.08097887,0.48587322
locus::PTEN::loss,STATE_A,STATE_C,17,14,0.0,0.07142857142857142,-0.07142857142857142,0.25714286,0.00969068,6.82330589,0.4516129,1.0
locus::PTEN::loss,STATE_A,STATE_D,17,24,0.0,0.2916666666666667,-0.2916666666666667,0.06666667,0.00352987,1.25909578,0.02947148,1.0
locus::PTEN::loss,STATE_B,STATE_C,14,14,0.21428571428571427,0.07142857142857142,0.14285714285714285,2.73913043,0.34627621,21.66719895,0.59555556,1.0
locus::PTEN::loss,STATE_B,STATE_D,14,24,0.21428571428571427,0.2916666666666667,-0.07738095238095241,0.71014493,0.16314248,3.09119875,0.71499688,1.0
locus::PTEN::loss,STATE_C,STATE_D,14,24,0.07142857142857142,0.2916666666666667,-0.22023809523809526,0.25925926,0.03911229,1.71852281,0.21567323,1.0
