core_id,feature,q_value,fisher_p,odds_ratio,ci_low,ci_high,frequency_difference,event,set_altered_n,set_total_n,rest_altered_n,rest_total_n,alteration_frequency,rest_alteration_frequency,delta_alteration_frequency
CORE01,chr1p::loss,1.0,1.0,1.04835165,0.16495467,6.66268624,-0.015032679738562094,loss,1,18,6,85,0.05555555555555555,0.07058823529411765,-0.015032679738562094
CORE01,chr1p::gain,1.0,1.0,4.62162162,0.0888025,240.52686977,0.0,gain,0,18,0,85,0.0,0.0,0.0
CORE01,chr1q::loss,1.0,1.0,0.63706564,0.03153323,12.87063332,-0.03529411764705882,loss,0,18,3,85,0.0,0.03529411764705882,-0.03529411764705882
CORE01,chr1q::gain,1.0,0.58706767,0.33056133,0.01781682,6.1330126,-0.07058823529411765,gain,0,18,6,85,0.0,0.07058823529411765,-0.07058823529411765
CORE01,chr2p::loss,1.0,1.0,0.9027027,0.04157454,19.60026958,-0.023529411764705882,loss,0,18,2,85,0.0,0.023529411764705882,-0.023529411764705882
CORE01,chr2p::gain,1.0,0.58706767,0.33056133,0.01781682,6.1330126,-0.07058823529411765,gain,0,18,6,85,0.0,0.07058823529411765,-0.07058823529411765
CORE01,chr2q::loss,1.0,1.0,0.9027027,0.04157454,19.60026958,-0.023529411764705882,loss,0,18,2,85,0.0,0.023529411764705882,-0.023529411764705882
CORE01,chr2q::gain,1.0,0.58366905,0.3955774,0.02093581,7.4743471,-0.058823529411764705,gain,0,18,5,85,0.0,0.058823529411764705,-0.058823529411764705
CORE01,chr3p::loss,0.8644092,0.0656411,4.64769648,0.82231127,26.26874197,0.226797385620915,loss,17,18,61,85,0.9444444444444444,0.7176470588235294,0.226797385620915
CORE01,chr3p::gain,1.0,1.0,0.9027027,0.04157454,19.60026958,-0.023529411764705882,gain,0,18,2,85,0.0,0.023529411764705882,-0.023529411764705882
CORE01,chr3q::loss,1.0,0.40176581,2.05882353,0.52893117,8.01381083,0.07254901960784313,loss,3,18,8,85,0.16666666666666666,0.09411764705882353,0.07254901960784313
CORE01,chr3q::gain,1.0,0.58706767,0.33056133,0.01781682,6.1330126,-0.07058823529411765,gain,0,18,6,85,0.0,0.07058823529411765,-0.07058823529411765
CORE01,chr4p::loss,1.0,0.58706767,0.33056133,0.01781682,6.1330126,-0.07058823529411765,loss,0,18,6,85,0.0,0.07058823529411765,-0.07058823529411765
CORE01,chr4p::gain,1.0,1.0,0.63706564,0.03153323,12.87063332,-0.03529411764705882,gain,0,18,3,85,0.0,0.03529411764705882,-0.03529411764705882
CORE01,chr4q::loss,1.0,1.0,0.48948949,0.02523638,9.49423045,-0.047058823529411764,loss,0,18,4,85,0.0,0.047058823529411764,-0.047058823529411764
CORE01,chr4q::gain,1.0,1.0,0.9027027,0.04157454,19.60026958,-0.023529411764705882,gain,0,18,2,85,0.0,0.023529411764705882,-0.023529411764705882
CORE01,chr5p::loss,1.0,1.0,4.62162162,0.0888025,240.52686977,0.0,loss,0,18,0,85,0.0,0.0,0.0
CORE01,chr5p::gain,1.0,1.0,1.14979424,0.38199159,3.46087935,0.01895424836601306,gain,5,18,22,85,0.2777777777777778,0.25882352941176473,0.01895424836601306
CORE01,chr5q::loss,1.0,1.0,1.52252252,0.05962991,38.87436726,-0.011764705882352941,loss,0,18,1,85,0.0,0.011764705882352941,-0.011764705882352941
CORE01,chr5q::gain,1.0,0.18503119,2.1372549,0.78223797,5.83947426,0.19084967320261442,gain,10,18,31,85,0.5555555555555556,0.36470588235294116,0.19084967320261442
CORE01,chr6p::loss,1.0,0.20487983,0.17508813,0.00985919,3.1093692,-0.12941176470588237,loss,0,18,11,85,0.0,0.12941176470588237,-0.12941176470588237
CORE01,chr6p::gain,1.0,1.0,4.62162162,0.0888025,240.52686977,0.0,gain,0,18,0,85,0.0,0.0,0.0
CORE01,chr6q::loss,1.0,0.29336358,0.38986175,0.06735431,2.25660675,-0.12091503267973858,loss,1,18,15,85,0.05555555555555555,0.17647058823529413,-0.12091503267973858
CORE01,chr6q::gain,1.0,1.0,4.62162162,0.0888025,240.52686977,0.0,gain,0,18,0,85,0.0,0.0,0.0
CORE01,chr7p::loss,1.0,1.0,4.62162162,0.0888025,240.52686977,0.0,loss,0,18,0,85,0.0,0.0,0.0
CORE01,chr7p::gain,1.0,0.18573077,0.29230769,0.05119175,1.66909277,-0.16797385620915034,gain,1,18,19,85,0.05555555555555555,0.2235294117647059,-0.16797385620915034
CORE01,chr7q::loss,1.0,1.0,4.62162162,0.0888025,240.52686977,0.0,loss,0,18,0,85,0.0,0.0,0.0
CORE01,chr7q::gain,1.0,0.18573077,0.29230769,0.05119175,1.66909277,-0.16797385620915034,gain,1,18,19,85,0.05555555555555555,0.2235294117647059,-0.16797385620915034
CORE01,chr8p::loss,0.64272087,0.03780711,0.20336134,0.03603368,1.14769944,-0.238562091503268,loss,1,18,25,85,0.05555555555555555,0.29411764705882354,-0.238562091503268
CORE01,chr8p::gain,1.0,1.0,0.9027027,0.04157454,19.60026958,-0.023529411764705882,gain,0,18,2,85,0.0,0.023529411764705882,-0.023529411764705882
CORE01,chr8q::loss,1.0,1.0,0.78151261,0.12768575,4.78332105,-0.038562091503267976,loss,1,18,8,85,0.05555555555555555,0.09411764705882353,-0.038562091503267976
CORE01,chr8q::gain,1.0,0.58366905,0.3955774,0.02093581,7.4743471,-0.058823529411764705,gain,0,18,5,85,0.0,0.058823529411764705,-0.058823529411764705
CORE01,chr9p::loss,0.51869422,0.02034095,0.08635465,0.00498253,1.49665477,-0.23529411764705882,loss,0,18,20,85,0.0,0.23529411764705882,-0.23529411764705882
CORE01,chr9p::gain,1.0,0.32038835,4.82857143,0.47403908,49.183924,0.04379084967320261,gain,1,18,1,85,0.05555555555555555,0.011764705882352941,0.04379084967320261
CORE01,chr9q::loss,0.37770668,0.01110902,0.07627628,0.00441247,1.31855265,-0.25882352941176473,loss,0,18,22,85,0.0,0.25882352941176473,-0.25882352941176473
CORE01,chr9q::gain,1.0,1.0,0.9027027,0.04157454,19.60026958,-0.023529411764705882,gain,0,18,2,85,0.0,0.023529411764705882,-0.023529411764705882
CORE01,chr10p::loss,1.0,0.58366905,0.3955774,0.02093581,7.4743471,-0.058823529411764705,loss,0,18,5,85,0.0,0.058823529411764705,-0.058823529411764705
CORE01,chr10p::gain,1.0,1.0,4.62162162,0.0888025,240.52686977,0.0,gain,0,18,0,85,0.0,0.0,0.0
CORE01,chr10q::loss,1.0,0.34938325,0.28288288,0.01545295,5.17847653,-0.08235294117647059,loss,0,18,7,85,0.0,0.08235294117647059,-0.08235294117647059
CORE01,chr10q::gain,1.0,1.0,4.62162162,0.0888025,240.52686977,0.0,gain,0,18,0,85,0.0,0.0,0.0
CORE01,chr11p::loss,1.0,1.0,4.62162162,0.0888025,240.52686977,0.0,loss,0,18,0,85,0.0,0.0,0.0
CORE01,chr11p::gain,1.0,1.0,0.9027027,0.04157454,19.60026958,-0.023529411764705882,gain,0,18,2,85,0.0,0.023529411764705882,-0.023529411764705882
CORE01,chr11q::loss,1.0,1.0,1.52252252,0.05962991,38.87436726,-0.011764705882352941,loss,0,18,1,85,0.0,0.011764705882352941,-0.011764705882352941
CORE01,chr11q::gain,1.0,1.0,0.9027027,0.04157454,19.60026958,-0.023529411764705882,gain,0,18,2,85,0.0,0.023529411764705882,-0.023529411764705882
CORE01,chr12p::loss,1.0,1.0,4.62162162,0.0888025,240.52686977,0.0,loss,0,18,0,85,0.0,0.0,0.0
CORE01,chr12p::gain,1.0,0.29336358,0.38986175,0.06735431,2.25660675,-0.12091503267973858,gain,1,18,15,85,0.05555555555555555,0.17647058823529413,-0.12091503267973858
CORE01,chr12q::loss,1.0,1.0,4.62162162,0.0888025,240.52686977,0.0,loss,0,18,0,85,0.0,0.0,0.0
CORE01,chr12q::gain,1.0,0.7315307,0.74712644,0.17612568,3.16931595,-0.05359477124183007,gain,2,18,14,85,0.1111111111111111,0.16470588235294117,-0.05359477124183007
CORE01,chr13p::loss,1.0,1.0,4.62162162,0.0888025,240.52686977,0.0,loss,0,18,0,85,0.0,0.0,0.0
CORE01,chr13p::gain,1.0,1.0,4.62162162,0.0888025,240.52686977,0.0,gain,0,18,0,85,0.0,0.0,0.0
CORE01,chr13q::loss,1.0,1.0,1.25454545,0.19181972,8.20501811,-0.0032679738562091526,loss,1,18,5,85,0.05555555555555555,0.058823529411764705,-0.0032679738562091526
CORE01,chr13q::gain,1.0,1.0,4.62162162,0.0888025,240.52686977,0.0,gain,0,18,0,85,0.0,0.0,0.0
CORE01,chr14p::loss,1.0,1.0,4.62162162,0.0888025,240.52686977,0.0,loss,0,18,0,85,0.0,0.0,0.0
CORE01,chr14p::gain,1.0,1.0,4.62162162,0.0888025,240.52686977,0.0,gain,0,18,0,85,0.0,0.0,0.0
CORE01,chr14q::loss,0.64272087,0.03288446,0.26582278,0.07730766,0.91403299,-0.292156862745098,loss,3,18,39,85,0.16666666666666666,0.4588235294117647,-0.292156862745098
CORE01,chr14q::gain,1.0,1.0,0.9027027,0.04157454,19.60026958,-0.023529411764705882,gain,0,18,2,85,0.0,0.023529411764705882,-0.023529411764705882
CORE01,chr15p::loss,1.0,1.0,4.62162162,0.0888025,240.52686977,0.0,loss,0,18,0,85,0.0,0.0,0.0
CORE01,chr15p::gain,1.0,1.0,4.62162162,0.0888025,240.52686977,0.0,gain,0,18,0,85,0.0,0.0,0.0
CORE01,chr15q::loss,1.0,1.0,0.63706564,0.03153323,12.87063332,-0.03529411764705882,loss,0,18,3,85,0.0,0.03529411764705882,-0.03529411764705882
CORE01,chr15q::gain,1.0,1.0,0.9027027,0.04157454,19.60026958,-0.023529411764705882,gain,0,18,2,85,0.0,0.023529411764705882,-0.023529411764705882
CORE01,chr16p::loss,1.0,1.0,1.52252252,0.05962991,38.87436726,-0.011764705882352941,loss,0,18,1,85,0.0,0.011764705882352941,-0.011764705882352941
CORE01,chr16p::gain,1.0,0.46018823,0.4226601,0.07268236,2.45783933,-0.10915032679738562,gain,1,18,14,85,0.05555555555555555,0.16470588235294117,-0.10915032679738562
CORE01,chr16q::loss,1.0,1.0,1.52252252,0.05962991,38.87436726,-0.011764705882352941,loss,0,18,1,85,0.0,0.011764705882352941,-0.011764705882352941
CORE01,chr16q::gain,1.0,0.46018823,0.4226601,0.07268236,2.45783933,-0.10915032679738562,gain,1,18,14,85,0.05555555555555555,0.16470588235294117,-0.10915032679738562
CORE01,chr17p::loss,1.0,1.0,0.48948949,0.02523638,9.49423045,-0.047058823529411764,loss,0,18,4,85,0.0,0.047058823529411764,-0.047058823529411764
CORE01,chr17p::gain,1.0,1.0,4.62162162,0.0888025,240.52686977,0.0,gain,0,18,0,85,0.0,0.0,0.0
CORE01,chr17q::loss,1.0,1.0,0.9027027,0.04157454,19.60026958,-0.023529411764705882,loss,0,18,2,85,0.0,0.023529411764705882,-0.023529411764705882
CORE01,chr17q::gain,1.0,1.0,0.9027027,0.04157454,19.60026958,-0.023529411764705882,gain,0,18,2,85,0.0,0.023529411764705882,-0.023529411764705882
CORE01,chr18p::loss,1.0,1.0,0.69022556,0.11424635,4.17003533,-0.05032679738562092,loss,1,18,9,85,0.05555555555555555,0.10588235294117647,-0.05032679738562092
CORE01,chr18p::gain,1.0,1.0,1.52252252,0.05962991,38.87436726,-0.011764705882352941,gain,0,18,1,85,0.0,0.011764705882352941,-0.011764705882352941
CORE01,chr18q::loss,1.0,1.0,0.69022556,0.11424635,4.17003533,-0.05032679738562092,loss,1,18,9,85,0.05555555555555555,0.10588235294117647,-0.05032679738562092
CORE01,chr18q::gain,1.0,1.0,0.63706564,0.03153323,12.87063332,-0.03529411764705882,gain,0,18,3,85,0.0,0.03529411764705882,-0.03529411764705882
CORE01,chr19p::loss,1.0,1.0,4.62162162,0.0888025,240.52686977,0.0,loss,0,18,0,85,0.0,0.0,0.0
CORE01,chr19p::gain,1.0,1.0,0.9027027,0.04157454,19.60026958,-0.023529411764705882,gain,0,18,2,85,0.0,0.023529411764705882,-0.023529411764705882
CORE01,chr19q::loss,1.0,1.0,4.62162162,0.0888025,240.52686977,0.0,loss,0,18,0,85,0.0,0.0,0.0
CORE01,chr19q::gain,1.0,0.58366905,0.3955774,0.02093581,7.4743471,-0.058823529411764705,gain,0,18,5,85,0.0,0.058823529411764705,-0.058823529411764705
CORE01,chr20p::loss,1.0,0.44150726,2.86285714,0.35451118,23.11901994,0.03202614379084967,loss,1,18,2,85,0.05555555555555555,0.023529411764705882,0.03202614379084967
CORE01,chr20p::gain,1.0,0.11754629,0.14514515,0.00824177,2.55614061,-0.15294117647058825,gain,0,18,13,85,0.0,0.15294117647058825,-0.15294117647058825
CORE01,chr20q::loss,1.0,1.0,4.62162162,0.0888025,240.52686977,0.0,loss,0,18,0,85,0.0,0.0,0.0
CORE01,chr20q::gain,0.8644092,0.0677968,0.11384111,0.00652028,1.98761488,-0.18823529411764706,gain,0,18,16,85,0.0,0.18823529411764706,-0.18823529411764706
CORE01,chr21p::loss,1.0,1.0,4.62162162,0.0888025,240.52686977,0.0,loss,0,18,0,85,0.0,0.0,0.0
CORE01,chr21p::gain,1.0,1.0,4.62162162,0.0888025,240.52686977,0.0,gain,0,18,0,85,0.0,0.0,0.0
CORE01,chr21q::loss,1.0,1.0,1.04835165,0.16495467,6.66268624,-0.015032679738562094,loss,1,18,6,85,0.05555555555555555,0.07058823529411765,-0.015032679738562094
CORE01,chr21q::gain,1.0,0.58706767,0.33056133,0.01781682,6.1330126,-0.07058823529411765,gain,0,18,6,85,0.0,0.07058823529411765,-0.07058823529411765
CORE01,chr22p::loss,1.0,1.0,4.62162162,0.0888025,240.52686977,0.0,loss,0,18,0,85,0.0,0.0,0.0
CORE01,chr22p::gain,1.0,1.0,4.62162162,0.0888025,240.52686977,0.0,gain,0,18,0,85,0.0,0.0,0.0
CORE01,chr22q::loss,1.0,1.0,0.48948949,0.02523638,9.49423045,-0.047058823529411764,loss,0,18,4,85,0.0,0.047058823529411764,-0.047058823529411764
CORE01,chr22q::gain,1.0,1.0,0.63706564,0.03153323,12.87063332,-0.03529411764705882,gain,0,18,3,85,0.0,0.03529411764705882,-0.03529411764705882
CORE01,locus::VHL::loss,1.0,0.18641888,2.98053528,0.5188747,17.12087826,0.14444444444444438,loss,17,18,68,85,0.9444444444444444,0.8,0.14444444444444438
CORE01,locus::VHL::gain,1.0,1.0,0.63706564,0.03153323,12.87063332,-0.03529411764705882,gain,0,18,3,85,0.0,0.03529411764705882,-0.03529411764705882
CORE01,locus::SETD2::loss,1.0,0.46018823,2.36596737,0.40686142,13.75849689,0.10915032679738557,loss,17,18,71,85,0.9444444444444444,0.8352941176470589,0.10915032679738557
CORE01,locus::SETD2::gain,1.0,1.0,0.9027027,0.04157454,19.60026958,-0.023529411764705882,gain,0,18,2,85,0.0,0.023529411764705882,-0.023529411764705882
CORE01,locus::PBRM1::loss,1.0,0.29336358,2.56501182,0.44314323,14.8468604,0.12091503267973858,loss,17,18,70,85,0.9444444444444444,0.8235294117647058,0.12091503267973858
CORE01,locus::PBRM1::gain,1.0,1.0,0.9027027,0.04157454,19.60026958,-0.023529411764705882,gain,0,18,2,85,0.0,0.023529411764705882,-0.023529411764705882
CORE01,locus::BAP1::loss,1.0,0.29404477,2.76978417,0.48046684,15.96718791,0.13267973856209148,loss,17,18,69,85,0.9444444444444444,0.8117647058823529,0.13267973856209148
CORE01,locus::BAP1::gain,1.0,1.0,0.9027027,0.04157454,19.60026958,-0.023529411764705882,gain,0,18,2,85,0.0,0.023529411764705882,-0.023529411764705882
CORE01,locus::JAK2::loss,0.37770668,0.01110902,0.07627628,0.00441247,1.31855265,-0.25882352941176473,loss,0,18,22,85,0.0,0.25882352941176473,-0.25882352941176473
CORE01,locus::JAK2::gain,1.0,0.13992118,5.06060606,0.81107806,31.57493091,0.08758169934640522,gain,2,18,2,85,0.1111111111111111,0.023529411764705882,0.08758169934640522
CORE01,locus::CDKN2A::loss,0.37770668,0.00550828,0.06412295,0.00372056,1.10514397,-0.29411764705882354,loss,0,18,25,85,0.0,0.29411764705882354,-0.29411764705882354
CORE01,locus::CDKN2A::gain,1.0,0.17475728,14.65714286,0.57304705,374.89388705,0.05555555555555555,gain,1,18,0,85,0.05555555555555555,0.0,0.05555555555555555
CORE01,locus::PTEN::loss,1.0,0.20487983,0.17508813,0.00985919,3.1093692,-0.12941176470588237,loss,0,18,11,85,0.0,0.12941176470588237,-0.12941176470588237
CORE01,locus::PTEN::gain,1.0,1.0,4.62162162,0.0888025,240.52686977,0.0,gain,0,18,0,85,0.0,0.0,0.0
CORE02,chr1p::loss,1.0,0.24164004,3.07272727,0.61500144,15.35224512,0.08667736757624397,loss,2,14,5,89,0.14285714285714285,0.056179775280898875,0.08667736757624397
CORE02,chr1p::gain,1.0,1.0,6.17241379,0.11777453,323.48838376,0.0,gain,0,14,0,89,0.0,0.0,0.0
CORE02,chr1q::loss,1.0,1.0,0.85221675,0.04179821,17.37570721,-0.033707865168539325,loss,0,14,3,89,0.0,0.033707865168539325,-0.033707865168539325
CORE02,chr1q::gain,1.0,1.0,1.70707071,0.2567029,11.35199639,0.01524879614767255,gain,1,14,5,89,0.07142857142857142,0.056179775280898875,0.01524879614767255
CORE02,chr2p::loss,1.0,1.0,1.20689655,0.05508906,26.44080736,-0.02247191011235955,loss,0,14,2,89,0.0,0.02247191011235955,-0.02247191011235955
CORE02,chr2p::gain,1.0,1.0,1.70707071,0.2567029,11.35199639,0.01524879614767255,gain,1,14,5,89,0.07142857142857142,0.056179775280898875,0.01524879614767255
CORE02,chr2q::loss,1.0,1.0,1.20689655,0.05508906,26.44080736,-0.02247191011235955,loss,0,14,2,89,0.0,0.02247191011235955,-0.02247191011235955
CORE02,chr2q::gain,1.0,1.0,0.52978056,0.02777762,10.10408562,-0.056179775280898875,gain,0,14,5,89,0.0,0.056179775280898875,-0.056179775280898875
CORE02,chr3p::loss,1.0,0.74000022,0.7323601,0.21927396,2.44603282,-0.049759229534510396,loss,10,14,68,89,0.7142857142857143,0.7640449438202247,-0.049759229534510396
CORE02,chr3p::gain,1.0,1.0,1.20689655,0.05508906,26.44080736,-0.02247191011235955,gain,0,14,2,89,0.0,0.02247191011235955,-0.02247191011235955
CORE02,chr3q::loss,1.0,0.64307345,1.69473684,0.37241333,7.71221852,0.041733547351524874,loss,2,14,9,89,0.14285714285714285,0.10112359550561797,0.041733547351524874
CORE02,chr3q::gain,1.0,0.1871722,3.8,0.72536886,19.90711323,0.09791332263242375,gain,2,14,4,89,0.14285714285714285,0.0449438202247191,0.09791332263242375
CORE02,chr4p::loss,1.0,1.0,0.44297082,0.02365228,8.29616267,-0.06741573033707865,loss,0,14,6,89,0.0,0.06741573033707865,-0.06741573033707865
CORE02,chr4p::gain,1.0,1.0,0.85221675,0.04179821,17.37570721,-0.033707865168539325,gain,0,14,3,89,0.0,0.033707865168539325,-0.033707865168539325
CORE02,chr4q::loss,1.0,1.0,0.65517241,0.03346662,12.82624075,-0.0449438202247191,loss,0,14,4,89,0.0,0.0449438202247191,-0.0449438202247191
CORE02,chr4q::gain,1.0,1.0,1.20689655,0.05508906,26.44080736,-0.02247191011235955,gain,0,14,2,89,0.0,0.02247191011235955,-0.02247191011235955
CORE02,chr5p::loss,1.0,1.0,6.17241379,0.11777453,323.48838376,0.0,loss,0,14,0,89,0.0,0.0,0.0
CORE02,chr5p::gain,1.0,0.18772274,2.43638851,0.78674587,7.54498907,0.19261637239165327,gain,6,14,21,89,0.42857142857142855,0.23595505617977527,0.19261637239165327
CORE02,chr5q::loss,1.0,1.0,2.03448276,0.07900557,52.39022903,-0.011235955056179775,loss,0,14,1,89,0.0,0.011235955056179775,-0.011235955056179775
CORE02,chr5q::gain,1.0,1.0,0.84859409,0.27375989,2.63045085,-0.04735152487961475,gain,5,14,36,89,0.35714285714285715,0.4044943820224719,-0.04735152487961475
CORE02,chr6p::loss,1.0,0.16997195,2.91815857,0.72719662,11.71024345,0.12439807383627607,loss,3,14,8,89,0.21428571428571427,0.0898876404494382,0.12439807383627607
CORE02,chr6p::gain,1.0,1.0,6.17241379,0.11777453,323.48838376,0.0,gain,0,14,0,89,0.0,0.0,0.0
CORE02,chr6q::loss,1.0,1.0,1.04137931,0.23953023,4.52749059,-0.014446227929374,loss,2,14,14,89,0.14285714285714285,0.15730337078651685,-0.014446227929374
CORE02,chr6q::gain,1.0,1.0,6.17241379,0.11777453,323.48838376,0.0,gain,0,14,0,89,0.0,0.0,0.0
CORE02,chr7p::loss,1.0,1.0,6.17241379,0.11777453,323.48838376,0.0,loss,0,14,0,89,0.0,0.0,0.0
CORE02,chr7p::gain,1.0,0.14015541,2.78268251,0.8514998,9.09374495,0.18860353130016053,gain,5,14,15,89,0.35714285714285715,0.16853932584269662,0.18860353130016053
CORE02,chr7q::loss,1.0,1.0,6.17241379,0.11777453,323.48838376,0.0,loss,0,14,0,89,0.0,0.0,0.0
CORE02,chr7q::gain,1.0,0.14015541,2.78268251,0.8514998,9.09374495,0.18860353130016053,gain,5,14,15,89,0.35714285714285715,0.16853932584269662,0.18860353130016053
CORE02,chr8p::loss,1.0,0.33563462,1.84455324,0.58023918,5.86374859,0.12118780096308188,loss,5,14,21,89,0.35714285714285715,0.23595505617977527,0.12118780096308188
CORE02,chr8p::gain,1.0,0.25452123,6.55555556,0.6349348,67.68460075,0.06019261637239165,gain,1,14,1,89,0.07142857142857142,0.011235955056179775,0.06019261637239165
CORE02,chr8q::loss,1.0,0.6060288,0.29219601,0.01610465,5.30148023,-0.10112359550561797,loss,0,14,9,89,0.0,0.10112359550561797,-0.10112359550561797
CORE02,chr8q::gain,1.0,0.13537435,4.94285714,0.87804698,27.82520455,0.10914927768860352,gain,2,14,3,89,0.14285714285714285,0.033707865168539325,0.10914927768860352
CORE02,chr9p::loss,1.0,0.46515598,1.90909091,0.559891,6.50953146,0.1059390048154093,loss,4,14,16,89,0.2857142857142857,0.1797752808988764,0.1059390048154093
CORE02,chr9p::gain,1.0,1.0,1.20689655,0.05508906,26.44080736,-0.02247191011235955,gain,0,14,2,89,0.0,0.02247191011235955,-0.02247191011235955
CORE02,chr9q::loss,1.0,0.17154205,2.39849624,0.74236433,7.74927348,0.16613162118780098,loss,5,14,17,89,0.35714285714285715,0.19101123595505617,0.16613162118780098
CORE02,chr9q::gain,1.0,1.0,1.20689655,0.05508906,26.44080736,-0.02247191011235955,gain,0,14,2,89,0.0,0.02247191011235955,-0.02247191011235955
CORE02,chr10p::loss,1.0,1.0,0.52978056,0.02777762,10.10408562,-0.056179775280898875,loss,0,14,5,89,0.0,0.056179775280898875,-0.056179775280898875
CORE02,chr10p::gain,1.0,1.0,6.17241379,0.11777453,323.48838376,0.0,gain,0,14,0,89,0.0,0.0,0.0
CORE02,chr10q::loss,1.0,1.0,1.42735043,0.22082899,9.22582316,0.004012841091492775,loss,1,14,6,89,0.07142857142857142,0.06741573033707865,0.004012841091492775
CORE02,chr10q::gain,1.0,1.0,6.17241379,0.11777453,323.48838376,0.0,gain,0,14,0,89,0.0,0.0,0.0
CORE02,chr11p::loss,1.0,1.0,6.17241379,0.11777453,323.48838376,0.0,loss,0,14,0,89,0.0,0.0,0.0
CORE02,chr11p::gain,1.0,1.0,1.20689655,0.05508906,26.44080736,-0.02247191011235955,gain,0,14,2,89,0.0,0.02247191011235955,-0.02247191011235955
CORE02,chr11q::loss,1.0,0.13592233,19.88888889,0.77007919,513.6717197,0.07142857142857142,loss,1,14,0,89,0.07142857142857142,0.0,0.07142857142857142
CORE02,chr11q::gain,1.0,1.0,1.20689655,0.05508906,26.44080736,-0.02247191011235955,gain,0,14,2,89,0.0,0.02247191011235955,-0.02247191011235955
CORE02,chr12p::loss,1.0,1.0,6.17241379,0.11777453,323.48838376,0.0,loss,0,14,0,89,0.0,0.0,0.0
CORE02,chr12p::gain,1.0,0.22484944,2.65714286,0.75705665,9.3261293,0.1508828250401284,gain,4,14,12,89,0.2857142857142857,0.1348314606741573,0.1508828250401284
CORE02,chr12q::loss,1.0,1.0,6.17241379,0.11777453,323.48838376,0.0,loss,0,14,0,89,0.0,0.0,0.0
CORE02,chr12q::gain,1.0,0.22484944,2.65714286,0.75705665,9.3261293,0.1508828250401284,gain,4,14,12,89,0.2857142857142857,0.1348314606741573,0.1508828250401284
CORE02,chr13p::loss,1.0,1.0,6.17241379,0.11777453,323.48838376,0.0,loss,0,14,0,89,0.0,0.0,0.0
CORE02,chr13p::gain,1.0,1.0,6.17241379,0.11777453,323.48838376,0.0,gain,0,14,0,89,0.0,0.0,0.0
CORE02,chr13q::loss,1.0,0.1871722,3.8,0.72536886,19.90711323,0.09791332263242375,loss,2,14,4,89,0.14285714285714285,0.0449438202247191,0.09791332263242375
CORE02,chr13q::gain,1.0,1.0,6.17241379,0.11777453,323.48838376,0.0,gain,0,14,0,89,0.0,0.0,0.0
CORE02,chr14p::loss,1.0,1.0,6.17241379,0.11777453,323.48838376,0.0,loss,0,14,0,89,0.0,0.0,0.0
CORE02,chr14p::gain,1.0,1.0,6.17241379,0.11777453,323.48838376,0.0,gain,0,14,0,89,0.0,0.0,0.0
CORE02,chr14q::loss,1.0,1.0,1.12087027,0.37141278,3.38262499,0.02407704654895665,loss,6,14,36,89,0.42857142857142855,0.4044943820224719,0.02407704654895665
CORE02,chr14q::gain,1.0,1.0,1.20689655,0.05508906,26.44080736,-0.02247191011235955,gain,0,14,2,89,0.0,0.02247191011235955,-0.02247191011235955
CORE02,chr15p::loss,1.0,1.0,6.17241379,0.11777453,323.48838376,0.0,loss,0,14,0,89,0.0,0.0,0.0
CORE02,chr15p::gain,1.0,1.0,6.17241379,0.11777453,323.48838376,0.0,gain,0,14,0,89,0.0,0.0,0.0
CORE02,chr15q::loss,1.0,0.35785492,3.88888889,0.47439079,31.87974401,0.048956661316211875,loss,1,14,2,89,0.07142857142857142,0.02247191011235955,0.048956661316211875
CORE02,chr15q::gain,1.0,1.0,1.20689655,0.05508906,26.44080736,-0.02247191011235955,gain,0,14,2,89,0.0,0.02247191011235955,-0.02247191011235955
CORE02,chr16p::loss,1.0,1.0,2.03448276,0.07900557,52.39022903,-0.011235955056179775,loss,0,14,1,89,0.0,0.011235955056179775,-0.011235955056179775
CORE02,chr16p::gain,1.0,0.4248984,1.88695652,0.49539429,7.18741618,0.07945425361155697,gain,3,14,12,89,0.21428571428571427,0.1348314606741573,0.07945425361155697
CORE02,chr16q::loss,1.0,1.0,2.03448276,0.07900557,52.39022903,-0.011235955056179775,loss,0,14,1,89,0.0,0.011235955056179775,-0.011235955056179775
CORE02,chr16q::gain,1.0,0.4248984,1.88695652,0.49539429,7.18741618,0.07945425361155697,gain,3,14,12,89,0.21428571428571427,0.1348314606741573,0.07945425361155697
CORE02,chr17p::loss,1.0,0.44775523,2.74603175,0.37278589,20.22793916,0.0377207062600321,loss,1,14,3,89,0.07142857142857142,0.033707865168539325,0.0377207062600321
CORE02,chr17p::gain,1.0,1.0,6.17241379,0.11777453,323.48838376,0.0,gain,0,14,0,89,0.0,0.0,0.0
CORE02,chr17q::loss,1.0,1.0,1.20689655,0.05508906,26.44080736,-0.02247191011235955,loss,0,14,2,89,0.0,0.02247191011235955,-0.02247191011235955
CORE02,chr17q::gain,1.0,1.0,1.20689655,0.05508906,26.44080736,-0.02247191011235955,gain,0,14,2,89,0.0,0.02247191011235955,-0.02247191011235955
CORE02,chr18p::loss,1.0,0.62279354,1.91764706,0.41494643,8.862277,0.05296950240770465,loss,2,14,8,89,0.14285714285714285,0.0898876404494382,0.05296950240770465
CORE02,chr18p::gain,1.0,1.0,2.03448276,0.07900557,52.39022903,-0.011235955056179775,gain,0,14,1,89,0.0,0.011235955056179775,-0.011235955056179775
CORE02,chr18q::loss,1.0,0.62279354,1.91764706,0.41494643,8.862277,0.05296950240770465,loss,2,14,8,89,0.14285714285714285,0.0898876404494382,0.05296950240770465
CORE02,chr18q::gain,1.0,1.0,0.85221675,0.04179821,17.37570721,-0.033707865168539325,gain,0,14,3,89,0.0,0.033707865168539325,-0.033707865168539325
CORE02,chr19p::loss,1.0,1.0,6.17241379,0.11777453,323.48838376,0.0,loss,0,14,0,89,0.0,0.0,0.0
CORE02,chr19p::gain,1.0,1.0,1.20689655,0.05508906,26.44080736,-0.02247191011235955,gain,0,14,2,89,0.0,0.02247191011235955,-0.02247191011235955
CORE02,chr19q::loss,1.0,1.0,6.17241379,0.11777453,323.48838376,0.0,loss,0,14,0,89,0.0,0.0,0.0
CORE02,chr19q::gain,1.0,0.52585045,2.11111111,0.30489375,14.61751893,0.026484751203852325,gain,1,14,4,89,0.07142857142857142,0.0449438202247191,0.026484751203852325
CORE02,chr20p::loss,1.0,0.35785492,3.88888889,0.47439079,31.87974401,0.048956661316211875,loss,1,14,2,89,0.07142857142857142,0.02247191011235955,0.048956661316211875
CORE02,chr20p::gain,0.10870599,0.00213149,8.41176471,2.37270355,29.82158707,0.3499197431781701,gain,6,14,7,89,0.42857142857142855,0.07865168539325842,0.3499197431781701
CORE02,chr20q::loss,1.0,1.0,6.17241379,0.11777453,323.48838376,0.0,loss,0,14,0,89,0.0,0.0,0.0
CORE02,chr20q::gain,0.10870599,0.00107232,8.47368421,2.51391417,28.56236107,0.398876404494382,gain,7,14,9,89,0.5,0.10112359550561797,0.398876404494382
CORE02,chr21p::loss,1.0,1.0,6.17241379,0.11777453,323.48838376,0.0,loss,0,14,0,89,0.0,0.0,0.0
CORE02,chr21p::gain,1.0,1.0,6.17241379,0.11777453,323.48838376,0.0,gain,0,14,0,89,0.0,0.0,0.0
CORE02,chr21q::loss,1.0,0.58939627,0.37931034,0.02052601,7.00946412,-0.07865168539325842,loss,0,14,7,89,0.0,0.07865168539325842,-0.07865168539325842
CORE02,chr21q::gain,1.0,0.03177865,7.52173913,1.51215101,37.41462285,0.18057784911717495,gain,3,14,3,89,0.21428571428571427,0.033707865168539325,0.18057784911717495
CORE02,chr22p::loss,1.0,1.0,6.17241379,0.11777453,323.48838376,0.0,loss,0,14,0,89,0.0,0.0,0.0
CORE02,chr22p::gain,1.0,1.0,6.17241379,0.11777453,323.48838376,0.0,gain,0,14,0,89,0.0,0.0,0.0
CORE02,chr22q::loss,1.0,0.08815398,7.0,1.10006189,44.54294825,0.1203852327447833,loss,2,14,2,89,0.14285714285714285,0.02247191011235955,0.1203852327447833
CORE02,chr22q::gain,1.0,1.0,0.85221675,0.04179821,17.37570721,-0.033707865168539325,gain,0,14,3,89,0.0,0.033707865168539325,-0.033707865168539325
CORE02,locus::VHL::loss,1.0,0.26120335,0.44812362,0.12979631,1.5471532,-0.1284109149277688,loss,10,14,75,89,0.7142857142857143,0.8426966292134831,-0.1284109149277688
CORE02,locus::VHL::gain,1.0,1.0,0.85221675,0.04179821,17.37570721,-0.033707865168539325,gain,0,14,3,89,0.0,0.033707865168539325,-0.033707865168539325
CORE02,locus::SETD2::loss,1.0,1.0,0.88235294,0.20165007,3.86087988,0.0032102728731941976,loss,12,14,76,89,0.8571428571428571,0.8539325842696629,0.0032102728731941976
CORE02,locus::SETD2::gain,1.0,1.0,1.20689655,0.05508906,26.44080736,-0.02247191011235955,gain,0,14,2,89,0.0,0.02247191011235955,-0.02247191011235955
CORE02,locus::PBRM1::loss,1.0,0.45276124,0.57983193,0.15349475,2.19033591,-0.0682182985553772,loss,11,14,76,89,0.7857142857142857,0.8539325842696629,-0.0682182985553772
CORE02,locus::PBRM1::gain,1.0,1.0,1.20689655,0.05508906,26.44080736,-0.02247191011235955,gain,0,14,2,89,0.0,0.02247191011235955,-0.02247191011235955
CORE02,locus::BAP1::loss,1.0,0.69780168,0.63103122,0.16824739,2.36675534,-0.056982343499197396,loss,11,14,75,89,0.7857142857142857,0.8426966292134831,-0.056982343499197396
CORE02,locus::BAP1::gain,1.0,1.0,1.20689655,0.05508906,26.44080736,-0.02247191011235955,gain,0,14,2,89,0.0,0.02247191011235955,-0.02247191011235955
CORE02,locus::JAK2::loss,1.0,0.49123973,1.65637066,0.49051019,5.59328591,0.08346709470304975,loss,4,14,18,89,0.2857142857142857,0.20224719101123595,0.08346709470304975
CORE02,locus::JAK2::gain,1.0,0.44775523,2.74603175,0.37278589,20.22793916,0.0377207062600321,gain,1,14,3,89,0.07142857142857142,0.033707865168539325,0.0377207062600321
CORE02,locus::CDKN2A::loss,1.0,0.31932922,1.96277279,0.61532293,6.26090269,0.13242375601926165,loss,5,14,20,89,0.35714285714285715,0.2247191011235955,0.13242375601926165
CORE02,locus::CDKN2A::gain,1.0,1.0,2.03448276,0.07900557,52.39022903,-0.011235955056179775,gain,0,14,1,89,0.0,0.011235955056179775,-0.011235955056179775
CORE02,locus::PTEN::loss,1.0,0.16997195,2.91815857,0.72719662,11.71024345,0.12439807383627607,loss,3,14,8,89,0.21428571428571427,0.0898876404494382,0.12439807383627607
CORE02,locus::PTEN::gain,1.0,1.0,6.17241379,0.11777453,323.48838376,0.0,gain,0,14,0,89,0.0,0.0,0.0
CORE03,chr1p::loss,0.15860807,0.0254601,8.09803922,1.69459698,38.69842792,0.2292490118577075,loss,3,11,4,92,0.2727272727272727,0.043478260869565216,0.2292490118577075
CORE03,chr1p::gain,1.0,1.0,8.04347826,0.15217027,425.16545464,0.0,gain,0,11,0,92,0.0,0.0,0.0
CORE03,chr1q::loss,0.07628296,0.00093299,76.17647059,3.62437463,1601.06370463,0.2727272727272727,loss,3,11,0,92,0.2727272727272727,0.0,0.2727272727272727
CORE03,chr1q::gain,1.0,1.0,0.57859532,0.03054068,10.96152795,-0.06521739130434782,gain,0,11,6,92,0.0,0.06521739130434782,-0.06521739130434782
CORE03,chr2p::loss,0.07628296,0.01047021,48.68421053,2.17358062,1090.43682467,0.18181818181818182,loss,2,11,0,92,0.18181818181818182,0.0,0.18181818181818182
CORE03,chr2p::gain,1.0,1.0,0.57859532,0.03054068,10.96152795,-0.06521739130434782,gain,0,11,6,92,0.0,0.06521739130434782,-0.06521739130434782
CORE03,chr2q::loss,0.07628296,0.01047021,48.68421053,2.17358062,1090.43682467,0.18181818181818182,loss,2,11,0,92,0.18181818181818182,0.0,0.18181818181818182
CORE03,chr2q::gain,0.98227306,0.43824048,2.80952381,0.39752488,19.85642754,0.047430830039525695,gain,1,11,4,92,0.09090909090909091,0.043478260869565216,0.047430830039525695
CORE03,chr3p::loss,0.44215994,0.13004704,0.33416928,0.09700555,1.15116201,-0.23715415019762853,loss,6,11,72,92,0.5454545454545454,0.782608695652174,-0.23715415019762853
CORE03,chr3p::gain,0.07628296,0.01047021,48.68421053,2.17358062,1090.43682467,0.18181818181818182,gain,2,11,0,92,0.18181818181818182,0.0,0.18181818181818182
CORE03,chr3q::loss,1.0,0.60232676,0.30812854,0.01698806,5.58881944,-0.11956521739130435,loss,0,11,11,92,0.0,0.11956521739130435,-0.11956521739130435
CORE03,chr3q::gain,0.43250561,0.12296728,5.1754386,0.96007226,27.89911313,0.1383399209486166,gain,2,11,4,92,0.18181818181818182,0.043478260869565216,0.1383399209486166
CORE03,chr4p::loss,1.0,1.0,0.57859532,0.03054068,10.96152795,-0.06521739130434782,loss,0,11,6,92,0.0,0.06521739130434782,-0.06521739130434782
CORE03,chr4p::gain,0.15860807,0.02954464,16.05263158,1.90444436,135.30822242,0.17094861660079053,gain,2,11,1,92,0.18181818181818182,0.010869565217391304,0.17094861660079053
CORE03,chr4q::loss,1.0,1.0,0.85507246,0.0431851,16.93058318,-0.043478260869565216,loss,0,11,4,92,0.0,0.043478260869565216,-0.043478260869565216
CORE03,chr4q::gain,0.07628296,0.01047021,48.68421053,2.17358062,1090.43682467,0.18181818181818182,gain,2,11,0,92,0.18181818181818182,0.0,0.18181818181818182
CORE03,chr5p::loss,1.0,1.0,8.04347826,0.15217027,425.16545464,0.0,loss,0,11,0,92,0.0,0.0,0.0
CORE03,chr5p::gain,0.79446474,0.28039932,0.35849057,0.06111856,2.10272427,-0.19169960474308298,gain,1,11,26,92,0.09090909090909091,0.2826086956521739,-0.19169960474308298
CORE03,chr5q::loss,1.0,1.0,2.65217391,0.10192673,69.01061733,-0.010869565217391304,loss,0,11,1,92,0.0,0.010869565217391304,-0.010869565217391304
CORE03,chr5q::gain,1.0,1.0,0.888,0.25697703,3.06853886,-0.038537549407114624,gain,4,11,37,92,0.36363636363636365,0.40217391304347827,-0.038537549407114624
CORE03,chr6p::loss,0.87047634,0.33282919,2.31301939,0.49269592,10.85874362,0.08399209486166008,loss,2,11,9,92,0.18181818181818182,0.09782608695652174,0.08399209486166008
CORE03,chr6p::gain,1.0,1.0,8.04347826,0.15217027,425.16545464,0.0,gain,0,11,0,92,0.0,0.0,0.0
CORE03,chr6q::loss,1.0,0.67906298,1.4246824,0.31737168,6.39540337,0.029644268774703553,loss,2,11,14,92,0.18181818181818182,0.15217391304347827,0.029644268774703553
CORE03,chr6q::gain,1.0,1.0,8.04347826,0.15217027,425.16545464,0.0,gain,0,11,0,92,0.0,0.0,0.0
CORE03,chr7p::loss,1.0,1.0,8.04347826,0.15217027,425.16545464,0.0,loss,0,11,0,92,0.0,0.0,0.0
CORE03,chr7p::gain,0.98227306,0.44298589,1.77647059,0.46096714,6.84614473,0.08794466403162055,gain,3,11,17,92,0.2727272727272727,0.18478260869565216,0.08794466403162055
CORE03,chr7q::loss,1.0,1.0,8.04347826,0.15217027,425.16545464,0.0,loss,0,11,0,92,0.0,0.0,0.0
CORE03,chr7q::gain,0.98227306,0.44298589,1.77647059,0.46096714,6.84614473,0.08794466403162055,gain,3,11,17,92,0.2727272727272727,0.18478260869565216,0.08794466403162055
CORE03,chr8p::loss,1.0,0.46283614,1.88,0.53252334,6.63707996,0.12450592885375494,loss,4,11,22,92,0.36363636363636365,0.2391304347826087,0.12450592885375494
CORE03,chr8p::gain,0.59195563,0.20312203,8.71428571,0.82975215,91.51982955,0.08003952569169961,gain,1,11,1,92,0.09090909090909091,0.010869565217391304,0.08003952569169961
CORE03,chr8q::loss,1.0,1.0,1.42016807,0.22319165,9.03652667,0.003952569169960479,loss,1,11,8,92,0.09090909090909091,0.08695652173913043,0.003952569169960479
CORE03,chr8q::gain,0.98227306,0.43824048,2.80952381,0.39752488,19.85642754,0.047430830039525695,gain,1,11,4,92,0.09090909090909091,0.043478260869565216,0.047430830039525695
CORE03,chr9p::loss,1.0,1.0,1.05974395,0.24043809,4.67087904,-0.013833992094861663,loss,2,11,18,92,0.18181818181818182,0.1956521739130435,-0.013833992094861663
CORE03,chr9p::gain,0.59195563,0.20312203,8.71428571,0.82975215,91.51982955,0.08003952569169961,gain,1,11,1,92,0.09090909090909091,0.010869565217391304,0.08003952569169961
CORE03,chr9q::loss,1.0,1.0,0.93068036,0.21250361,4.07600564,-0.03557312252964426,loss,2,11,20,92,0.18181818181818182,0.21739130434782608,-0.03557312252964426
CORE03,chr9q::gain,0.59195563,0.20312203,8.71428571,0.82975215,91.51982955,0.08003952569169961,gain,1,11,1,92,0.09090909090909091,0.010869565217391304,0.08003952569169961
CORE03,chr10p::loss,0.34185998,0.08714078,6.72932331,1.16304608,38.93551003,0.1492094861660079,loss,2,11,3,92,0.18181818181818182,0.03260869565217391,0.1492094861660079
CORE03,chr10p::gain,1.0,1.0,8.04347826,0.15217027,425.16545464,0.0,gain,0,11,0,92,0.0,0.0,0.0
CORE03,chr10q::loss,0.53293404,0.16197015,4.18660287,0.81365592,21.54183761,0.1274703557312253,loss,2,11,5,92,0.18181818181818182,0.05434782608695652,0.1274703557312253
CORE03,chr10q::gain,1.0,1.0,8.04347826,0.15217027,425.16545464,0.0,gain,0,11,0,92,0.0,0.0,0.0
CORE03,chr11p::loss,1.0,1.0,8.04347826,0.15217027,425.16545464,0.0,loss,0,11,0,92,0.0,0.0,0.0
CORE03,chr11p::gain,0.07628296,0.01047021,48.68421053,2.17358062,1090.43682467,0.18181818181818182,gain,2,11,0,92,0.18181818181818182,0.0,0.18181818181818182
CORE03,chr11q::loss,1.0,1.0,2.65217391,0.10192673,69.01061733,-0.010869565217391304,loss,0,11,1,92,0.0,0.010869565217391304,-0.010869565217391304
CORE03,chr11q::gain,0.07628296,0.01047021,48.68421053,2.17358062,1090.43682467,0.18181818181818182,gain,2,11,0,92,0.18181818181818182,0.0,0.18181818181818182
CORE03,chr12p::loss,1.0,1.0,8.04347826,0.15217027,425.16545464,0.0,loss,0,11,0,92,0.0,0.0,0.0
CORE03,chr12p::gain,0.89971213,0.3704697,2.4248366,0.61492467,9.56187455,0.13142292490118576,gain,3,11,13,92,0.2727272727272727,0.14130434782608695,0.13142292490118576
CORE03,chr12q::loss,1.0,1.0,8.04347826,0.15217027,425.16545464,0.0,loss,0,11,0,92,0.0,0.0,0.0
CORE03,chr12q::gain,0.89971213,0.3704697,2.4248366,0.61492467,9.56187455,0.13142292490118576,gain,3,11,13,92,0.2727272727272727,0.14130434782608695,0.13142292490118576
CORE03,chr13p::loss,1.0,1.0,8.04347826,0.15217027,425.16545464,0.0,loss,0,11,0,92,0.0,0.0,0.0
CORE03,chr13p::gain,1.0,1.0,8.04347826,0.15217027,425.16545464,0.0,gain,0,11,0,92,0.0,0.0,0.0
CORE03,chr13q::loss,1.0,0.50129512,2.27272727,0.33468557,15.43325932,0.03656126482213439,loss,1,11,5,92,0.09090909090909091,0.05434782608695652,0.03656126482213439
CORE03,chr13q::gain,1.0,1.0,8.04347826,0.15217027,425.16545464,0.0,gain,0,11,0,92,0.0,0.0,0.0
CORE03,chr14p::loss,1.0,1.0,8.04347826,0.15217027,425.16545464,0.0,loss,0,11,0,92,0.0,0.0,0.0
CORE03,chr14p::gain,1.0,1.0,8.04347826,0.15217027,425.16545464,0.0,gain,0,11,0,92,0.0,0.0,0.0
CORE03,chr14q::loss,1.0,1.0,0.84935065,0.24593026,2.93333776,-0.04940711462450592,loss,4,11,38,92,0.36363636363636365,0.41304347826086957,-0.04940711462450592
CORE03,chr14q::gain,0.07628296,0.01047021,48.68421053,2.17358062,1090.43682467,0.18181818181818182,gain,2,11,0,92,0.18181818181818182,0.0,0.18181818181818182
CORE03,chr15p::loss,1.0,1.0,8.04347826,0.15217027,425.16545464,0.0,loss,0,11,0,92,0.0,0.0,0.0
CORE03,chr15p::gain,1.0,1.0,8.04347826,0.15217027,425.16545464,0.0,gain,0,11,0,92,0.0,0.0,0.0
CORE03,chr15q::loss,1.0,1.0,1.11180124,0.05392289,22.92351045,-0.03260869565217391,loss,0,11,3,92,0.0,0.03260869565217391,-0.03260869565217391
CORE03,chr15q::gain,0.07628296,0.01047021,48.68421053,2.17358062,1090.43682467,0.18181818181818182,gain,2,11,0,92,0.18181818181818182,0.0,0.18181818181818182
CORE03,chr16p::loss,1.0,1.0,2.65217391,0.10192673,69.01061733,-0.010869565217391304,loss,0,11,1,92,0.0,0.010869565217391304,-0.010869565217391304
CORE03,chr16p::gain,0.07628296,0.00922132,6.64835165,1.80361419,24.50667105,0.3458498023715415,gain,5,11,10,92,0.45454545454545453,0.10869565217391304,0.3458498023715415
CORE03,chr16q::loss,1.0,1.0,2.65217391,0.10192673,69.01061733,-0.010869565217391304,loss,0,11,1,92,0.0,0.010869565217391304,-0.010869565217391304
CORE03,chr16q::gain,0.25581328,0.05266744,4.25217391,1.1338907,15.94596639,0.2440711462450593,gain,4,11,11,92,0.36363636363636365,0.11956521739130435,0.2440711462450593
CORE03,chr17p::loss,0.25769489,0.05558125,9.52631579,1.45916314,62.19365733,0.16007905138339923,loss,2,11,2,92,0.18181818181818182,0.021739130434782608,0.16007905138339923
CORE03,chr17p::gain,1.0,1.0,8.04347826,0.15217027,425.16545464,0.0,gain,0,11,0,92,0.0,0.0,0.0
CORE03,chr17q::loss,0.07628296,0.01047021,48.68421053,2.17358062,1090.43682467,0.18181818181818182,loss,2,11,0,92,0.18181818181818182,0.0,0.18181818181818182
CORE03,chr17q::gain,1.0,1.0,1.57391304,0.07105996,34.86073142,-0.021739130434782608,gain,0,11,2,92,0.0,0.021739130434782608,-0.021739130434782608
CORE03,chr18p::loss,1.0,1.0,1.2556391,0.19986687,7.8883987,-0.006916996047430832,loss,1,11,9,92,0.09090909090909091,0.09782608695652174,-0.006916996047430832
CORE03,chr18p::gain,0.38904301,0.10679612,26.42857143,1.01081501,690.99625823,0.09090909090909091,gain,1,11,0,92,0.09090909090909091,0.0,0.09090909090909091
CORE03,chr18q::loss,1.0,1.0,1.2556391,0.19986687,7.8883987,-0.006916996047430832,loss,1,11,9,92,0.09090909090909091,0.09782608695652174,-0.006916996047430832
CORE03,chr18q::gain,0.79921334,0.28991072,5.17142857,0.61903697,43.20206204,0.0691699604743083,gain,1,11,2,92,0.09090909090909091,0.021739130434782608,0.0691699604743083
CORE03,chr19p::loss,1.0,1.0,8.04347826,0.15217027,425.16545464,0.0,loss,0,11,0,92,0.0,0.0,0.0
CORE03,chr19p::gain,0.59195563,0.20312203,8.71428571,0.82975215,91.51982955,0.08003952569169961,gain,1,11,1,92,0.09090909090909091,0.010869565217391304,0.08003952569169961
CORE03,chr19q::loss,1.0,1.0,8.04347826,0.15217027,425.16545464,0.0,loss,0,11,0,92,0.0,0.0,0.0
CORE03,chr19q::gain,0.34185998,0.08714078,6.72932331,1.16304608,38.93551003,0.1492094861660079,gain,2,11,3,92,0.18181818181818182,0.03260869565217391,0.1492094861660079
CORE03,chr20p::loss,1.0,1.0,1.11180124,0.05392289,22.92351045,-0.03260869565217391,loss,0,11,3,92,0.0,0.03260869565217391,-0.03260869565217391
CORE03,chr20p::gain,1.0,0.62713923,1.86498856,0.40631599,8.56028903,0.06225296442687747,gain,2,11,11,92,0.18181818181818182,0.11956521739130435,0.06225296442687747
CORE03,chr20q::loss,1.0,1.0,8.04347826,0.15217027,425.16545464,0.0,loss,0,11,0,92,0.0,0.0,0.0
CORE03,chr20q::gain,1.0,0.67906298,1.4246824,0.31737168,6.39540337,0.029644268774703553,gain,2,11,14,92,0.18181818181818182,0.15217391304347827,0.029644268774703553
CORE03,chr21p::loss,1.0,1.0,8.04347826,0.15217027,425.16545464,0.0,loss,0,11,0,92,0.0,0.0,0.0
CORE03,chr21p::gain,1.0,1.0,8.04347826,0.15217027,425.16545464,0.0,gain,0,11,0,92,0.0,0.0,0.0
CORE03,chr21q::loss,0.15860807,0.0254601,8.09803922,1.69459698,38.69842792,0.2292490118577075,loss,3,11,4,92,0.2727272727272727,0.043478260869565216,0.2292490118577075
CORE03,chr21q::gain,1.0,0.50129512,2.27272727,0.33468557,15.43325932,0.03656126482213439,gain,1,11,5,92,0.09090909090909091,0.05434782608695652,0.03656126482213439
CORE03,chr22p::loss,1.0,1.0,8.04347826,0.15217027,425.16545464,0.0,loss,0,11,0,92,0.0,0.0,0.0
CORE03,chr22p::gain,1.0,1.0,8.04347826,0.15217027,425.16545464,0.0,gain,0,11,0,92,0.0,0.0,0.0
CORE03,chr22q::loss,1.0,1.0,0.85507246,0.0431851,16.93058318,-0.043478260869565216,loss,0,11,4,92,0.0,0.043478260869565216,-0.043478260869565216
CORE03,chr22q::gain,0.15860807,0.02954464,16.05263158,1.90444436,135.30822242,0.17094861660079053,gain,2,11,1,92,0.18181818181818182,0.010869565217391304,0.17094861660079053
CORE03,locus::VHL::loss,0.36988804,0.09791154,0.30785563,0.08423146,1.1251744,-0.21146245059288538,loss,7,11,78,92,0.6363636363636364,0.8478260869565217,-0.21146245059288538
CORE03,locus::VHL::gain,0.15860807,0.02954464,16.05263158,1.90444436,135.30822242,0.17094861660079053,gain,2,11,1,92,0.18181818181818182,0.010869565217391304,0.17094861660079053
CORE03,locus::SETD2::loss,0.25581328,0.05266744,0.23517382,0.06271178,0.88191922,-0.24407114624505932,loss,7,11,81,92,0.6363636363636364,0.8804347826086957,-0.24407114624505932
CORE03,locus::SETD2::gain,0.07628296,0.01047021,48.68421053,2.17358062,1090.43682467,0.18181818181818182,gain,2,11,0,92,0.18181818181818182,0.0,0.18181818181818182
CORE03,locus::PBRM1::loss,0.29268457,0.0659975,0.25879917,0.0697001,0.96093133,-0.23320158102766797,loss,7,11,80,92,0.6363636363636364,0.8695652173913043,-0.23320158102766797
CORE03,locus::PBRM1::gain,0.07628296,0.01047021,48.68421053,2.17358062,1090.43682467,0.18181818181818182,gain,2,11,0,92,0.18181818181818182,0.0,0.18181818181818182
CORE03,locus::BAP1::loss,0.34185998,0.08108368,0.28301887,0.07687174,1.0419913,-0.22233201581027673,loss,7,11,79,92,0.6363636363636364,0.8586956521739131,-0.22233201581027673
CORE03,locus::BAP1::gain,0.07628296,0.01047021,48.68421053,2.17358062,1090.43682467,0.18181818181818182,gain,2,11,0,92,0.18181818181818182,0.0,0.18181818181818182
CORE03,locus::JAK2::loss,1.0,1.0,0.93068036,0.21250361,4.07600564,-0.03557312252964426,loss,2,11,20,92,0.18181818181818182,0.21739130434782608,-0.03557312252964426
CORE03,locus::JAK2::gain,0.89971213,0.36802054,3.65306122,0.48615487,27.44980493,0.058300395256917,gain,1,11,3,92,0.09090909090909091,0.03260869565217391,0.058300395256917
CORE03,locus::CDKN2A::loss,1.0,1.0,0.77827548,0.1790144,3.38359765,-0.06818181818181818,loss,2,11,23,92,0.18181818181818182,0.25,-0.06818181818181818
CORE03,locus::CDKN2A::gain,1.0,1.0,2.65217391,0.10192673,69.01061733,-0.010869565217391304,gain,0,11,1,92,0.0,0.010869565217391304,-0.010869565217391304
CORE03,locus::PTEN::loss,0.87047634,0.33282919,2.31301939,0.49269592,10.85874362,0.08399209486166008,loss,2,11,9,92,0.18181818181818182,0.09782608695652174,0.08399209486166008
CORE03,locus::PTEN::gain,1.0,1.0,8.04347826,0.15217027,425.16545464,0.0,gain,0,11,0,92,0.0,0.0,0.0
CORE04,chr1p::loss,1.0,0.55784928,1.9010989,0.28794393,12.55166948,0.025691699604743087,loss,1,11,6,92,0.09090909090909091,0.06521739130434782,0.025691699604743087
CORE04,chr1p::gain,1.0,1.0,8.04347826,0.15217027,425.16545464,0.0,gain,0,11,0,92,0.0,0.0,0.0
CORE04,chr1q::loss,1.0,1.0,1.11180124,0.05392289,22.92351045,-0.03260869565217391,loss,0,11,3,92,0.0,0.03260869565217391,-0.03260869565217391
CORE04,chr1q::gain,1.0,1.0,0.57859532,0.03054068,10.96152795,-0.06521739130434782,gain,0,11,6,92,0.0,0.06521739130434782,-0.06521739130434782
CORE04,chr2p::loss,1.0,1.0,1.57391304,0.07105996,34.86073142,-0.021739130434782608,loss,0,11,2,92,0.0,0.021739130434782608,-0.021739130434782608
CORE04,chr2p::gain,1.0,1.0,0.57859532,0.03054068,10.96152795,-0.06521739130434782,gain,0,11,6,92,0.0,0.06521739130434782,-0.06521739130434782
CORE04,chr2q::loss,1.0,1.0,1.57391304,0.07105996,34.86073142,-0.021739130434782608,loss,0,11,2,92,0.0,0.021739130434782608,-0.021739130434782608
CORE04,chr2q::gain,1.0,1.0,0.6916996,0.03585506,13.3439555,-0.05434782608695652,gain,0,11,5,92,0.0,0.05434782608695652,-0.05434782608695652
CORE04,chr3p::loss,1.0,0.72570356,0.77507599,0.2045376,2.93707753,-0.03359683794466406,loss,8,11,70,92,0.7272727272727273,0.7608695652173914,-0.03359683794466406
CORE04,chr3p::gain,1.0,1.0,1.57391304,0.07105996,34.86073142,-0.021739130434782608,gain,0,11,2,92,0.0,0.021739130434782608,-0.021739130434782608
CORE04,chr3q::loss,1.0,1.0,1.12244898,0.18052608,6.9790011,-0.01778656126482213,loss,1,11,10,92,0.09090909090909091,0.10869565217391304,-0.01778656126482213
CORE04,chr3q::gain,1.0,1.0,0.57859532,0.03054068,10.96152795,-0.06521739130434782,gain,0,11,6,92,0.0,0.06521739130434782,-0.06521739130434782
CORE04,chr4p::loss,1.0,0.50129512,2.27272727,0.33468557,15.43325932,0.03656126482213439,loss,1,11,5,92,0.09090909090909091,0.05434782608695652,0.03656126482213439
CORE04,chr4p::gain,1.0,1.0,1.11180124,0.05392289,22.92351045,-0.03260869565217391,gain,0,11,3,92,0.0,0.03260869565217391,-0.03260869565217391
CORE04,chr4q::loss,1.0,1.0,0.85507246,0.0431851,16.93058318,-0.043478260869565216,loss,0,11,4,92,0.0,0.043478260869565216,-0.043478260869565216
CORE04,chr4q::gain,1.0,1.0,1.57391304,0.07105996,34.86073142,-0.021739130434782608,gain,0,11,2,92,0.0,0.021739130434782608,-0.021739130434782608
CORE04,chr5p::loss,1.0,1.0,8.04347826,0.15217027,425.16545464,0.0,loss,0,11,0,92,0.0,0.0,0.0
CORE04,chr5p::gain,1.0,0.06269782,0.10355731,0.00589343,1.81967191,-0.29347826086956524,gain,0,11,27,92,0.0,0.29347826086956524,-0.29347826086956524
CORE04,chr5q::loss,1.0,1.0,2.65217391,0.10192673,69.01061733,-0.010869565217391304,loss,0,11,1,92,0.0,0.010869565217391304,-0.010869565217391304
CORE04,chr5q::gain,1.0,1.0,0.888,0.25697703,3.06853886,-0.038537549407114624,gain,4,11,37,92,0.36363636363636365,0.40217391304347827,-0.038537549407114624
CORE04,chr6p::loss,1.0,1.0,1.12244898,0.18052608,6.9790011,-0.01778656126482213,loss,1,11,10,92,0.09090909090909091,0.10869565217391304,-0.01778656126482213
CORE04,chr6p::gain,1.0,1.0,8.04347826,0.15217027,425.16545464,0.0,gain,0,11,0,92,0.0,0.0,0.0
CORE04,chr6q::loss,1.0,0.3704697,2.4248366,0.61492467,9.56187455,0.13142292490118576,loss,3,11,13,92,0.2727272727272727,0.14130434782608695,0.13142292490118576
CORE04,chr6q::gain,1.0,1.0,8.04347826,0.15217027,425.16545464,0.0,gain,0,11,0,92,0.0,0.0,0.0
CORE04,chr7p::loss,1.0,1.0,8.04347826,0.15217027,425.16545464,0.0,loss,0,11,0,92,0.0,0.0,0.0
CORE04,chr7p::gain,1.0,0.68688556,0.53846154,0.09060641,3.20000347,-0.11561264822134387,gain,1,11,19,92,0.09090909090909091,0.20652173913043478,-0.11561264822134387
CORE04,chr7q::loss,1.0,1.0,8.04347826,0.15217027,425.16545464,0.0,loss,0,11,0,92,0.0,0.0,0.0
CORE04,chr7q::gain,1.0,0.68688556,0.53846154,0.09060641,3.20000347,-0.11561264822134387,gain,1,11,19,92,0.09090909090909091,0.20652173913043478,-0.11561264822134387
CORE04,chr8p::loss,1.0,0.72570356,0.73576799,0.16957537,3.19241255,-0.07905138339920947,loss,2,11,24,92,0.18181818181818182,0.2608695652173913,-0.07905138339920947
CORE04,chr8p::gain,1.0,1.0,1.57391304,0.07105996,34.86073142,-0.021739130434782608,gain,0,11,2,92,0.0,0.021739130434782608,-0.021739130434782608
CORE04,chr8q::loss,1.0,1.0,1.42016807,0.22319165,9.03652667,0.003952569169960479,loss,1,11,8,92,0.09090909090909091,0.08695652173913043,0.003952569169960479
CORE04,chr8q::gain,1.0,0.43824048,2.80952381,0.39752488,19.85642754,0.047430830039525695,gain,1,11,4,92,0.09090909090909091,0.043478260869565216,0.047430830039525695
CORE04,chr9p::loss,1.0,0.44298589,1.77647059,0.46096714,6.84614473,0.08794466403162055,loss,3,11,17,92,0.2727272727272727,0.18478260869565216,0.08794466403162055
CORE04,chr9p::gain,1.0,1.0,1.57391304,0.07105996,34.86073142,-0.021739130434782608,gain,0,11,2,92,0.0,0.021739130434782608,-0.021739130434782608
CORE04,chr9q::loss,1.0,0.05400173,3.65054945,1.04699278,12.72836983,0.26976284584980237,loss,5,11,17,92,0.45454545454545453,0.18478260869565216,0.26976284584980237
CORE04,chr9q::gain,1.0,1.0,1.57391304,0.07105996,34.86073142,-0.021739130434782608,gain,0,11,2,92,0.0,0.021739130434782608,-0.021739130434782608
CORE04,chr10p::loss,1.0,1.0,0.6916996,0.03585506,13.3439555,-0.05434782608695652,loss,0,11,5,92,0.0,0.05434782608695652,-0.05434782608695652
CORE04,chr10p::gain,1.0,1.0,8.04347826,0.15217027,425.16545464,0.0,gain,0,11,0,92,0.0,0.0,0.0
CORE04,chr10q::loss,1.0,0.55784928,1.9010989,0.28794393,12.55166948,0.025691699604743087,loss,1,11,6,92,0.09090909090909091,0.06521739130434782,0.025691699604743087
CORE04,chr10q::gain,1.0,1.0,8.04347826,0.15217027,425.16545464,0.0,gain,0,11,0,92,0.0,0.0,0.0
CORE04,chr11p::loss,1.0,1.0,8.04347826,0.15217027,425.16545464,0.0,loss,0,11,0,92,0.0,0.0,0.0
CORE04,chr11p::gain,1.0,1.0,1.57391304,0.07105996,34.86073142,-0.021739130434782608,gain,0,11,2,92,0.0,0.021739130434782608,-0.021739130434782608
CORE04,chr11q::loss,1.0,1.0,2.65217391,0.10192673,69.01061733,-0.010869565217391304,loss,0,11,1,92,0.0,0.010869565217391304,-0.010869565217391304
CORE04,chr11q::gain,1.0,1.0,1.57391304,0.07105996,34.86073142,-0.021739130434782608,gain,0,11,2,92,0.0,0.021739130434782608,-0.021739130434782608
CORE04,chr12p::loss,1.0,1.0,8.04347826,0.15217027,425.16545464,0.0,loss,0,11,0,92,0.0,0.0,0.0
CORE04,chr12p::gain,1.0,1.0,0.71428571,0.11858574,4.30240681,-0.07213438735177866,gain,1,11,15,92,0.09090909090909091,0.16304347826086957,-0.07213438735177866
CORE04,chr12q::loss,1.0,1.0,8.04347826,0.15217027,425.16545464,0.0,loss,0,11,0,92,0.0,0.0,0.0
CORE04,chr12q::gain,1.0,1.0,0.71428571,0.11858574,4.30240681,-0.07213438735177866,gain,1,11,15,92,0.09090909090909091,0.16304347826086957,-0.07213438735177866
CORE04,chr13p::loss,1.0,1.0,8.04347826,0.15217027,425.16545464,0.0,loss,0,11,0,92,0.0,0.0,0.0
CORE04,chr13p::gain,1.0,1.0,8.04347826,0.15217027,425.16545464,0.0,gain,0,11,0,92,0.0,0.0,0.0
CORE04,chr13q::loss,1.0,1.0,0.57859532,0.03054068,10.96152795,-0.06521739130434782,loss,0,11,6,92,0.0,0.06521739130434782,-0.06521739130434782
CORE04,chr13q::gain,1.0,1.0,8.04347826,0.15217027,425.16545464,0.0,gain,0,11,0,92,0.0,0.0,0.0
CORE04,chr14p::loss,1.0,1.0,8.04347826,0.15217027,425.16545464,0.0,loss,0,11,0,92,0.0,0.0,0.0
CORE04,chr14p::gain,1.0,1.0,8.04347826,0.15217027,425.16545464,0.0,gain,0,11,0,92,0.0,0.0,0.0
CORE04,chr14q::loss,1.0,0.34886047,1.82938979,0.54582797,6.13135861,0.15415019762845844,loss,6,11,36,92,0.5454545454545454,0.391304347826087,0.15415019762845844
CORE04,chr14q::gain,1.0,1.0,1.57391304,0.07105996,34.86073142,-0.021739130434782608,gain,0,11,2,92,0.0,0.021739130434782608,-0.021739130434782608
CORE04,chr15p::loss,1.0,1.0,8.04347826,0.15217027,425.16545464,0.0,loss,0,11,0,92,0.0,0.0,0.0
CORE04,chr15p::gain,1.0,1.0,8.04347826,0.15217027,425.16545464,0.0,gain,0,11,0,92,0.0,0.0,0.0
CORE04,chr15q::loss,1.0,1.0,1.11180124,0.05392289,22.92351045,-0.03260869565217391,loss,0,11,3,92,0.0,0.03260869565217391,-0.03260869565217391
CORE04,chr15q::gain,1.0,1.0,1.57391304,0.07105996,34.86073142,-0.021739130434782608,gain,0,11,2,92,0.0,0.021739130434782608,-0.021739130434782608
CORE04,chr16p::loss,1.0,1.0,2.65217391,0.10192673,69.01061733,-0.010869565217391304,loss,0,11,1,92,0.0,0.010869565217391304,-0.010869565217391304
CORE04,chr16p::gain,1.0,0.35976659,0.2173913,0.01216037,3.88630959,-0.16304347826086957,gain,0,11,15,92,0.0,0.16304347826086957,-0.16304347826086957
CORE04,chr16q::loss,1.0,1.0,2.65217391,0.10192673,69.01061733,-0.010869565217391304,loss,0,11,1,92,0.0,0.010869565217391304,-0.010869565217391304
CORE04,chr16q::gain,1.0,0.35976659,0.2173913,0.01216037,3.88630959,-0.16304347826086957,gain,0,11,15,92,0.0,0.16304347826086957,-0.16304347826086957
CORE04,chr17p::loss,1.0,1.0,0.85507246,0.0431851,16.93058318,-0.043478260869565216,loss,0,11,4,92,0.0,0.043478260869565216,-0.043478260869565216
CORE04,chr17p::gain,1.0,1.0,8.04347826,0.15217027,425.16545464,0.0,gain,0,11,0,92,0.0,0.0,0.0
CORE04,chr17q::loss,1.0,1.0,1.57391304,0.07105996,34.86073142,-0.021739130434782608,loss,0,11,2,92,0.0,0.021739130434782608,-0.021739130434782608
CORE04,chr17q::gain,1.0,1.0,1.57391304,0.07105996,34.86073142,-0.021739130434782608,gain,0,11,2,92,0.0,0.021739130434782608,-0.021739130434782608
CORE04,chr18p::loss,1.0,1.0,1.2556391,0.19986687,7.8883987,-0.006916996047430832,loss,1,11,9,92,0.09090909090909091,0.09782608695652174,-0.006916996047430832
CORE04,chr18p::gain,1.0,1.0,2.65217391,0.10192673,69.01061733,-0.010869565217391304,gain,0,11,1,92,0.0,0.010869565217391304,-0.010869565217391304
CORE04,chr18q::loss,1.0,1.0,1.2556391,0.19986687,7.8883987,-0.006916996047430832,loss,1,11,9,92,0.09090909090909091,0.09782608695652174,-0.006916996047430832
CORE04,chr18q::gain,1.0,1.0,1.11180124,0.05392289,22.92351045,-0.03260869565217391,gain,0,11,3,92,0.0,0.03260869565217391,-0.03260869565217391
CORE04,chr19p::loss,1.0,1.0,8.04347826,0.15217027,425.16545464,0.0,loss,0,11,0,92,0.0,0.0,0.0
CORE04,chr19p::gain,1.0,1.0,1.57391304,0.07105996,34.86073142,-0.021739130434782608,gain,0,11,2,92,0.0,0.021739130434782608,-0.021739130434782608
CORE04,chr19q::loss,1.0,1.0,8.04347826,0.15217027,425.16545464,0.0,loss,0,11,0,92,0.0,0.0,0.0
CORE04,chr19q::gain,1.0,1.0,0.6916996,0.03585506,13.3439555,-0.05434782608695652,gain,0,11,5,92,0.0,0.05434782608695652,-0.05434782608695652
CORE04,chr20p::loss,1.0,1.0,1.11180124,0.05392289,22.92351045,-0.03260869565217391,loss,0,11,3,92,0.0,0.03260869565217391,-0.03260869565217391
CORE04,chr20p::gain,1.0,0.35094607,0.25603865,0.01423449,4.60541832,-0.14130434782608695,gain,0,11,13,92,0.0,0.14130434782608695,-0.14130434782608695
CORE04,chr20q::loss,1.0,1.0,8.04347826,0.15217027,425.16545464,0.0,loss,0,11,0,92,0.0,0.0,0.0
CORE04,chr20q::gain,1.0,0.20640744,0.20158103,0.01130413,3.59469491,-0.17391304347826086,gain,0,11,16,92,0.0,0.17391304347826086,-0.17391304347826086
CORE04,chr21p::loss,1.0,1.0,8.04347826,0.15217027,425.16545464,0.0,loss,0,11,0,92,0.0,0.0,0.0
CORE04,chr21p::gain,1.0,1.0,8.04347826,0.15217027,425.16545464,0.0,gain,0,11,0,92,0.0,0.0,0.0
CORE04,chr21q::loss,1.0,1.0,0.49565217,0.02651385,9.26576277,-0.07608695652173914,loss,0,11,7,92,0.0,0.07608695652173914,-0.07608695652173914
CORE04,chr21q::gain,1.0,1.0,0.57859532,0.03054068,10.96152795,-0.06521739130434782,gain,0,11,6,92,0.0,0.06521739130434782,-0.06521739130434782
CORE04,chr22p::loss,1.0,1.0,8.04347826,0.15217027,425.16545464,0.0,loss,0,11,0,92,0.0,0.0,0.0
CORE04,chr22p::gain,1.0,1.0,8.04347826,0.15217027,425.16545464,0.0,gain,0,11,0,92,0.0,0.0,0.0
CORE04,chr22q::loss,1.0,0.36802054,3.65306122,0.48615487,27.44980493,0.058300395256917,loss,1,11,3,92,0.09090909090909091,0.03260869565217391,0.058300395256917
CORE04,chr22q::gain,1.0,1.0,1.11180124,0.05392289,22.92351045,-0.03260869565217391,gain,0,11,3,92,0.0,0.03260869565217391,-0.03260869565217391
CORE04,locus::VHL::loss,1.0,0.40176581,0.48571429,0.12478458,1.89060517,-0.1096837944664032,loss,8,11,77,92,0.7272727272727273,0.8369565217391305,-0.1096837944664032
CORE04,locus::VHL::gain,1.0,1.0,1.11180124,0.05392289,22.92351045,-0.03260869565217391,gain,0,11,3,92,0.0,0.03260869565217391,-0.03260869565217391
CORE04,locus::SETD2::loss,1.0,0.19929808,0.37710736,0.09486516,1.49907476,-0.14229249011857703,loss,8,11,80,92,0.7272727272727273,0.8695652173913043,-0.14229249011857703
CORE04,locus::SETD2::gain,1.0,1.0,1.57391304,0.07105996,34.86073142,-0.021739130434782608,gain,0,11,2,92,0.0,0.021739130434782608,-0.021739130434782608
CORE04,locus::PBRM1::loss,1.0,0.3704697,0.41239892,0.104582,1.62621545,-0.1314229249011858,loss,8,11,79,92,0.7272727272727273,0.8586956521739131,-0.1314229249011858
CORE04,locus::PBRM1::gain,1.0,1.0,1.57391304,0.07105996,34.86073142,-0.021739130434782608,gain,0,11,2,92,0.0,0.021739130434782608,-0.021739130434782608
CORE04,locus::BAP1::loss,1.0,0.38464016,0.44858963,0.11455259,1.75668365,-0.12055335968379444,loss,8,11,78,92,0.7272727272727273,0.8478260869565217,-0.12055335968379444
CORE04,locus::BAP1::gain,1.0,1.0,1.57391304,0.07105996,34.86073142,-0.021739130434782608,gain,0,11,2,92,0.0,0.021739130434782608,-0.021739130434782608
CORE04,locus::JAK2::loss,1.0,0.05400173,3.65054945,1.04699278,12.72836983,0.26976284584980237,loss,5,11,17,92,0.45454545454545453,0.18478260869565216,0.26976284584980237
CORE04,locus::JAK2::gain,1.0,1.0,0.85507246,0.0431851,16.93058318,-0.043478260869565216,gain,0,11,4,92,0.0,0.043478260869565216,-0.043478260869565216
CORE04,locus::CDKN2A::loss,1.0,0.13004704,2.99249531,0.86868746,10.30868826,0.23715415019762845,loss,5,11,20,92,0.45454545454545453,0.21739130434782608,0.23715415019762845
CORE04,locus::CDKN2A::gain,1.0,1.0,2.65217391,0.10192673,69.01061733,-0.010869565217391304,gain,0,11,1,92,0.0,0.010869565217391304,-0.010869565217391304
CORE04,locus::PTEN::loss,1.0,1.0,1.12244898,0.18052608,6.9790011,-0.01778656126482213,loss,1,11,10,92,0.09090909090909091,0.10869565217391304,-0.01778656126482213
CORE04,locus::PTEN::gain,1.0,1.0,8.04347826,0.15217027,425.16545464,0.0,gain,0,11,0,92,0.0,0.0,0.0
CORE05,chr1p::loss,1.0,1.0,1.10909091,0.0558128,22.03943535,-0.07142857142857142,loss,0,5,7,98,0.0,0.07142857142857142,-0.07142857142857142
CORE05,chr1p::gain,1.0,1.0,17.90909091,0.32379174,990.56121678,0.0,gain,0,5,0,98,0.0,0.0,0.0
CORE05,chr1q::loss,1.0,1.0,2.48051948,0.11339244,54.2626707,-0.030612244897959183,loss,0,5,3,98,0.0,0.030612244897959183,-0.030612244897959183
CORE05,chr1q::gain,1.0,1.0,1.29370629,0.06425744,26.04641347,-0.061224489795918366,gain,0,5,6,98,0.0,0.061224489795918366,-0.061224489795918366
CORE05,chr2p::loss,1.0,1.0,3.50909091,0.14952492,82.35228735,-0.02040816326530612,loss,0,5,2,98,0.0,0.02040816326530612,-0.02040816326530612
CORE05,chr2p::gain,1.0,0.26382103,5.66666667,0.73814677,43.50233927,0.1489795918367347,gain,1,5,5,98,0.2,0.05102040816326531,0.1489795918367347
CORE05,chr2q::loss,1.0,1.0,3.50909091,0.14952492,82.35228735,-0.02040816326530612,loss,0,5,2,98,0.0,0.02040816326530612,-0.02040816326530612
CORE05,chr2q::gain,1.0,1.0,1.54545455,0.07540968,31.67272279,-0.05102040816326531,gain,0,5,5,98,0.0,0.05102040816326531,-0.05102040816326531
CORE05,chr3p::loss,1.0,0.59264202,0.43576159,0.08058539,2.35635979,-0.16530612244897958,loss,3,5,75,98,0.6,0.7653061224489796,-0.16530612244897958
CORE05,chr3p::gain,1.0,1.0,3.50909091,0.14952492,82.35228735,-0.02040816326530612,gain,0,5,2,98,0.0,0.02040816326530612,-0.02040816326530612
CORE05,chr3q::loss,1.0,1.0,0.6916996,0.03585506,13.3439555,-0.11224489795918367,loss,0,5,11,98,0.0,0.11224489795918367,-0.11224489795918367
CORE05,chr3q::gain,1.0,1.0,1.29370629,0.06425744,26.04641347,-0.061224489795918366,gain,0,5,6,98,0.0,0.061224489795918366,-0.061224489795918366
CORE05,chr4p::loss,1.0,0.26382103,5.66666667,0.73814677,43.50233927,0.1489795918367347,loss,1,5,5,98,0.2,0.05102040816326531,0.1489795918367347
CORE05,chr4p::gain,1.0,1.0,2.48051948,0.11339244,54.2626707,-0.030612244897959183,gain,0,5,3,98,0.0,0.030612244897959183,-0.030612244897959183
CORE05,chr4q::loss,1.0,0.18297776,9.0952381,1.07688542,76.81723069,0.16938775510204082,loss,1,5,3,98,0.2,0.030612244897959183,0.16938775510204082
CORE05,chr4q::gain,1.0,1.0,3.50909091,0.14952492,82.35228735,-0.02040816326530612,gain,0,5,2,98,0.0,0.02040816326530612,-0.02040816326530612
CORE05,chr5p::loss,1.0,1.0,17.90909091,0.32379174,990.56121678,0.0,loss,0,5,0,98,0.0,0.0,0.0
CORE05,chr5p::gain,1.0,0.11138498,4.25714286,0.78867224,22.9794639,0.3551020408163265,gain,3,5,24,98,0.6,0.24489795918367346,0.3551020408163265
CORE05,chr5q::loss,1.0,0.04854369,65.66666667,2.33353326,1847.88928652,0.2,loss,1,5,0,98,0.2,0.0,0.2
CORE05,chr5q::gain,1.0,0.64573956,0.48148148,0.07267716,3.18978371,-0.20816326530612245,gain,1,5,40,98,0.2,0.40816326530612246,-0.20816326530612245
CORE05,chr6p::loss,1.0,0.43824048,2.80952381,0.39752488,19.85642754,0.0979591836734694,loss,1,5,10,98,0.2,0.10204081632653061,0.0979591836734694
CORE05,chr6p::gain,1.0,1.0,17.90909091,0.32379174,990.56121678,0.0,gain,0,5,0,98,0.0,0.0,0.0
CORE05,chr6q::loss,1.0,0.57791488,1.79569892,0.26174611,12.31932224,0.04693877551020409,loss,1,5,15,98,0.2,0.15306122448979592,0.04693877551020409
CORE05,chr6q::gain,1.0,1.0,17.90909091,0.32379174,990.56121678,0.0,gain,0,5,0,98,0.0,0.0,0.0
CORE05,chr7p::loss,1.0,1.0,17.90909091,0.32379174,990.56121678,0.0,loss,0,5,0,98,0.0,0.0,0.0
CORE05,chr7p::gain,1.0,1.0,1.35897436,0.20060771,9.20608361,0.006122448979591855,gain,1,5,19,98,0.2,0.19387755102040816,0.006122448979591855
CORE05,chr7q::loss,1.0,1.0,17.90909091,0.32379174,990.56121678,0.0,loss,0,5,0,98,0.0,0.0,0.0
CORE05,chr7q::gain,1.0,1.0,1.35897436,0.20060771,9.20608361,0.006122448979591855,gain,1,5,19,98,0.2,0.19387755102040816,0.006122448979591855
CORE05,chr8p::loss,1.0,1.0,0.96078431,0.14341346,6.43667986,-0.055102040816326525,loss,1,5,25,98,0.2,0.25510204081632654,-0.055102040816326525
CORE05,chr8p::gain,1.0,1.0,3.50909091,0.14952492,82.35228735,-0.02040816326530612,gain,0,5,2,98,0.0,0.02040816326530612,-0.02040816326530612
CORE05,chr8q::loss,1.0,1.0,0.85645933,0.04387952,16.71673979,-0.09183673469387756,loss,0,5,9,98,0.0,0.09183673469387756,-0.09183673469387756
CORE05,chr8q::gain,1.0,1.0,1.54545455,0.07540968,31.67272279,-0.05102040816326531,gain,0,5,5,98,0.0,0.05102040816326531,-0.05102040816326531
CORE05,chr9p::loss,1.0,0.58017047,0.3481153,0.01848371,6.55627378,-0.20408163265306123,loss,0,5,20,98,0.0,0.20408163265306123,-0.20408163265306123
CORE05,chr9p::gain,1.0,1.0,3.50909091,0.14952492,82.35228735,-0.02040816326530612,gain,0,5,2,98,0.0,0.02040816326530612,-0.02040816326530612
CORE05,chr9q::loss,1.0,0.58188532,0.30909091,0.01645471,5.80606911,-0.22448979591836735,loss,0,5,22,98,0.0,0.22448979591836735,-0.22448979591836735
CORE05,chr9q::gain,1.0,0.0951837,21.66666667,1.86484842,251.73329853,0.18979591836734694,gain,1,5,1,98,0.2,0.01020408163265306,0.18979591836734694
CORE05,chr10p::loss,1.0,0.01792276,19.48979592,2.79465947,135.92072635,0.36938775510204086,loss,2,5,3,98,0.4,0.030612244897959183,0.36938775510204086
CORE05,chr10p::gain,1.0,1.0,17.90909091,0.32379174,990.56121678,0.0,gain,0,5,0,98,0.0,0.0,0.0
CORE05,chr10q::loss,1.0,0.3017684,4.74358974,0.63445019,35.4663678,0.13877551020408163,loss,1,5,6,98,0.2,0.061224489795918366,0.13877551020408163
CORE05,chr10q::gain,1.0,1.0,17.90909091,0.32379174,990.56121678,0.0,gain,0,5,0,98,0.0,0.0,0.0
CORE05,chr11p::loss,1.0,1.0,17.90909091,0.32379174,990.56121678,0.0,loss,0,5,0,98,0.0,0.0,0.0
CORE05,chr11p::gain,1.0,1.0,3.50909091,0.14952492,82.35228735,-0.02040816326530612,gain,0,5,2,98,0.0,0.02040816326530612,-0.02040816326530612
CORE05,chr11q::loss,1.0,1.0,5.90909091,0.21493078,162.45860984,-0.01020408163265306,loss,0,5,1,98,0.0,0.01020408163265306,-0.01020408163265306
CORE05,chr11q::gain,1.0,1.0,3.50909091,0.14952492,82.35228735,-0.02040816326530612,gain,0,5,2,98,0.0,0.02040816326530612,-0.02040816326530612
CORE05,chr12p::loss,1.0,1.0,17.90909091,0.32379174,990.56121678,0.0,loss,0,5,0,98,0.0,0.0,0.0
CORE05,chr12p::gain,1.0,0.57791488,1.79569892,0.26174611,12.31932224,0.04693877551020409,gain,1,5,15,98,0.2,0.15306122448979592,0.04693877551020409
CORE05,chr12q::loss,1.0,1.0,17.90909091,0.32379174,990.56121678,0.0,loss,0,5,0,98,0.0,0.0,0.0
CORE05,chr12q::gain,1.0,1.0,0.45454545,0.02395866,8.62367078,-0.16326530612244897,gain,0,5,16,98,0.0,0.16326530612244897,-0.16326530612244897
CORE05,chr13p::loss,1.0,1.0,17.90909091,0.32379174,990.56121678,0.0,loss,0,5,0,98,0.0,0.0,0.0
CORE05,chr13p::gain,1.0,1.0,17.90909091,0.32379174,990.56121678,0.0,gain,0,5,0,98,0.0,0.0,0.0
CORE05,chr13q::loss,1.0,0.26382103,5.66666667,0.73814677,43.50233927,0.1489795918367347,loss,1,5,5,98,0.2,0.05102040816326531,0.1489795918367347
CORE05,chr13q::gain,1.0,1.0,17.90909091,0.32379174,990.56121678,0.0,gain,0,5,0,98,0.0,0.0,0.0
CORE05,chr14p::loss,1.0,1.0,17.90909091,0.32379174,990.56121678,0.0,loss,0,5,0,98,0.0,0.0,0.0
CORE05,chr14p::gain,1.0,1.0,17.90909091,0.32379174,990.56121678,0.0,gain,0,5,0,98,0.0,0.0,0.0
CORE05,chr14q::loss,1.0,0.39565287,2.10886076,0.39613723,11.2266491,0.2020408163265306,loss,3,5,39,98,0.6,0.3979591836734694,0.2020408163265306
CORE05,chr14q::gain,1.0,1.0,3.50909091,0.14952492,82.35228735,-0.02040816326530612,gain,0,5,2,98,0.0,0.02040816326530612,-0.02040816326530612
CORE05,chr15p::loss,1.0,1.0,17.90909091,0.32379174,990.56121678,0.0,loss,0,5,0,98,0.0,0.0,0.0
CORE05,chr15p::gain,1.0,1.0,17.90909091,0.32379174,990.56121678,0.0,gain,0,5,0,98,0.0,0.0,0.0
CORE05,chr15q::loss,1.0,1.0,2.48051948,0.11339244,54.2626707,-0.030612244897959183,loss,0,5,3,98,0.0,0.030612244897959183,-0.030612244897959183
CORE05,chr15q::gain,1.0,1.0,3.50909091,0.14952492,82.35228735,-0.02040816326530612,gain,0,5,2,98,0.0,0.02040816326530612,-0.02040816326530612
CORE05,chr16p::loss,1.0,0.04854369,65.66666667,2.33353326,1847.88928652,0.2,loss,1,5,0,98,0.2,0.0,0.2
CORE05,chr16p::gain,1.0,1.0,0.48973607,0.02575019,9.31415946,-0.15306122448979592,gain,0,5,15,98,0.0,0.15306122448979592,-0.15306122448979592
CORE05,chr16q::loss,1.0,0.04854369,65.66666667,2.33353326,1847.88928652,0.2,loss,1,5,0,98,0.2,0.0,0.2
CORE05,chr16q::gain,1.0,1.0,0.48973607,0.02575019,9.31415946,-0.15306122448979592,gain,0,5,15,98,0.0,0.15306122448979592,-0.15306122448979592
CORE05,chr17p::loss,1.0,1.0,1.90909091,0.0908062,40.13633426,-0.04081632653061224,loss,0,5,4,98,0.0,0.04081632653061224,-0.04081632653061224
CORE05,chr17p::gain,1.0,1.0,17.90909091,0.32379174,990.56121678,0.0,gain,0,5,0,98,0.0,0.0,0.0
CORE05,chr17q::loss,1.0,1.0,3.50909091,0.14952492,82.35228735,-0.02040816326530612,loss,0,5,2,98,0.0,0.02040816326530612,-0.02040816326530612
CORE05,chr17q::gain,1.0,1.0,3.50909091,0.14952492,82.35228735,-0.02040816326530612,gain,0,5,2,98,0.0,0.02040816326530612,-0.02040816326530612
CORE05,chr18p::loss,1.0,0.40632232,3.14035088,0.44004545,22.41087507,0.10816326530612246,loss,1,5,9,98,0.2,0.09183673469387756,0.10816326530612246
CORE05,chr18p::gain,1.0,1.0,5.90909091,0.21493078,162.45860984,-0.01020408163265306,gain,0,5,1,98,0.0,0.01020408163265306,-0.01020408163265306
CORE05,chr18q::loss,1.0,0.40632232,3.14035088,0.44004545,22.41087507,0.10816326530612246,loss,1,5,9,98,0.2,0.09183673469387756,0.10816326530612246
CORE05,chr18q::gain,1.0,0.13997659,12.86666667,1.37787096,120.14993864,0.1795918367346939,gain,1,5,2,98,0.2,0.02040816326530612,0.1795918367346939
CORE05,chr19p::loss,1.0,1.0,17.90909091,0.32379174,990.56121678,0.0,loss,0,5,0,98,0.0,0.0,0.0
CORE05,chr19p::gain,1.0,1.0,3.50909091,0.14952492,82.35228735,-0.02040816326530612,gain,0,5,2,98,0.0,0.02040816326530612,-0.02040816326530612
CORE05,chr19q::loss,1.0,1.0,17.90909091,0.32379174,990.56121678,0.0,loss,0,5,0,98,0.0,0.0,0.0
CORE05,chr19q::gain,1.0,1.0,1.54545455,0.07540968,31.67272279,-0.05102040816326531,gain,0,5,5,98,0.0,0.05102040816326531,-0.05102040816326531
CORE05,chr20p::loss,1.0,1.0,2.48051948,0.11339244,54.2626707,-0.030612244897959183,loss,0,5,3,98,0.0,0.030612244897959183,-0.030612244897959183
CORE05,chr20p::gain,1.0,1.0,0.57575758,0.03009076,11.01656426,-0.1326530612244898,gain,0,5,13,98,0.0,0.1326530612244898,-0.1326530612244898
CORE05,chr20q::loss,1.0,1.0,17.90909091,0.32379174,990.56121678,0.0,loss,0,5,0,98,0.0,0.0,0.0
CORE05,chr20q::gain,1.0,0.57791488,1.79569892,0.26174611,12.31932224,0.04693877551020409,gain,1,5,15,98,0.2,0.15306122448979592,0.04693877551020409
CORE05,chr21p::loss,1.0,1.0,17.90909091,0.32379174,990.56121678,0.0,loss,0,5,0,98,0.0,0.0,0.0
CORE05,chr21p::gain,1.0,1.0,17.90909091,0.32379174,990.56121678,0.0,gain,0,5,0,98,0.0,0.0,0.0
CORE05,chr21q::loss,1.0,0.3017684,4.74358974,0.63445019,35.4663678,0.13877551020408163,loss,1,5,6,98,0.2,0.061224489795918366,0.13877551020408163
CORE05,chr21q::gain,1.0,1.0,1.29370629,0.06425744,26.04641347,-0.061224489795918366,gain,0,5,6,98,0.0,0.061224489795918366,-0.061224489795918366
CORE05,chr22p::loss,1.0,1.0,17.90909091,0.32379174,990.56121678,0.0,loss,0,5,0,98,0.0,0.0,0.0
CORE05,chr22p::gain,1.0,1.0,17.90909091,0.32379174,990.56121678,0.0,gain,0,5,0,98,0.0,0.0,0.0
CORE05,chr22q::loss,1.0,1.0,1.90909091,0.0908062,40.13633426,-0.04081632653061224,loss,0,5,4,98,0.0,0.04081632653061224,-0.04081632653061224
CORE05,chr22q::gain,1.0,1.0,2.48051948,0.11339244,54.2626707,-0.030612244897959183,gain,0,5,3,98,0.0,0.030612244897959183,-0.030612244897959183
CORE05,locus::VHL::loss,1.0,0.20897119,0.28,0.05079785,1.54337243,-0.23673469387755108,loss,3,5,82,98,0.6,0.8367346938775511,-0.23673469387755108
CORE05,locus::VHL::gain,1.0,0.13997659,12.86666667,1.37787096,120.14993864,0.1795918367346939,gain,1,5,2,98,0.2,0.02040816326530612,0.1795918367346939
CORE05,locus::SETD2::loss,1.0,0.15292384,0.22105263,0.03952174,1.23638947,-0.2673469387755102,loss,3,5,85,98,0.6,0.8673469387755102,-0.2673469387755102
CORE05,locus::SETD2::gain,1.0,1.0,3.50909091,0.14952492,82.35228735,-0.02040816326530612,gain,0,5,2,98,0.0,0.02040816326530612,-0.02040816326530612
CORE05,locus::PBRM1::loss,1.0,0.17108585,0.24023669,0.04319087,1.33624692,-0.2571428571428571,loss,3,5,84,98,0.6,0.8571428571428571,-0.2571428571428571
CORE05,locus::PBRM1::gain,1.0,1.0,3.50909091,0.14952492,82.35228735,-0.02040816326530612,gain,0,5,2,98,0.0,0.02040816326530612,-0.02040816326530612
CORE05,locus::BAP1::loss,1.0,0.18979063,0.25988024,0.04694863,1.43854557,-0.24693877551020416,loss,3,5,83,98,0.6,0.8469387755102041,-0.24693877551020416
CORE05,locus::BAP1::gain,1.0,1.0,3.50909091,0.14952492,82.35228735,-0.02040816326530612,gain,0,5,2,98,0.0,0.02040816326530612,-0.02040816326530612
CORE05,locus::JAK2::loss,1.0,0.58188532,0.30909091,0.01645471,5.80606911,-0.22448979591836735,loss,0,5,22,98,0.0,0.22448979591836735,-0.22448979591836735
CORE05,locus::JAK2::gain,1.0,1.0,1.90909091,0.0908062,40.13633426,-0.04081632653061224,gain,0,5,4,98,0.0,0.04081632653061224,-0.04081632653061224
CORE05,locus::CDKN2A::loss,1.0,1.0,1.01360544,0.15108148,6.80027731,-0.04489795918367345,loss,1,5,24,98,0.2,0.24489795918367346,-0.04489795918367345
CORE05,locus::CDKN2A::gain,1.0,1.0,5.90909091,0.21493078,162.45860984,-0.01020408163265306,gain,0,5,1,98,0.0,0.01020408163265306,-0.01020408163265306
CORE05,locus::PTEN::loss,1.0,0.43824048,2.80952381,0.39752488,19.85642754,0.0979591836734694,loss,1,5,10,98,0.2,0.10204081632653061,0.0979591836734694
CORE05,locus::PTEN::gain,1.0,1.0,17.90909091,0.32379174,990.56121678,0.0,gain,0,5,0,98,0.0,0.0,0.0
