patient_id,TCGA-B0-4712,TCGA-B0-4821,TCGA-B0-5081,TCGA-B0-5085,TCGA-B0-5088,TCGA-B0-5106,TCGA-B0-5115,TCGA-B0-5117,TCGA-B0-5696,TCGA-B0-5697,TCGA-B0-5698,TCGA-B0-5702,TCGA-B0-5703,TCGA-B0-5706,TCGA-B0-5709,TCGA-B0-5712,TCGA-B0-5812,TCGA-B8-4148,TCGA-B8-4151,TCGA-B8-4153,TCGA-B8-4619,TCGA-B8-4622,TCGA-B8-5158,TCGA-B8-5159,TCGA-B8-5162,TCGA-B8-5164,TCGA-B8-5165,TCGA-B8-5546,TCGA-B8-5549,TCGA-B8-5550,TCGA-B8-5551,TCGA-B8-5553,TCGA-B8-A54D,TCGA-B8-A54E,TCGA-B8-A54F,TCGA-B8-A54G,TCGA-BP-4164,TCGA-BP-4167,TCGA-BP-4770,TCGA-BP-4782,TCGA-BP-4960,TCGA-BP-4962,TCGA-BP-4965,TCGA-BP-4967,TCGA-BP-4970,TCGA-BP-4971,TCGA-BP-4972,TCGA-BP-4976,TCGA-BP-4977,TCGA-BP-4982,TCGA-BP-4986,TCGA-BP-4988,TCGA-BP-4989,TCGA-BP-4992,TCGA-BP-4994,TCGA-BP-4995,TCGA-BP-4999,TCGA-BP-5000,TCGA-BP-5001,TCGA-BP-5004,TCGA-BP-5006,TCGA-BP-5007,TCGA-BP-5009,TCGA-BP-5010,TCGA-BP-5174,TCGA-BP-5175,TCGA-BP-5180,TCGA-BP-5181,TCGA-BP-5183,TCGA-BP-5184,TCGA-BP-5186,TCGA-BP-5187,TCGA-BP-5189,TCGA-BP-5190,TCGA-BP-5191,TCGA-BP-5192,TCGA-BP-5194,TCGA-BP-5195,TCGA-BP-5196,TCGA-BP-5199,TCGA-BP-5200,TCGA-CJ-4637,TCGA-CJ-4641,TCGA-CJ-4900,TCGA-CJ-4902,TCGA-CJ-4903,TCGA-CJ-4904,TCGA-CJ-4923,TCGA-CJ-6027,TCGA-CJ-6028,TCGA-CJ-6030,TCGA-CJ-6033,TCGA-CZ-4859,TCGA-CZ-4863,TCGA-CZ-4865,TCGA-CZ-5451,TCGA-CZ-5462,TCGA-CZ-5468,TCGA-CZ-5984,TCGA-CZ-5985,TCGA-CZ-5988,TCGA-G6-A5PC,TCGA-G6-A8L7
TCGA-B0-4712,1.0,1.0,0.5,0.0,1.0,1.0,0.5,0.5,0.0,0.0,0.0,1.0,1.0,1.0,0.5,0.5,0.0,1.0,0.5,0.0,0.5,0.5,0.5,0.0,1.0,0.5,0.0,0.5,1.0,0.5,1.0,0.0,0.5,1.0,1.0,0.5,0.5,1.0,1.0,1.0,1.0,0.5,0.0,1.0,0.5,1.0,1.0,0.0,0.5,0.0,1.0,1.0,1.0,0.5,0.5,0.5,0.0,0.5,0.0,0.0,0.0,0.0,0.5,0.5,0.5,1.0,0.5,0.0,0.0,0.0,0.0,0.0,0.5,0.0,1.0,0.0,0.0,0.0,1.0,1.0,0.5,1.0,1.0,1.0,1.0,0.5,0.0,0.5,0.5,1.0,0.5,0.5,0.0,0.5,1.0,0.0,0.5,1.0,1.0,1.0,0.5,0.5,1.0
TCGA-B0-4821,1.0,1.0,0.5,0.0,1.0,1.0,0.5,0.5,0.0,0.0,0.0,1.0,1.0,1.0,0.5,0.5,0.0,1.0,0.5,0.0,0.5,0.5,0.5,0.0,1.0,0.5,0.0,0.5,1.0,0.5,1.0,0.0,0.5,1.0,1.0,0.5,0.5,1.0,1.0,1.0,1.0,0.5,0.0,1.0,0.5,1.0,1.0,0.0,0.5,0.0,1.0,1.0,1.0,0.5,0.5,0.5,0.0,0.5,0.0,0.0,0.0,0.0,0.5,0.5,0.5,1.0,0.5,0.0,0.0,0.0,0.0,0.0,0.5,0.0,1.0,0.0,0.0,0.0,1.0,1.0,0.5,1.0,1.0,1.0,1.0,0.5,0.0,0.5,0.5,1.0,0.5,0.5,0.0,0.5,1.0,0.0,0.5,1.0,1.0,1.0,0.5,0.5,1.0
TCGA-B0-5081,0.5,0.5,1.0,0.0,0.5,0.5,1.0,0.0,0.0,0.0,0.0,0.5,0.5,0.5,1.0,1.0,0.5,0.5,1.0,0.5,0.0,1.0,1.0,0.0,0.5,0.0,0.0,0.0,0.5,1.0,0.5,0.0,1.0,0.5,0.5,1.0,1.0,0.5,0.5,0.5,0.5,1.0,0.0,0.5,0.0,0.5,0.5,0.0,1.0,0.0,0.5,0.5,0.5,1.0,0.0,0.0,0.0,1.0,0.5,0.0,0.0,0.0,1.0,1.0,0.0,0.5,1.0,0.0,0.5,0.0,0.0,0.0,0.0,0.0,0.5,0.0,0.0,0.0,0.5,0.5,1.0,0.5,0.5,0.5,0.5,1.0,0.5,1.0,1.0,0.5,1.0,1.0,0.5,0.0,0.5,0.0,1.0,0.5,0.5,0.5,1.0,1.0,0.5
TCGA-B0-5085,0.0,0.0,0.0,1.0,0.0,0.0,0.5,0.75,0.8,1.0,1.0,0.0,0.0,0.0,0.0,0.0,0.75,0.0,0.0,0.2,0.75,0.0,0.0,0.4,0.0,0.2,0.8,0.75,0.0,0.0,0.0,0.4,0.0,0.0,0.0,0.0,0.0,0.0,0.0,0.5,0.0,0.0,1.0,0.0,0.75,0.0,0.5,1.0,0.0,1.0,0.0,0.0,0.0,0.0,0.75,0.75,1.0,0.0,0.2,1.0,1.0,1.0,0.0,0.0,0.75,0.0,0.0,1.0,0.2,1.0,1.0,1.0,0.5,1.0,0.0,1.0,1.0,1.0,0.0,0.0,0.0,0.0,0.0,0.0,0.0,0.0,0.75,0.0,0.0,0.0,0.0,0.0,0.2,0.2,0.0,0.4,0.0,0.0,0.0,0.0,0.0,0.0,0.0
TCGA-B0-5088,1.0,1.0,0.5,0.0,1.0,1.0,0.5,0.5,0.0,0.0,0.0,1.0,1.0,1.0,0.5,0.5,0.0,1.0,0.5,0.0,0.5,0.5,0.5,0.0,1.0,0.5,0.0,0.5,1.0,0.5,1.0,0.0,0.5,1.0,1.0,0.5,0.5,1.0,1.0,1.0,1.0,0.5,0.0,1.0,0.5,1.0,1.0,0.0,0.5,0.0,1.0,1.0,1.0,0.5,0.5,0.5,0.0,0.5,0.0,0.0,0.0,0.0,0.5,0.5,0.5,1.0,0.5,0.0,0.0,0.0,0.0,0.0,0.5,0.0,1.0,0.0,0.0,0.0,1.0,1.0,0.5,1.0,1.0,1.0,1.0,0.5,0.0,0.5,0.5,1.0,0.5,0.5,0.0,0.5,1.0,0.0,0.5,1.0,1.0,1.0,0.5,0.5,1.0
TCGA-B0-5106,1.0,1.0,0.5,0.0,1.0,1.0,0.5,0.5,0.0,0.0,0.0,1.0,1.0,1.0,0.5,0.5,0.0,1.0,0.5,0.0,0.5,0.5,0.5,0.0,1.0,0.5,0.0,0.5,1.0,0.5,1.0,0.0,0.5,1.0,1.0,0.5,0.5,1.0,1.0,1.0,1.0,0.5,0.0,1.0,0.5,1.0,1.0,0.0,0.5,0.0,1.0,1.0,1.0,0.5,0.5,0.5,0.0,0.5,0.0,0.0,0.0,0.0,0.5,0.5,0.5,1.0,0.5,0.0,0.0,0.0,0.0,0.0,0.5,0.0,1.0,0.0,0.0,0.0,1.0,1.0,0.5,1.0,1.0,1.0,1.0,0.5,0.0,0.5,0.5,1.0,0.5,0.5,0.0,0.5,1.0,0.0,0.5,1.0,1.0,1.0,0.5,0.5,1.0
TCGA-B0-5115,0.5,0.5,1.0,0.5,0.5,0.5,1.0,0.5,0.6666666666666666,0.6666666666666666,0.6666666666666666,0.2,0.5,0.2,0.4,0.5,0.8333333333333334,0.2,0.5,0.25,0.5,0.5,0.4,0.0,0.2,0.0,0.4,0.5,0.2,0.6666666666666666,0.25,0.0,0.5,0.25,0.2,0.4,0.4,0.2,0.3333333333333333,0.75,0.5,0.6666666666666666,0.5,0.2,0.5,0.5,0.75,0.6666666666666666,0.5,0.6666666666666666,0.5,0.5,0.2,0.5,0.5,0.5,0.6666666666666666,0.5,0.25,0.6666666666666666,0.6666666666666666,0.6666666666666666,0.5,1.0,0.5,0.5,0.4,0.6666666666666666,0.3333333333333333,0.6666666666666666,0.5,0.6666666666666666,0.25,0.6,0.5,0.6666666666666666,0.6666666666666666,0.6666666666666666,0.3333333333333333,0.5,0.5,0.25,0.25,0.25,0.3333333333333333,0.4,0.8333333333333334,0.5,0.5,0.25,0.4,0.6666666666666666,0.2,0.0,0.2,0.16666666666666666,0.4,0.5,0.2,0.25,0.5,0.5,0.2
TCGA-B0-5117,0.5,0.5,0.0,0.75,0.5,0.5,0.5,1.0,0.75,0.75,0.75,0.25,0.5,0.25,0.0,0.0,0.75,0.25,0.0,0.25,1.0,0.0,0.0,0.25,0.25,0.5,0.75,1.0,0.25,0.0,0.3333333333333333,0.25,0.0,0.3333333333333333,0.25,0.0,0.0,0.25,0.5,0.75,0.5,0.0,0.75,0.25,1.0,0.5,0.75,0.75,0.0,0.75,0.5,0.5,0.25,0.0,1.0,1.0,0.75,0.0,0.25,0.75,0.75,0.75,0.0,0.0,1.0,0.5,0.0,0.75,0.25,0.75,0.75,0.75,0.75,0.75,0.5,0.75,0.75,0.75,0.5,0.5,0.0,0.3333333333333333,0.3333333333333333,0.3333333333333333,0.3333333333333333,0.0,0.75,0.0,0.0,0.3333333333333333,0.0,0.0,0.25,0.5,0.25,0.25,0.0,0.5,0.25,0.3333333333333333,0.0,0.0,0.25
TCGA-B0-5696,0.0,0.0,0.0,0.8,0.0,0.0,0.6666666666666666,0.75,1.0,0.8571428571428571,0.8571428571428571,0.16666666666666666,0.0,0.16666666666666666,0.0,0.0,0.8333333333333334,0.16666666666666666,0.0,0.2,0.75,0.0,0.16666666666666666,0.5,0.16666666666666666,0.3333333333333333,0.8333333333333334,0.75,0.16666666666666666,0.0,0.0,0.5,0.0,0.0,0.16666666666666666,0.0,0.0,0.16666666666666666,0.0,0.5,0.0,0.0,1.0,0.16666666666666666,0.75,0.0,0.5,0.8571428571428571,0.0,1.0,0.0,0.0,0.16666666666666666,0.0,0.75,0.75,0.8571428571428571,0.0,0.2,0.8571428571428571,0.8571428571428571,0.8571428571428571,0.0,0.0,0.75,0.0,0.0,0.8571428571428571,0.42857142857142855,0.8571428571428571,1.0,0.8571428571428571,0.5,0.8333333333333334,0.0,0.8571428571428571,1.0,0.8571428571428571,0.0,0.0,0.0,0.0,0.0,0.0,0.0,0.0,0.8333333333333334,0.0,0.0,0.0,0.0,0.0,0.3333333333333333,0.3333333333333333,0.16666666666666666,0.5714285714285714,0.0,0.0,0.16666666666666666,0.0,0.0,0.0,0.16666666666666666
TCGA-B0-5697,0.0,0.0,0.0,1.0,0.0,0.0,0.6666666666666666,0.75,0.8571428571428571,1.0,1.0,0.0,0.0,0.0,0.0,0.0,0.8333333333333334,0.0,0.0,0.2,0.75,0.0,0.0,0.3333333333333333,0.0,0.16666666666666666,0.6666666666666666,0.75,0.0,0.0,0.0,0.3333333333333333,0.0,0.0,0.0,0.0,0.0,0.0,0.0,0.5,0.0,0.0,1.0,0.0,0.75,0.0,0.5,1.0,0.0,1.0,0.0,0.0,0.0,0.0,0.75,0.75,1.0,0.0,0.2,1.0,1.0,1.0,0.0,0.0,0.75,0.0,0.0,1.0,0.2857142857142857,1.0,1.0,1.0,0.5,1.0,0.0,1.0,1.0,1.0,0.0,0.0,0.0,0.0,0.0,0.0,0.0,0.0,0.8333333333333334,0.0,0.0,0.0,0.0,0.0,0.16666666666666666,0.16666666666666666,0.0,0.42857142857142855,0.0,0.0,0.0,0.0,0.0,0.0,0.0
TCGA-B0-5698,0.0,0.0,0.0,1.0,0.0,0.0,0.6666666666666666,0.75,0.8571428571428571,1.0,1.0,0.0,0.0,0.0,0.0,0.0,0.8333333333333334,0.0,0.0,0.2,0.75,0.0,0.0,0.3333333333333333,0.0,0.16666666666666666,0.6666666666666666,0.75,0.0,0.0,0.0,0.3333333333333333,0.0,0.0,0.0,0.0,0.0,0.0,0.0,0.5,0.0,0.0,1.0,0.0,0.75,0.0,0.5,1.0,0.0,1.0,0.0,0.0,0.0,0.0,0.75,0.75,1.0,0.0,0.2,1.0,1.0,1.0,0.0,0.0,0.75,0.0,0.0,1.0,0.2857142857142857,1.0,1.0,1.0,0.5,1.0,0.0,1.0,1.0,1.0,0.0,0.0,0.0,0.0,0.0,0.0,0.0,0.0,0.8333333333333334,0.0,0.0,0.0,0.0,0.0,0.16666666666666666,0.16666666666666666,0.0,0.42857142857142855,0.0,0.0,0.0,0.0,0.0,0.0,0.0
TCGA-B0-5702,1.0,1.0,0.5,0.0,1.0,1.0,0.2,0.25,0.16666666666666666,0.0,0.0,1.0,1.0,0.6666666666666666,0.4,0.2,0.0,0.8333333333333334,0.2,0.0,0.25,0.2,0.3333333333333333,0.5,0.8333333333333334,0.6666666666666666,0.16666666666666666,0.25,0.8333333333333334,0.5,0.6,0.5,0.2,0.6,0.8333333333333334,0.3333333333333333,0.16666666666666666,1.0,1.0,0.5,1.0,0.5,0.0,0.8333333333333334,0.25,1.0,0.5,0.0,0.2,0.0,1.0,1.0,1.0,0.2,0.25,0.25,0.0,0.2,0.0,0.0,0.0,0.0,0.2,0.5,0.25,1.0,0.3333333333333333,0.0,0.16666666666666666,0.0,0.0,0.0,0.25,0.0,1.0,0.0,0.0,0.0,1.0,1.0,0.2,0.6,0.6,0.6,0.6666666666666666,0.4,0.0,0.3333333333333333,0.2,0.6,0.3333333333333333,0.3333333333333333,0.16666666666666666,0.6666666666666666,0.8333333333333334,0.5,0.3333333333333333,1.0,0.8333333333333334,0.6,0.2,0.2,0.8333333333333334
TCGA-B0-5703,1.0,1.0,0.5,0.0,1.0,1.0,0.5,0.5,0.0,0.0,0.0,1.0,1.0,1.0,0.5,0.5,0.0,1.0,0.5,0.0,0.5,0.5,0.5,0.0,1.0,0.5,0.0,0.5,1.0,0.5,1.0,0.0,0.5,1.0,1.0,0.5,0.5,1.0,1.0,1.0,1.0,0.5,0.0,1.0,0.5,1.0,1.0,0.0,0.5,0.0,1.0,1.0,1.0,0.5,0.5,0.5,0.0,0.5,0.0,0.0,0.0,0.0,0.5,0.5,0.5,1.0,0.5,0.0,0.0,0.0,0.0,0.0,0.5,0.0,1.0,0.0,0.0,0.0,1.0,1.0,0.5,1.0,1.0,1.0,1.0,0.5,0.0,0.5,0.5,1.0,0.5,0.5,0.0,0.5,1.0,0.0,0.5,1.0,1.0,1.0,0.5,0.5,1.0
TCGA-B0-5706,1.0,1.0,0.5,0.0,1.0,1.0,0.2,0.25,0.16666666666666666,0.0,0.0,0.6666666666666666,1.0,1.0,0.2,0.4,0.0,0.8333333333333334,0.4,0.2,0.25,0.4,0.6666666666666666,0.5,0.8333333333333334,0.6666666666666666,0.3333333333333333,0.25,0.8333333333333334,0.5,0.4,0.5,0.4,0.4,0.8333333333333334,0.16666666666666666,0.5,0.8,1.0,0.5,1.0,0.5,0.0,0.8333333333333334,0.25,1.0,0.5,0.0,0.4,0.0,1.0,1.0,0.6666666666666666,0.4,0.25,0.25,0.0,0.4,0.2,0.0,0.0,0.0,0.4,0.5,0.25,1.0,0.16666666666666666,0.0,0.5,0.0,0.0,0.0,0.5,0.0,1.0,0.0,0.0,0.0,1.0,1.0,0.4,0.4,0.4,0.4,0.6666666666666666,0.2,0.0,0.3333333333333333,0.4,0.4,0.16666666666666666,0.3333333333333333,0.5,0.6666666666666666,0.8333333333333334,0.5,0.16666666666666666,1.0,0.8333333333333334,0.4,0.4,0.4,0.8333333333333334
TCGA-B0-5709,0.5,0.5,1.0,0.0,0.5,0.5,0.4,0.0,0.0,0.0,0.0,0.4,0.5,0.2,1.0,0.5,0.2,0.2,0.5,0.25,0.0,0.5,0.4,0.0,0.2,0.0,0.0,0.0,0.2,1.0,0.8,0.0,0.5,0.8,0.2,1.0,0.4,0.4,0.6666666666666666,0.3333333333333333,0.5,1.0,0.0,0.2,0.0,0.5,0.3333333333333333,0.0,0.5,0.0,0.5,0.5,0.4,0.5,0.0,0.0,0.0,0.5,0.25,0.0,0.0,0.0,0.5,1.0,0.0,0.5,1.0,0.0,0.16666666666666666,0.0,0.0,0.0,0.0,0.0,0.5,0.0,0.0,0.0,0.6666666666666666,0.5,0.5,0.8,0.8,0.8,0.6666666666666666,1.0,0.2,1.0,0.5,0.8,1.0,1.0,0.2,0.0,0.2,0.0,1.0,0.5,0.2,0.8,0.5,0.5,0.2
TCGA-B0-5712,0.5,0.5,1.0,0.0,0.5,0.5,0.5,0.0,0.0,0.0,0.0,0.2,0.5,0.4,0.5,1.0,0.25,0.2,1.0,0.8,0.0,1.0,0.8,0.0,0.2,0.0,0.0,0.0,0.2,1.0,0.25,0.0,1.0,0.25,0.2,0.6,1.0,0.2,0.5,0.25,0.5,1.0,0.0,0.2,0.0,0.5,0.25,0.0,1.0,0.0,0.5,0.5,0.2,1.0,0.0,0.0,0.0,1.0,0.8,0.0,0.0,0.0,1.0,1.0,0.0,0.5,0.6,0.0,0.6,0.0,0.0,0.0,0.25,0.0,0.5,0.0,0.0,0.0,0.5,0.5,1.0,0.25,0.25,0.25,0.3333333333333333,0.75,0.25,0.6666666666666666,1.0,0.25,0.6,0.6666666666666666,0.6,0.0,0.2,0.0,0.6,0.5,0.2,0.25,1.0,1.0,0.2
TCGA-B0-5812,0.0,0.0,0.5,0.75,0.0,0.0,0.8333333333333334,0.75,0.8333333333333334,0.8333333333333334,0.8333333333333334,0.0,0.0,0.0,0.2,0.25,1.0,0.0,0.25,0.5,0.75,0.25,0.2,0.2,0.0,0.2,0.6,0.75,0.0,0.3333333333333333,0.0,0.2,0.25,0.0,0.0,0.2,0.2,0.0,0.0,0.5,0.0,0.3333333333333333,0.75,0.0,0.75,0.0,0.5,0.8333333333333334,0.25,0.8333333333333334,0.0,0.0,0.0,0.25,0.75,0.75,0.8333333333333334,0.25,0.5,0.8333333333333334,0.8333333333333334,0.8333333333333334,0.25,0.5,0.75,0.0,0.2,0.8333333333333334,0.5,0.8333333333333334,0.75,0.8333333333333334,0.5,0.8,0.0,0.8333333333333334,0.8333333333333334,0.8333333333333334,0.0,0.0,0.25,0.0,0.0,0.0,0.0,0.2,1.0,0.25,0.25,0.0,0.2,0.3333333333333333,0.4,0.2,0.0,0.3333333333333333,0.2,0.0,0.0,0.0,0.25,0.25,0.0
TCGA-B8-4148,1.0,1.0,0.5,0.0,1.0,1.0,0.2,0.25,0.16666666666666666,0.0,0.0,0.8333333333333334,1.0,0.8333333333333334,0.2,0.2,0.0,1.0,0.2,0.0,0.25,0.2,0.5,0.6666666666666666,1.0,0.8333333333333334,0.3333333333333333,0.25,1.0,0.5,0.4,0.6666666666666666,0.2,0.4,1.0,0.16666666666666666,0.3333333333333333,1.0,1.0,0.5,1.0,0.5,0.0,1.0,0.25,1.0,0.5,0.0,0.2,0.0,1.0,1.0,0.8333333333333334,0.2,0.25,0.25,0.0,0.2,0.0,0.0,0.0,0.0,0.2,0.5,0.25,1.0,0.16666666666666666,0.0,0.3333333333333333,0.0,0.0,0.0,0.25,0.0,1.0,0.0,0.0,0.0,1.0,1.0,0.2,0.4,0.4,0.4,0.6666666666666666,0.2,0.0,0.3333333333333333,0.2,0.4,0.16666666666666666,0.3333333333333333,0.3333333333333333,0.8333333333333334,1.0,0.6666666666666666,0.16666666666666666,1.0,1.0,0.4,0.2,0.2,1.0
TCGA-B8-4151,0.5,0.5,1.0,0.0,0.5,0.5,0.5,0.0,0.0,0.0,0.0,0.2,0.5,0.4,0.5,1.0,0.25,0.2,1.0,0.8,0.0,1.0,0.8,0.0,0.2,0.0,0.0,0.0,0.2,1.0,0.25,0.0,1.0,0.25,0.2,0.6,1.0,0.2,0.5,0.25,0.5,1.0,0.0,0.2,0.0,0.5,0.25,0.0,1.0,0.0,0.5,0.5,0.2,1.0,0.0,0.0,0.0,1.0,0.8,0.0,0.0,0.0,1.0,1.0,0.0,0.5,0.6,0.0,0.6,0.0,0.0,0.0,0.25,0.0,0.5,0.0,0.0,0.0,0.5,0.5,1.0,0.25,0.25,0.25,0.3333333333333333,0.75,0.25,0.6666666666666666,1.0,0.25,0.6,0.6666666666666666,0.6,0.0,0.2,0.0,0.6,0.5,0.2,0.25,1.0,1.0,0.2
TCGA-B8-4153,0.0,0.0,0.5,0.2,0.0,0.0,0.25,0.25,0.2,0.2,0.2,0.0,0.0,0.2,0.25,0.8,0.5,0.0,0.8,1.0,0.25,0.8,0.6,0.2,0.0,0.2,0.2,0.25,0.0,0.5,0.0,0.2,0.8,0.0,0.0,0.4,0.8,0.0,0.0,0.0,0.0,0.5,0.25,0.0,0.25,0.0,0.0,0.2,0.8,0.25,0.0,0.0,0.0,0.8,0.25,0.25,0.2,0.8,1.0,0.2,0.2,0.2,0.8,0.5,0.25,0.0,0.4,0.2,0.8,0.2,0.25,0.2,0.5,0.2,0.0,0.2,0.25,0.2,0.0,0.0,0.8,0.0,0.0,0.0,0.0,0.5,0.5,0.3333333333333333,0.8,0.0,0.4,0.3333333333333333,0.8,0.2,0.0,0.2,0.4,0.0,0.0,0.0,0.8,0.8,0.0
TCGA-B8-4619,0.5,0.5,0.0,0.75,0.5,0.5,0.5,1.0,0.75,0.75,0.75,0.25,0.5,0.25,0.0,0.0,0.75,0.25,0.0,0.25,1.0,0.0,0.0,0.25,0.25,0.5,0.75,1.0,0.25,0.0,0.3333333333333333,0.25,0.0,0.3333333333333333,0.25,0.0,0.0,0.25,0.5,0.75,0.5,0.0,0.75,0.25,1.0,0.5,0.75,0.75,0.0,0.75,0.5,0.5,0.25,0.0,1.0,1.0,0.75,0.0,0.25,0.75,0.75,0.75,0.0,0.0,1.0,0.5,0.0,0.75,0.25,0.75,0.75,0.75,0.75,0.75,0.5,0.75,0.75,0.75,0.5,0.5,0.0,0.3333333333333333,0.3333333333333333,0.3333333333333333,0.3333333333333333,0.0,0.75,0.0,0.0,0.3333333333333333,0.0,0.0,0.25,0.5,0.25,0.25,0.0,0.5,0.25,0.3333333333333333,0.0,0.0,0.25
TCGA-B8-4622,0.5,0.5,1.0,0.0,0.5,0.5,0.5,0.0,0.0,0.0,0.0,0.2,0.5,0.4,0.5,1.0,0.25,0.2,1.0,0.8,0.0,1.0,0.8,0.0,0.2,0.0,0.0,0.0,0.2,1.0,0.25,0.0,1.0,0.25,0.2,0.6,1.0,0.2,0.5,0.25,0.5,1.0,0.0,0.2,0.0,0.5,0.25,0.0,1.0,0.0,0.5,0.5,0.2,1.0,0.0,0.0,0.0,1.0,0.8,0.0,0.0,0.0,1.0,1.0,0.0,0.5,0.6,0.0,0.6,0.0,0.0,0.0,0.25,0.0,0.5,0.0,0.0,0.0,0.5,0.5,1.0,0.25,0.25,0.25,0.3333333333333333,0.75,0.25,0.6666666666666666,1.0,0.25,0.6,0.6666666666666666,0.6,0.0,0.2,0.0,0.6,0.5,0.2,0.25,1.0,1.0,0.2
TCGA-B8-5158,0.5,0.5,1.0,0.0,0.5,0.5,0.4,0.0,0.16666666666666666,0.0,0.0,0.3333333333333333,0.5,0.6666666666666666,0.4,0.8,0.2,0.5,0.8,0.6,0.0,0.8,1.0,0.3333333333333333,0.5,0.3333333333333333,0.3333333333333333,0.0,0.5,1.0,0.2,0.3333333333333333,0.8,0.2,0.5,0.5,0.8333333333333334,0.4,0.5,0.25,0.5,1.0,0.0,0.5,0.0,0.5,0.25,0.0,0.8,0.0,0.5,0.5,0.3333333333333333,0.8,0.0,0.0,0.0,0.8,0.6,0.0,0.0,0.0,0.8,1.0,0.0,0.5,0.5,0.0,0.8333333333333334,0.0,0.0,0.0,0.25,0.0,0.5,0.0,0.0,0.0,0.5,0.5,0.8,0.2,0.2,0.2,0.3333333333333333,0.6,0.2,0.6666666666666666,0.8,0.2,0.5,0.6666666666666666,0.8333333333333334,0.3333333333333333,0.5,0.3333333333333333,0.5,0.5,0.5,0.2,0.8,0.8,0.5
TCGA-B8-5159,0.0,0.0,0.0,0.4,0.0,0.0,0.0,0.25,0.5,0.3333333333333333,0.3333333333333333,0.5,0.0,0.5,0.0,0.0,0.2,0.6666666666666666,0.0,0.2,0.25,0.0,0.3333333333333333,1.0,0.6666666666666666,0.8333333333333334,0.6666666666666666,0.25,0.6666666666666666,0.0,0.0,1.0,0.0,0.0,0.6666666666666666,0.0,0.16666666666666666,0.6,0.0,0.0,0.0,0.0,0.5,0.6666666666666666,0.25,0.0,0.0,0.3333333333333333,0.0,0.4,0.0,0.0,0.5,0.0,0.25,0.25,0.3333333333333333,0.0,0.2,0.3333333333333333,0.3333333333333333,0.3333333333333333,0.0,0.0,0.25,0.0,0.0,0.3333333333333333,0.5,0.3333333333333333,0.5,0.3333333333333333,0.25,0.3333333333333333,0.0,0.3333333333333333,0.4,0.3333333333333333,0.0,0.0,0.0,0.0,0.0,0.0,0.0,0.0,0.2,0.0,0.0,0.0,0.0,0.0,0.5,0.8333333333333334,0.6666666666666666,1.0,0.0,0.0,0.6666666666666666,0.0,0.0,0.0,0.6666666666666666
TCGA-B8-5162,1.0,1.0,0.5,0.0,1.0,1.0,0.2,0.25,0.16666666666666666,0.0,0.0,0.8333333333333334,1.0,0.8333333333333334,0.2,0.2,0.0,1.0,0.2,0.0,0.25,0.2,0.5,0.6666666666666666,1.0,0.8333333333333334,0.3333333333333333,0.25,1.0,0.5,0.4,0.6666666666666666,0.2,0.4,1.0,0.16666666666666666,0.3333333333333333,1.0,1.0,0.5,1.0,0.5,0.0,1.0,0.25,1.0,0.5,0.0,0.2,0.0,1.0,1.0,0.8333333333333334,0.2,0.25,0.25,0.0,0.2,0.0,0.0,0.0,0.0,0.2,0.5,0.25,1.0,0.16666666666666666,0.0,0.3333333333333333,0.0,0.0,0.0,0.25,0.0,1.0,0.0,0.0,0.0,1.0,1.0,0.2,0.4,0.4,0.4,0.6666666666666666,0.2,0.0,0.3333333333333333,0.2,0.4,0.16666666666666666,0.3333333333333333,0.3333333333333333,0.8333333333333334,1.0,0.6666666666666666,0.16666666666666666,1.0,1.0,0.4,0.2,0.2,1.0
TCGA-B8-5164,0.5,0.5,0.0,0.2,0.5,0.5,0.0,0.5,0.3333333333333333,0.16666666666666666,0.16666666666666666,0.6666666666666666,0.5,0.6666666666666666,0.0,0.0,0.2,0.8333333333333334,0.0,0.2,0.5,0.0,0.3333333333333333,0.8333333333333334,0.8333333333333334,1.0,0.5,0.5,0.8333333333333334,0.0,0.2,0.8333333333333334,0.0,0.2,0.8333333333333334,0.0,0.16666666666666666,0.8,0.5,0.25,0.5,0.0,0.25,0.8333333333333334,0.5,0.5,0.25,0.16666666666666666,0.0,0.2,0.5,0.5,0.6666666666666666,0.0,0.5,0.5,0.16666666666666666,0.0,0.2,0.16666666666666666,0.16666666666666666,0.16666666666666666,0.0,0.0,0.5,0.5,0.0,0.16666666666666666,0.5,0.16666666666666666,0.25,0.16666666666666666,0.5,0.16666666666666666,0.5,0.16666666666666666,0.2,0.16666666666666666,0.5,0.5,0.0,0.2,0.2,0.2,0.3333333333333333,0.0,0.2,0.0,0.0,0.2,0.0,0.0,0.5,1.0,0.8333333333333334,0.8333333333333334,0.0,0.5,0.8333333333333334,0.2,0.0,0.0,0.8333333333333334
TCGA-B8-5165,0.0,0.0,0.0,0.8,0.0,0.0,0.4,0.75,0.8333333333333334,0.6666666666666666,0.6666666666666666,0.16666666666666666,0.0,0.3333333333333333,0.0,0.0,0.6,0.3333333333333333,0.0,0.2,0.75,0.0,0.3333333333333333,0.6666666666666666,0.3333333333333333,0.5,1.0,0.75,0.3333333333333333,0.0,0.0,0.6666666666666666,0.0,0.0,0.3333333333333333,0.0,0.16666666666666666,0.2,0.0,0.5,0.0,0.0,1.0,0.3333333333333333,0.75,0.0,0.5,0.6666666666666666,0.0,0.8,0.0,0.0,0.16666666666666666,0.0,0.75,0.75,0.6666666666666666,0.0,0.2,0.6666666666666666,0.6666666666666666,0.6666666666666666,0.0,0.0,0.75,0.0,0.0,0.6666666666666666,0.5,0.6666666666666666,1.0,0.6666666666666666,0.5,0.6666666666666666,0.0,0.6666666666666666,0.8,0.6666666666666666,0.0,0.0,0.0,0.0,0.0,0.0,0.0,0.0,0.6,0.0,0.0,0.0,0.0,0.0,0.5,0.5,0.3333333333333333,0.6666666666666666,0.0,0.0,0.3333333333333333,0.0,0.0,0.0,0.3333333333333333
TCGA-B8-5546,0.5,0.5,0.0,0.75,0.5,0.5,0.5,1.0,0.75,0.75,0.75,0.25,0.5,0.25,0.0,0.0,0.75,0.25,0.0,0.25,1.0,0.0,0.0,0.25,0.25,0.5,0.75,1.0,0.25,0.0,0.3333333333333333,0.25,0.0,0.3333333333333333,0.25,0.0,0.0,0.25,0.5,0.75,0.5,0.0,0.75,0.25,1.0,0.5,0.75,0.75,0.0,0.75,0.5,0.5,0.25,0.0,1.0,1.0,0.75,0.0,0.25,0.75,0.75,0.75,0.0,0.0,1.0,0.5,0.0,0.75,0.25,0.75,0.75,0.75,0.75,0.75,0.5,0.75,0.75,0.75,0.5,0.5,0.0,0.3333333333333333,0.3333333333333333,0.3333333333333333,0.3333333333333333,0.0,0.75,0.0,0.0,0.3333333333333333,0.0,0.0,0.25,0.5,0.25,0.25,0.0,0.5,0.25,0.3333333333333333,0.0,0.0,0.25
TCGA-B8-5549,1.0,1.0,0.5,0.0,1.0,1.0,0.2,0.25,0.16666666666666666,0.0,0.0,0.8333333333333334,1.0,0.8333333333333334,0.2,0.2,0.0,1.0,0.2,0.0,0.25,0.2,0.5,0.6666666666666666,1.0,0.8333333333333334,0.3333333333333333,0.25,1.0,0.5,0.4,0.6666666666666666,0.2,0.4,1.0,0.16666666666666666,0.3333333333333333,1.0,1.0,0.5,1.0,0.5,0.0,1.0,0.25,1.0,0.5,0.0,0.2,0.0,1.0,1.0,0.8333333333333334,0.2,0.25,0.25,0.0,0.2,0.0,0.0,0.0,0.0,0.2,0.5,0.25,1.0,0.16666666666666666,0.0,0.3333333333333333,0.0,0.0,0.0,0.25,0.0,1.0,0.0,0.0,0.0,1.0,1.0,0.2,0.4,0.4,0.4,0.6666666666666666,0.2,0.0,0.3333333333333333,0.2,0.4,0.16666666666666666,0.3333333333333333,0.3333333333333333,0.8333333333333334,1.0,0.6666666666666666,0.16666666666666666,1.0,1.0,0.4,0.2,0.2,1.0
TCGA-B8-5550,0.5,0.5,1.0,0.0,0.5,0.5,0.6666666666666666,0.0,0.0,0.0,0.0,0.5,0.5,0.5,1.0,1.0,0.3333333333333333,0.5,1.0,0.5,0.0,1.0,1.0,0.0,0.5,0.0,0.0,0.0,0.5,1.0,0.5,0.0,1.0,0.5,0.5,1.0,1.0,0.6666666666666666,0.6666666666666666,0.5,0.5,1.0,0.0,0.5,0.0,0.5,0.5,0.0,1.0,0.0,0.5,0.5,0.5,1.0,0.0,0.0,0.0,1.0,0.5,0.0,0.0,0.0,1.0,1.0,0.0,0.5,1.0,0.0,0.3333333333333333,0.0,0.0,0.0,0.0,0.0,0.5,0.0,0.0,0.0,0.6666666666666666,0.5,1.0,0.5,0.5,0.5,0.5,1.0,0.3333333333333333,1.0,1.0,0.5,1.0,1.0,0.5,0.0,0.5,0.0,1.0,0.5,0.5,0.5,1.0,1.0,0.5
TCGA-B8-5551,1.0,1.0,0.5,0.0,1.0,1.0,0.25,0.3333333333333333,0.0,0.0,0.0,0.6,1.0,0.4,0.8,0.25,0.0,0.4,0.25,0.0,0.3333333333333333,0.25,0.2,0.0,0.4,0.2,0.0,0.3333333333333333,0.4,0.5,1.0,0.0,0.25,1.0,0.4,0.8,0.2,0.5,1.0,0.6666666666666666,1.0,0.5,0.0,0.4,0.3333333333333333,1.0,0.6666666666666666,0.0,0.25,0.0,1.0,1.0,0.6,0.25,0.3333333333333333,0.3333333333333333,0.0,0.25,0.0,0.0,0.0,0.0,0.25,0.5,0.3333333333333333,1.0,0.8,0.0,0.0,0.0,0.0,0.0,0.3333333333333333,0.0,1.0,0.0,0.0,0.0,1.0,1.0,0.25,1.0,1.0,1.0,1.0,0.75,0.0,0.6666666666666666,0.25,1.0,0.8,0.6666666666666666,0.0,0.2,0.4,0.0,0.8,1.0,0.4,1.0,0.25,0.25,0.4
TCGA-B8-5553,0.0,0.0,0.0,0.4,0.0,0.0,0.0,0.25,0.5,0.3333333333333333,0.3333333333333333,0.5,0.0,0.5,0.0,0.0,0.2,0.6666666666666666,0.0,0.2,0.25,0.0,0.3333333333333333,1.0,0.6666666666666666,0.8333333333333334,0.6666666666666666,0.25,0.6666666666666666,0.0,0.0,1.0,0.0,0.0,0.6666666666666666,0.0,0.16666666666666666,0.6,0.0,0.0,0.0,0.0,0.5,0.6666666666666666,0.25,0.0,0.0,0.3333333333333333,0.0,0.4,0.0,0.0,0.5,0.0,0.25,0.25,0.3333333333333333,0.0,0.2,0.3333333333333333,0.3333333333333333,0.3333333333333333,0.0,0.0,0.25,0.0,0.0,0.3333333333333333,0.5,0.3333333333333333,0.5,0.3333333333333333,0.25,0.3333333333333333,0.0,0.3333333333333333,0.4,0.3333333333333333,0.0,0.0,0.0,0.0,0.0,0.0,0.0,0.0,0.2,0.0,0.0,0.0,0.0,0.0,0.5,0.8333333333333334,0.6666666666666666,1.0,0.0,0.0,0.6666666666666666,0.0,0.0,0.0,0.6666666666666666
TCGA-B8-A54D,0.5,0.5,1.0,0.0,0.5,0.5,0.5,0.0,0.0,0.0,0.0,0.2,0.5,0.4,0.5,1.0,0.25,0.2,1.0,0.8,0.0,1.0,0.8,0.0,0.2,0.0,0.0,0.0,0.2,1.0,0.25,0.0,1.0,0.25,0.2,0.6,1.0,0.2,0.5,0.25,0.5,1.0,0.0,0.2,0.0,0.5,0.25,0.0,1.0,0.0,0.5,0.5,0.2,1.0,0.0,0.0,0.0,1.0,0.8,0.0,0.0,0.0,1.0,1.0,0.0,0.5,0.6,0.0,0.6,0.0,0.0,0.0,0.25,0.0,0.5,0.0,0.0,0.0,0.5,0.5,1.0,0.25,0.25,0.25,0.3333333333333333,0.75,0.25,0.6666666666666666,1.0,0.25,0.6,0.6666666666666666,0.6,0.0,0.2,0.0,0.6,0.5,0.2,0.25,1.0,1.0,0.2
TCGA-B8-A54E,1.0,1.0,0.5,0.0,1.0,1.0,0.25,0.3333333333333333,0.0,0.0,0.0,0.6,1.0,0.4,0.8,0.25,0.0,0.4,0.25,0.0,0.3333333333333333,0.25,0.2,0.0,0.4,0.2,0.0,0.3333333333333333,0.4,0.5,1.0,0.0,0.25,1.0,0.4,0.8,0.2,0.5,1.0,0.6666666666666666,1.0,0.5,0.0,0.4,0.3333333333333333,1.0,0.6666666666666666,0.0,0.25,0.0,1.0,1.0,0.6,0.25,0.3333333333333333,0.3333333333333333,0.0,0.25,0.0,0.0,0.0,0.0,0.25,0.5,0.3333333333333333,1.0,0.8,0.0,0.0,0.0,0.0,0.0,0.3333333333333333,0.0,1.0,0.0,0.0,0.0,1.0,1.0,0.25,1.0,1.0,1.0,1.0,0.75,0.0,0.6666666666666666,0.25,1.0,0.8,0.6666666666666666,0.0,0.2,0.4,0.0,0.8,1.0,0.4,1.0,0.25,0.25,0.4
TCGA-B8-A54F,1.0,1.0,0.5,0.0,1.0,1.0,0.2,0.25,0.16666666666666666,0.0,0.0,0.8333333333333334,1.0,0.8333333333333334,0.2,0.2,0.0,1.0,0.2,0.0,0.25,0.2,0.5,0.6666666666666666,1.0,0.8333333333333334,0.3333333333333333,0.25,1.0,0.5,0.4,0.6666666666666666,0.2,0.4,1.0,0.16666666666666666,0.3333333333333333,1.0,1.0,0.5,1.0,0.5,0.0,1.0,0.25,1.0,0.5,0.0,0.2,0.0,1.0,1.0,0.8333333333333334,0.2,0.25,0.25,0.0,0.2,0.0,0.0,0.0,0.0,0.2,0.5,0.25,1.0,0.16666666666666666,0.0,0.3333333333333333,0.0,0.0,0.0,0.25,0.0,1.0,0.0,0.0,0.0,1.0,1.0,0.2,0.4,0.4,0.4,0.6666666666666666,0.2,0.0,0.3333333333333333,0.2,0.4,0.16666666666666666,0.3333333333333333,0.3333333333333333,0.8333333333333334,1.0,0.6666666666666666,0.16666666666666666,1.0,1.0,0.4,0.2,0.2,1.0
TCGA-B8-A54G,0.5,0.5,1.0,0.0,0.5,0.5,0.4,0.0,0.0,0.0,0.0,0.3333333333333333,0.5,0.16666666666666666,1.0,0.6,0.2,0.16666666666666666,0.6,0.4,0.0,0.6,0.5,0.0,0.16666666666666666,0.0,0.0,0.0,0.16666666666666666,1.0,0.8,0.0,0.6,0.8,0.16666666666666666,1.0,0.5,0.2,0.5,0.25,0.5,1.0,0.0,0.16666666666666666,0.0,0.5,0.25,0.0,0.6,0.0,0.5,0.5,0.3333333333333333,0.6,0.0,0.0,0.0,0.6,0.4,0.0,0.0,0.0,0.6,1.0,0.0,0.5,1.0,0.0,0.3333333333333333,0.0,0.0,0.0,0.0,0.0,0.5,0.0,0.0,0.0,0.5,0.5,0.6,0.8,0.8,0.8,0.6666666666666666,1.0,0.2,1.0,0.6,0.8,1.0,1.0,0.3333333333333333,0.0,0.16666666666666666,0.0,1.0,0.5,0.16666666666666666,0.8,0.6,0.6,0.16666666666666666
TCGA-BP-4164,0.5,0.5,1.0,0.0,0.5,0.5,0.4,0.0,0.0,0.0,0.0,0.16666666666666666,0.5,0.5,0.4,1.0,0.2,0.3333333333333333,1.0,0.8,0.0,1.0,0.8333333333333334,0.16666666666666666,0.3333333333333333,0.16666666666666666,0.16666666666666666,0.0,0.3333333333333333,1.0,0.2,0.16666666666666666,1.0,0.2,0.3333333333333333,0.5,1.0,0.2,0.5,0.25,0.5,1.0,0.0,0.3333333333333333,0.0,0.5,0.25,0.0,1.0,0.0,0.5,0.5,0.16666666666666666,1.0,0.0,0.0,0.0,1.0,0.8,0.0,0.0,0.0,1.0,1.0,0.0,0.5,0.5,0.0,0.6666666666666666,0.0,0.0,0.0,0.25,0.0,0.5,0.0,0.0,0.0,0.5,0.5,1.0,0.2,0.2,0.2,0.3333333333333333,0.6,0.2,0.6666666666666666,1.0,0.2,0.5,0.6666666666666666,0.6666666666666666,0.16666666666666666,0.3333333333333333,0.16666666666666666,0.5,0.5,0.3333333333333333,0.2,1.0,1.0,0.3333333333333333
TCGA-BP-4167,1.0,1.0,0.5,0.0,1.0,1.0,0.2,0.25,0.16666666666666666,0.0,0.0,1.0,1.0,0.8,0.4,0.2,0.0,1.0,0.2,0.0,0.25,0.2,0.4,0.6,1.0,0.8,0.2,0.25,1.0,0.6666666666666666,0.5,0.6,0.2,0.5,1.0,0.2,0.2,1.0,1.0,0.5,1.0,0.6666666666666666,0.0,1.0,0.25,1.0,0.5,0.0,0.2,0.0,1.0,1.0,1.0,0.2,0.25,0.25,0.0,0.2,0.0,0.0,0.0,0.0,0.2,0.5,0.25,1.0,0.2,0.0,0.16666666666666666,0.0,0.0,0.0,0.25,0.0,1.0,0.0,0.0,0.0,1.0,1.0,0.2,0.5,0.5,0.5,0.6666666666666666,0.4,0.0,0.5,0.2,0.5,0.2,0.5,0.2,0.8,1.0,0.5,0.2,1.0,1.0,0.5,0.2,0.2,1.0
TCGA-BP-4770,1.0,1.0,0.5,0.0,1.0,1.0,0.3333333333333333,0.5,0.0,0.0,0.0,1.0,1.0,1.0,0.6666666666666666,0.5,0.0,1.0,0.5,0.0,0.5,0.5,0.5,0.0,1.0,0.5,0.0,0.5,1.0,0.6666666666666666,1.0,0.0,0.5,1.0,1.0,0.5,0.5,1.0,1.0,1.0,1.0,0.6666666666666666,0.0,1.0,0.5,1.0,1.0,0.0,0.5,0.0,1.0,1.0,1.0,0.5,0.5,0.5,0.0,0.5,0.0,0.0,0.0,0.0,0.5,0.5,0.5,1.0,0.5,0.0,0.0,0.0,0.0,0.0,0.5,0.0,1.0,0.0,0.0,0.0,1.0,1.0,0.5,1.0,1.0,1.0,1.0,0.6666666666666666,0.0,0.6666666666666666,0.5,1.0,0.5,0.6666666666666666,0.0,0.5,1.0,0.0,0.5,1.0,1.0,1.0,0.5,0.5,1.0
TCGA-BP-4782,1.0,1.0,0.5,0.5,1.0,1.0,0.75,0.75,0.5,0.5,0.5,0.5,1.0,0.5,0.3333333333333333,0.25,0.5,0.5,0.25,0.0,0.75,0.25,0.25,0.0,0.5,0.25,0.5,0.75,0.5,0.5,0.6666666666666666,0.0,0.25,0.6666666666666666,0.5,0.25,0.25,0.5,1.0,1.0,1.0,0.5,0.5,0.5,0.75,1.0,1.0,0.5,0.25,0.5,1.0,1.0,0.5,0.25,0.75,0.75,0.5,0.25,0.0,0.5,0.5,0.5,0.25,0.5,0.75,1.0,0.25,0.5,0.0,0.5,0.5,0.5,0.5,0.5,1.0,0.5,0.5,0.5,1.0,1.0,0.25,0.6666666666666666,0.6666666666666666,0.6666666666666666,0.6666666666666666,0.3333333333333333,0.5,0.3333333333333333,0.25,0.6666666666666666,0.25,0.5,0.0,0.25,0.5,0.0,0.25,1.0,0.5,0.6666666666666666,0.25,0.25,0.5
TCGA-BP-4960,1.0,1.0,0.5,0.0,1.0,1.0,0.5,0.5,0.0,0.0,0.0,1.0,1.0,1.0,0.5,0.5,0.0,1.0,0.5,0.0,0.5,0.5,0.5,0.0,1.0,0.5,0.0,0.5,1.0,0.5,1.0,0.0,0.5,1.0,1.0,0.5,0.5,1.0,1.0,1.0,1.0,0.5,0.0,1.0,0.5,1.0,1.0,0.0,0.5,0.0,1.0,1.0,1.0,0.5,0.5,0.5,0.0,0.5,0.0,0.0,0.0,0.0,0.5,0.5,0.5,1.0,0.5,0.0,0.0,0.0,0.0,0.0,0.5,0.0,1.0,0.0,0.0,0.0,1.0,1.0,0.5,1.0,1.0,1.0,1.0,0.5,0.0,0.5,0.5,1.0,0.5,0.5,0.0,0.5,1.0,0.0,0.5,1.0,1.0,1.0,0.5,0.5,1.0
TCGA-BP-4962,0.5,0.5,1.0,0.0,0.5,0.5,0.6666666666666666,0.0,0.0,0.0,0.0,0.5,0.5,0.5,1.0,1.0,0.3333333333333333,0.5,1.0,0.5,0.0,1.0,1.0,0.0,0.5,0.0,0.0,0.0,0.5,1.0,0.5,0.0,1.0,0.5,0.5,1.0,1.0,0.6666666666666666,0.6666666666666666,0.5,0.5,1.0,0.0,0.5,0.0,0.5,0.5,0.0,1.0,0.0,0.5,0.5,0.5,1.0,0.0,0.0,0.0,1.0,0.5,0.0,0.0,0.0,1.0,1.0,0.0,0.5,1.0,0.0,0.3333333333333333,0.0,0.0,0.0,0.0,0.0,0.5,0.0,0.0,0.0,0.6666666666666666,0.5,1.0,0.5,0.5,0.5,0.5,1.0,0.3333333333333333,1.0,1.0,0.5,1.0,1.0,0.5,0.0,0.5,0.0,1.0,0.5,0.5,0.5,1.0,1.0,0.5
TCGA-BP-4965,0.0,0.0,0.0,1.0,0.0,0.0,0.5,0.75,1.0,1.0,1.0,0.0,0.0,0.0,0.0,0.0,0.75,0.0,0.0,0.25,0.75,0.0,0.0,0.5,0.0,0.25,1.0,0.75,0.0,0.0,0.0,0.5,0.0,0.0,0.0,0.0,0.0,0.0,0.0,0.5,0.0,0.0,1.0,0.0,0.75,0.0,0.5,1.0,0.0,1.0,0.0,0.0,0.0,0.0,0.75,0.75,1.0,0.0,0.25,1.0,1.0,1.0,0.0,0.0,0.75,0.0,0.0,1.0,0.25,1.0,1.0,1.0,0.5,1.0,0.0,1.0,1.0,1.0,0.0,0.0,0.0,0.0,0.0,0.0,0.0,0.0,0.75,0.0,0.0,0.0,0.0,0.0,0.25,0.25,0.0,0.5,0.0,0.0,0.0,0.0,0.0,0.0,0.0
TCGA-BP-4967,1.0,1.0,0.5,0.0,1.0,1.0,0.2,0.25,0.16666666666666666,0.0,0.0,0.8333333333333334,1.0,0.8333333333333334,0.2,0.2,0.0,1.0,0.2,0.0,0.25,0.2,0.5,0.6666666666666666,1.0,0.8333333333333334,0.3333333333333333,0.25,1.0,0.5,0.4,0.6666666666666666,0.2,0.4,1.0,0.16666666666666666,0.3333333333333333,1.0,1.0,0.5,1.0,0.5,0.0,1.0,0.25,1.0,0.5,0.0,0.2,0.0,1.0,1.0,0.8333333333333334,0.2,0.25,0.25,0.0,0.2,0.0,0.0,0.0,0.0,0.2,0.5,0.25,1.0,0.16666666666666666,0.0,0.3333333333333333,0.0,0.0,0.0,0.25,0.0,1.0,0.0,0.0,0.0,1.0,1.0,0.2,0.4,0.4,0.4,0.6666666666666666,0.2,0.0,0.3333333333333333,0.2,0.4,0.16666666666666666,0.3333333333333333,0.3333333333333333,0.8333333333333334,1.0,0.6666666666666666,0.16666666666666666,1.0,1.0,0.4,0.2,0.2,1.0
TCGA-BP-4970,0.5,0.5,0.0,0.75,0.5,0.5,0.5,1.0,0.75,0.75,0.75,0.25,0.5,0.25,0.0,0.0,0.75,0.25,0.0,0.25,1.0,0.0,0.0,0.25,0.25,0.5,0.75,1.0,0.25,0.0,0.3333333333333333,0.25,0.0,0.3333333333333333,0.25,0.0,0.0,0.25,0.5,0.75,0.5,0.0,0.75,0.25,1.0,0.5,0.75,0.75,0.0,0.75,0.5,0.5,0.25,0.0,1.0,1.0,0.75,0.0,0.25,0.75,0.75,0.75,0.0,0.0,1.0,0.5,0.0,0.75,0.25,0.75,0.75,0.75,0.75,0.75,0.5,0.75,0.75,0.75,0.5,0.5,0.0,0.3333333333333333,0.3333333333333333,0.3333333333333333,0.3333333333333333,0.0,0.75,0.0,0.0,0.3333333333333333,0.0,0.0,0.25,0.5,0.25,0.25,0.0,0.5,0.25,0.3333333333333333,0.0,0.0,0.25
TCGA-BP-4971,1.0,1.0,0.5,0.0,1.0,1.0,0.5,0.5,0.0,0.0,0.0,1.0,1.0,1.0,0.5,0.5,0.0,1.0,0.5,0.0,0.5,0.5,0.5,0.0,1.0,0.5,0.0,0.5,1.0,0.5,1.0,0.0,0.5,1.0,1.0,0.5,0.5,1.0,1.0,1.0,1.0,0.5,0.0,1.0,0.5,1.0,1.0,0.0,0.5,0.0,1.0,1.0,1.0,0.5,0.5,0.5,0.0,0.5,0.0,0.0,0.0,0.0,0.5,0.5,0.5,1.0,0.5,0.0,0.0,0.0,0.0,0.0,0.5,0.0,1.0,0.0,0.0,0.0,1.0,1.0,0.5,1.0,1.0,1.0,1.0,0.5,0.0,0.5,0.5,1.0,0.5,0.5,0.0,0.5,1.0,0.0,0.5,1.0,1.0,1.0,0.5,0.5,1.0
TCGA-BP-4972,1.0,1.0,0.5,0.5,1.0,1.0,0.75,0.75,0.5,0.5,0.5,0.5,1.0,0.5,0.3333333333333333,0.25,0.5,0.5,0.25,0.0,0.75,0.25,0.25,0.0,0.5,0.25,0.5,0.75,0.5,0.5,0.6666666666666666,0.0,0.25,0.6666666666666666,0.5,0.25,0.25,0.5,1.0,1.0,1.0,0.5,0.5,0.5,0.75,1.0,1.0,0.5,0.25,0.5,1.0,1.0,0.5,0.25,0.75,0.75,0.5,0.25,0.0,0.5,0.5,0.5,0.25,0.5,0.75,1.0,0.25,0.5,0.0,0.5,0.5,0.5,0.5,0.5,1.0,0.5,0.5,0.5,1.0,1.0,0.25,0.6666666666666666,0.6666666666666666,0.6666666666666666,0.6666666666666666,0.3333333333333333,0.5,0.3333333333333333,0.25,0.6666666666666666,0.25,0.5,0.0,0.25,0.5,0.0,0.25,1.0,0.5,0.6666666666666666,0.25,0.25,0.5
TCGA-BP-4976,0.0,0.0,0.0,1.0,0.0,0.0,0.6666666666666666,0.75,0.8571428571428571,1.0,1.0,0.0,0.0,0.0,0.0,0.0,0.8333333333333334,0.0,0.0,0.2,0.75,0.0,0.0,0.3333333333333333,0.0,0.16666666666666666,0.6666666666666666,0.75,0.0,0.0,0.0,0.3333333333333333,0.0,0.0,0.0,0.0,0.0,0.0,0.0,0.5,0.0,0.0,1.0,0.0,0.75,0.0,0.5,1.0,0.0,1.0,0.0,0.0,0.0,0.0,0.75,0.75,1.0,0.0,0.2,1.0,1.0,1.0,0.0,0.0,0.75,0.0,0.0,1.0,0.2857142857142857,1.0,1.0,1.0,0.5,1.0,0.0,1.0,1.0,1.0,0.0,0.0,0.0,0.0,0.0,0.0,0.0,0.0,0.8333333333333334,0.0,0.0,0.0,0.0,0.0,0.16666666666666666,0.16666666666666666,0.0,0.42857142857142855,0.0,0.0,0.0,0.0,0.0,0.0,0.0
TCGA-BP-4977,0.5,0.5,1.0,0.0,0.5,0.5,0.5,0.0,0.0,0.0,0.0,0.2,0.5,0.4,0.5,1.0,0.25,0.2,1.0,0.8,0.0,1.0,0.8,0.0,0.2,0.0,0.0,0.0,0.2,1.0,0.25,0.0,1.0,0.25,0.2,0.6,1.0,0.2,0.5,0.25,0.5,1.0,0.0,0.2,0.0,0.5,0.25,0.0,1.0,0.0,0.5,0.5,0.2,1.0,0.0,0.0,0.0,1.0,0.8,0.0,0.0,0.0,1.0,1.0,0.0,0.5,0.6,0.0,0.6,0.0,0.0,0.0,0.25,0.0,0.5,0.0,0.0,0.0,0.5,0.5,1.0,0.25,0.25,0.25,0.3333333333333333,0.75,0.25,0.6666666666666666,1.0,0.25,0.6,0.6666666666666666,0.6,0.0,0.2,0.0,0.6,0.5,0.2,0.25,1.0,1.0,0.2
TCGA-BP-4982,0.0,0.0,0.0,1.0,0.0,0.0,0.6666666666666666,0.75,1.0,1.0,1.0,0.0,0.0,0.0,0.0,0.0,0.8333333333333334,0.0,0.0,0.25,0.75,0.0,0.0,0.4,0.0,0.2,0.8,0.75,0.0,0.0,0.0,0.4,0.0,0.0,0.0,0.0,0.0,0.0,0.0,0.5,0.0,0.0,1.0,0.0,0.75,0.0,0.5,1.0,0.0,1.0,0.0,0.0,0.0,0.0,0.75,0.75,1.0,0.0,0.25,1.0,1.0,1.0,0.0,0.0,0.75,0.0,0.0,1.0,0.3333333333333333,1.0,1.0,1.0,0.5,1.0,0.0,1.0,1.0,1.0,0.0,0.0,0.0,0.0,0.0,0.0,0.0,0.0,0.8333333333333334,0.0,0.0,0.0,0.0,0.0,0.2,0.2,0.0,0.5,0.0,0.0,0.0,0.0,0.0,0.0,0.0
TCGA-BP-4986,1.0,1.0,0.5,0.0,1.0,1.0,0.5,0.5,0.0,0.0,0.0,1.0,1.0,1.0,0.5,0.5,0.0,1.0,0.5,0.0,0.5,0.5,0.5,0.0,1.0,0.5,0.0,0.5,1.0,0.5,1.0,0.0,0.5,1.0,1.0,0.5,0.5,1.0,1.0,1.0,1.0,0.5,0.0,1.0,0.5,1.0,1.0,0.0,0.5,0.0,1.0,1.0,1.0,0.5,0.5,0.5,0.0,0.5,0.0,0.0,0.0,0.0,0.5,0.5,0.5,1.0,0.5,0.0,0.0,0.0,0.0,0.0,0.5,0.0,1.0,0.0,0.0,0.0,1.0,1.0,0.5,1.0,1.0,1.0,1.0,0.5,0.0,0.5,0.5,1.0,0.5,0.5,0.0,0.5,1.0,0.0,0.5,1.0,1.0,1.0,0.5,0.5,1.0
TCGA-BP-4988,1.0,1.0,0.5,0.0,1.0,1.0,0.5,0.5,0.0,0.0,0.0,1.0,1.0,1.0,0.5,0.5,0.0,1.0,0.5,0.0,0.5,0.5,0.5,0.0,1.0,0.5,0.0,0.5,1.0,0.5,1.0,0.0,0.5,1.0,1.0,0.5,0.5,1.0,1.0,1.0,1.0,0.5,0.0,1.0,0.5,1.0,1.0,0.0,0.5,0.0,1.0,1.0,1.0,0.5,0.5,0.5,0.0,0.5,0.0,0.0,0.0,0.0,0.5,0.5,0.5,1.0,0.5,0.0,0.0,0.0,0.0,0.0,0.5,0.0,1.0,0.0,0.0,0.0,1.0,1.0,0.5,1.0,1.0,1.0,1.0,0.5,0.0,0.5,0.5,1.0,0.5,0.5,0.0,0.5,1.0,0.0,0.5,1.0,1.0,1.0,0.5,0.5,1.0
TCGA-BP-4989,1.0,1.0,0.5,0.0,1.0,1.0,0.2,0.25,0.16666666666666666,0.0,0.0,1.0,1.0,0.6666666666666666,0.4,0.2,0.0,0.8333333333333334,0.2,0.0,0.25,0.2,0.3333333333333333,0.5,0.8333333333333334,0.6666666666666666,0.16666666666666666,0.25,0.8333333333333334,0.5,0.6,0.5,0.2,0.6,0.8333333333333334,0.3333333333333333,0.16666666666666666,1.0,1.0,0.5,1.0,0.5,0.0,0.8333333333333334,0.25,1.0,0.5,0.0,0.2,0.0,1.0,1.0,1.0,0.2,0.25,0.25,0.0,0.2,0.0,0.0,0.0,0.0,0.2,0.5,0.25,1.0,0.3333333333333333,0.0,0.16666666666666666,0.0,0.0,0.0,0.25,0.0,1.0,0.0,0.0,0.0,1.0,1.0,0.2,0.6,0.6,0.6,0.6666666666666666,0.4,0.0,0.3333333333333333,0.2,0.6,0.3333333333333333,0.3333333333333333,0.16666666666666666,0.6666666666666666,0.8333333333333334,0.5,0.3333333333333333,1.0,0.8333333333333334,0.6,0.2,0.2,0.8333333333333334
TCGA-BP-4992,0.5,0.5,1.0,0.0,0.5,0.5,0.5,0.0,0.0,0.0,0.0,0.2,0.5,0.4,0.5,1.0,0.25,0.2,1.0,0.8,0.0,1.0,0.8,0.0,0.2,0.0,0.0,0.0,0.2,1.0,0.25,0.0,1.0,0.25,0.2,0.6,1.0,0.2,0.5,0.25,0.5,1.0,0.0,0.2,0.0,0.5,0.25,0.0,1.0,0.0,0.5,0.5,0.2,1.0,0.0,0.0,0.0,1.0,0.8,0.0,0.0,0.0,1.0,1.0,0.0,0.5,0.6,0.0,0.6,0.0,0.0,0.0,0.25,0.0,0.5,0.0,0.0,0.0,0.5,0.5,1.0,0.25,0.25,0.25,0.3333333333333333,0.75,0.25,0.6666666666666666,1.0,0.25,0.6,0.6666666666666666,0.6,0.0,0.2,0.0,0.6,0.5,0.2,0.25,1.0,1.0,0.2
TCGA-BP-4994,0.5,0.5,0.0,0.75,0.5,0.5,0.5,1.0,0.75,0.75,0.75,0.25,0.5,0.25,0.0,0.0,0.75,0.25,0.0,0.25,1.0,0.0,0.0,0.25,0.25,0.5,0.75,1.0,0.25,0.0,0.3333333333333333,0.25,0.0,0.3333333333333333,0.25,0.0,0.0,0.25,0.5,0.75,0.5,0.0,0.75,0.25,1.0,0.5,0.75,0.75,0.0,0.75,0.5,0.5,0.25,0.0,1.0,1.0,0.75,0.0,0.25,0.75,0.75,0.75,0.0,0.0,1.0,0.5,0.0,0.75,0.25,0.75,0.75,0.75,0.75,0.75,0.5,0.75,0.75,0.75,0.5,0.5,0.0,0.3333333333333333,0.3333333333333333,0.3333333333333333,0.3333333333333333,0.0,0.75,0.0,0.0,0.3333333333333333,0.0,0.0,0.25,0.5,0.25,0.25,0.0,0.5,0.25,0.3333333333333333,0.0,0.0,0.25
TCGA-BP-4995,0.5,0.5,0.0,0.75,0.5,0.5,0.5,1.0,0.75,0.75,0.75,0.25,0.5,0.25,0.0,0.0,0.75,0.25,0.0,0.25,1.0,0.0,0.0,0.25,0.25,0.5,0.75,1.0,0.25,0.0,0.3333333333333333,0.25,0.0,0.3333333333333333,0.25,0.0,0.0,0.25,0.5,0.75,0.5,0.0,0.75,0.25,1.0,0.5,0.75,0.75,0.0,0.75,0.5,0.5,0.25,0.0,1.0,1.0,0.75,0.0,0.25,0.75,0.75,0.75,0.0,0.0,1.0,0.5,0.0,0.75,0.25,0.75,0.75,0.75,0.75,0.75,0.5,0.75,0.75,0.75,0.5,0.5,0.0,0.3333333333333333,0.3333333333333333,0.3333333333333333,0.3333333333333333,0.0,0.75,0.0,0.0,0.3333333333333333,0.0,0.0,0.25,0.5,0.25,0.25,0.0,0.5,0.25,0.3333333333333333,0.0,0.0,0.25
TCGA-BP-4999,0.0,0.0,0.0,1.0,0.0,0.0,0.6666666666666666,0.75,0.8571428571428571,1.0,1.0,0.0,0.0,0.0,0.0,0.0,0.8333333333333334,0.0,0.0,0.2,0.75,0.0,0.0,0.3333333333333333,0.0,0.16666666666666666,0.6666666666666666,0.75,0.0,0.0,0.0,0.3333333333333333,0.0,0.0,0.0,0.0,0.0,0.0,0.0,0.5,0.0,0.0,1.0,0.0,0.75,0.0,0.5,1.0,0.0,1.0,0.0,0.0,0.0,0.0,0.75,0.75,1.0,0.0,0.2,1.0,1.0,1.0,0.0,0.0,0.75,0.0,0.0,1.0,0.2857142857142857,1.0,1.0,1.0,0.5,1.0,0.0,1.0,1.0,1.0,0.0,0.0,0.0,0.0,0.0,0.0,0.0,0.0,0.8333333333333334,0.0,0.0,0.0,0.0,0.0,0.16666666666666666,0.16666666666666666,0.0,0.42857142857142855,0.0,0.0,0.0,0.0,0.0,0.0,0.0
TCGA-BP-5000,0.5,0.5,1.0,0.0,0.5,0.5,0.5,0.0,0.0,0.0,0.0,0.2,0.5,0.4,0.5,1.0,0.25,0.2,1.0,0.8,0.0,1.0,0.8,0.0,0.2,0.0,0.0,0.0,0.2,1.0,0.25,0.0,1.0,0.25,0.2,0.6,1.0,0.2,0.5,0.25,0.5,1.0,0.0,0.2,0.0,0.5,0.25,0.0,1.0,0.0,0.5,0.5,0.2,1.0,0.0,0.0,0.0,1.0,0.8,0.0,0.0,0.0,1.0,1.0,0.0,0.5,0.6,0.0,0.6,0.0,0.0,0.0,0.25,0.0,0.5,0.0,0.0,0.0,0.5,0.5,1.0,0.25,0.25,0.25,0.3333333333333333,0.75,0.25,0.6666666666666666,1.0,0.25,0.6,0.6666666666666666,0.6,0.0,0.2,0.0,0.6,0.5,0.2,0.25,1.0,1.0,0.2
TCGA-BP-5001,0.0,0.0,0.5,0.2,0.0,0.0,0.25,0.25,0.2,0.2,0.2,0.0,0.0,0.2,0.25,0.8,0.5,0.0,0.8,1.0,0.25,0.8,0.6,0.2,0.0,0.2,0.2,0.25,0.0,0.5,0.0,0.2,0.8,0.0,0.0,0.4,0.8,0.0,0.0,0.0,0.0,0.5,0.25,0.0,0.25,0.0,0.0,0.2,0.8,0.25,0.0,0.0,0.0,0.8,0.25,0.25,0.2,0.8,1.0,0.2,0.2,0.2,0.8,0.5,0.25,0.0,0.4,0.2,0.8,0.2,0.25,0.2,0.5,0.2,0.0,0.2,0.25,0.2,0.0,0.0,0.8,0.0,0.0,0.0,0.0,0.5,0.5,0.3333333333333333,0.8,0.0,0.4,0.3333333333333333,0.8,0.2,0.0,0.2,0.4,0.0,0.0,0.0,0.8,0.8,0.0
TCGA-BP-5004,0.0,0.0,0.0,1.0,0.0,0.0,0.6666666666666666,0.75,0.8571428571428571,1.0,1.0,0.0,0.0,0.0,0.0,0.0,0.8333333333333334,0.0,0.0,0.2,0.75,0.0,0.0,0.3333333333333333,0.0,0.16666666666666666,0.6666666666666666,0.75,0.0,0.0,0.0,0.3333333333333333,0.0,0.0,0.0,0.0,0.0,0.0,0.0,0.5,0.0,0.0,1.0,0.0,0.75,0.0,0.5,1.0,0.0,1.0,0.0,0.0,0.0,0.0,0.75,0.75,1.0,0.0,0.2,1.0,1.0,1.0,0.0,0.0,0.75,0.0,0.0,1.0,0.2857142857142857,1.0,1.0,1.0,0.5,1.0,0.0,1.0,1.0,1.0,0.0,0.0,0.0,0.0,0.0,0.0,0.0,0.0,0.8333333333333334,0.0,0.0,0.0,0.0,0.0,0.16666666666666666,0.16666666666666666,0.0,0.42857142857142855,0.0,0.0,0.0,0.0,0.0,0.0,0.0
TCGA-BP-5006,0.0,0.0,0.0,1.0,0.0,0.0,0.6666666666666666,0.75,0.8571428571428571,1.0,1.0,0.0,0.0,0.0,0.0,0.0,0.8333333333333334,0.0,0.0,0.2,0.75,0.0,0.0,0.3333333333333333,0.0,0.16666666666666666,0.6666666666666666,0.75,0.0,0.0,0.0,0.3333333333333333,0.0,0.0,0.0,0.0,0.0,0.0,0.0,0.5,0.0,0.0,1.0,0.0,0.75,0.0,0.5,1.0,0.0,1.0,0.0,0.0,0.0,0.0,0.75,0.75,1.0,0.0,0.2,1.0,1.0,1.0,0.0,0.0,0.75,0.0,0.0,1.0,0.2857142857142857,1.0,1.0,1.0,0.5,1.0,0.0,1.0,1.0,1.0,0.0,0.0,0.0,0.0,0.0,0.0,0.0,0.0,0.8333333333333334,0.0,0.0,0.0,0.0,0.0,0.16666666666666666,0.16666666666666666,0.0,0.42857142857142855,0.0,0.0,0.0,0.0,0.0,0.0,0.0
TCGA-BP-5007,0.0,0.0,0.0,1.0,0.0,0.0,0.6666666666666666,0.75,0.8571428571428571,1.0,1.0,0.0,0.0,0.0,0.0,0.0,0.8333333333333334,0.0,0.0,0.2,0.75,0.0,0.0,0.3333333333333333,0.0,0.16666666666666666,0.6666666666666666,0.75,0.0,0.0,0.0,0.3333333333333333,0.0,0.0,0.0,0.0,0.0,0.0,0.0,0.5,0.0,0.0,1.0,0.0,0.75,0.0,0.5,1.0,0.0,1.0,0.0,0.0,0.0,0.0,0.75,0.75,1.0,0.0,0.2,1.0,1.0,1.0,0.0,0.0,0.75,0.0,0.0,1.0,0.2857142857142857,1.0,1.0,1.0,0.5,1.0,0.0,1.0,1.0,1.0,0.0,0.0,0.0,0.0,0.0,0.0,0.0,0.0,0.8333333333333334,0.0,0.0,0.0,0.0,0.0,0.16666666666666666,0.16666666666666666,0.0,0.42857142857142855,0.0,0.0,0.0,0.0,0.0,0.0,0.0
TCGA-BP-5009,0.5,0.5,1.0,0.0,0.5,0.5,0.5,0.0,0.0,0.0,0.0,0.2,0.5,0.4,0.5,1.0,0.25,0.2,1.0,0.8,0.0,1.0,0.8,0.0,0.2,0.0,0.0,0.0,0.2,1.0,0.25,0.0,1.0,0.25,0.2,0.6,1.0,0.2,0.5,0.25,0.5,1.0,0.0,0.2,0.0,0.5,0.25,0.0,1.0,0.0,0.5,0.5,0.2,1.0,0.0,0.0,0.0,1.0,0.8,0.0,0.0,0.0,1.0,1.0,0.0,0.5,0.6,0.0,0.6,0.0,0.0,0.0,0.25,0.0,0.5,0.0,0.0,0.0,0.5,0.5,1.0,0.25,0.25,0.25,0.3333333333333333,0.75,0.25,0.6666666666666666,1.0,0.25,0.6,0.6666666666666666,0.6,0.0,0.2,0.0,0.6,0.5,0.2,0.25,1.0,1.0,0.2
TCGA-BP-5010,0.5,0.5,1.0,0.0,0.5,0.5,1.0,0.0,0.0,0.0,0.0,0.5,0.5,0.5,1.0,1.0,0.5,0.5,1.0,0.5,0.0,1.0,1.0,0.0,0.5,0.0,0.0,0.0,0.5,1.0,0.5,0.0,1.0,0.5,0.5,1.0,1.0,0.5,0.5,0.5,0.5,1.0,0.0,0.5,0.0,0.5,0.5,0.0,1.0,0.0,0.5,0.5,0.5,1.0,0.0,0.0,0.0,1.0,0.5,0.0,0.0,0.0,1.0,1.0,0.0,0.5,1.0,0.0,0.5,0.0,0.0,0.0,0.0,0.0,0.5,0.0,0.0,0.0,0.5,0.5,1.0,0.5,0.5,0.5,0.5,1.0,0.5,1.0,1.0,0.5,1.0,1.0,0.5,0.0,0.5,0.0,1.0,0.5,0.5,0.5,1.0,1.0,0.5
TCGA-BP-5174,0.5,0.5,0.0,0.75,0.5,0.5,0.5,1.0,0.75,0.75,0.75,0.25,0.5,0.25,0.0,0.0,0.75,0.25,0.0,0.25,1.0,0.0,0.0,0.25,0.25,0.5,0.75,1.0,0.25,0.0,0.3333333333333333,0.25,0.0,0.3333333333333333,0.25,0.0,0.0,0.25,0.5,0.75,0.5,0.0,0.75,0.25,1.0,0.5,0.75,0.75,0.0,0.75,0.5,0.5,0.25,0.0,1.0,1.0,0.75,0.0,0.25,0.75,0.75,0.75,0.0,0.0,1.0,0.5,0.0,0.75,0.25,0.75,0.75,0.75,0.75,0.75,0.5,0.75,0.75,0.75,0.5,0.5,0.0,0.3333333333333333,0.3333333333333333,0.3333333333333333,0.3333333333333333,0.0,0.75,0.0,0.0,0.3333333333333333,0.0,0.0,0.25,0.5,0.25,0.25,0.0,0.5,0.25,0.3333333333333333,0.0,0.0,0.25
TCGA-BP-5175,1.0,1.0,0.5,0.0,1.0,1.0,0.5,0.5,0.0,0.0,0.0,1.0,1.0,1.0,0.5,0.5,0.0,1.0,0.5,0.0,0.5,0.5,0.5,0.0,1.0,0.5,0.0,0.5,1.0,0.5,1.0,0.0,0.5,1.0,1.0,0.5,0.5,1.0,1.0,1.0,1.0,0.5,0.0,1.0,0.5,1.0,1.0,0.0,0.5,0.0,1.0,1.0,1.0,0.5,0.5,0.5,0.0,0.5,0.0,0.0,0.0,0.0,0.5,0.5,0.5,1.0,0.5,0.0,0.0,0.0,0.0,0.0,0.5,0.0,1.0,0.0,0.0,0.0,1.0,1.0,0.5,1.0,1.0,1.0,1.0,0.5,0.0,0.5,0.5,1.0,0.5,0.5,0.0,0.5,1.0,0.0,0.5,1.0,1.0,1.0,0.5,0.5,1.0
TCGA-BP-5180,0.5,0.5,1.0,0.0,0.5,0.5,0.4,0.0,0.0,0.0,0.0,0.3333333333333333,0.5,0.16666666666666666,1.0,0.6,0.2,0.16666666666666666,0.6,0.4,0.0,0.6,0.5,0.0,0.16666666666666666,0.0,0.0,0.0,0.16666666666666666,1.0,0.8,0.0,0.6,0.8,0.16666666666666666,1.0,0.5,0.2,0.5,0.25,0.5,1.0,0.0,0.16666666666666666,0.0,0.5,0.25,0.0,0.6,0.0,0.5,0.5,0.3333333333333333,0.6,0.0,0.0,0.0,0.6,0.4,0.0,0.0,0.0,0.6,1.0,0.0,0.5,1.0,0.0,0.3333333333333333,0.0,0.0,0.0,0.0,0.0,0.5,0.0,0.0,0.0,0.5,0.5,0.6,0.8,0.8,0.8,0.6666666666666666,1.0,0.2,1.0,0.6,0.8,1.0,1.0,0.3333333333333333,0.0,0.16666666666666666,0.0,1.0,0.5,0.16666666666666666,0.8,0.6,0.6,0.16666666666666666
TCGA-BP-5181,0.0,0.0,0.0,1.0,0.0,0.0,0.6666666666666666,0.75,0.8571428571428571,1.0,1.0,0.0,0.0,0.0,0.0,0.0,0.8333333333333334,0.0,0.0,0.2,0.75,0.0,0.0,0.3333333333333333,0.0,0.16666666666666666,0.6666666666666666,0.75,0.0,0.0,0.0,0.3333333333333333,0.0,0.0,0.0,0.0,0.0,0.0,0.0,0.5,0.0,0.0,1.0,0.0,0.75,0.0,0.5,1.0,0.0,1.0,0.0,0.0,0.0,0.0,0.75,0.75,1.0,0.0,0.2,1.0,1.0,1.0,0.0,0.0,0.75,0.0,0.0,1.0,0.2857142857142857,1.0,1.0,1.0,0.5,1.0,0.0,1.0,1.0,1.0,0.0,0.0,0.0,0.0,0.0,0.0,0.0,0.0,0.8333333333333334,0.0,0.0,0.0,0.0,0.0,0.16666666666666666,0.16666666666666666,0.0,0.42857142857142855,0.0,0.0,0.0,0.0,0.0,0.0,0.0
TCGA-BP-5183,0.0,0.0,0.5,0.2,0.0,0.0,0.3333333333333333,0.25,0.42857142857142855,0.2857142857142857,0.2857142857142857,0.16666666666666666,0.0,0.5,0.16666666666666666,0.6,0.5,0.3333333333333333,0.6,0.8,0.25,0.6,0.8333333333333334,0.5,0.3333333333333333,0.5,0.5,0.25,0.3333333333333333,0.3333333333333333,0.0,0.5,0.6,0.0,0.3333333333333333,0.3333333333333333,0.6666666666666666,0.16666666666666666,0.0,0.0,0.0,0.3333333333333333,0.25,0.3333333333333333,0.25,0.0,0.0,0.2857142857142857,0.6,0.3333333333333333,0.0,0.0,0.16666666666666666,0.6,0.25,0.25,0.2857142857142857,0.6,0.8,0.2857142857142857,0.2857142857142857,0.2857142857142857,0.6,0.5,0.25,0.0,0.3333333333333333,0.2857142857142857,1.0,0.2857142857142857,0.25,0.2857142857142857,0.5,0.16666666666666666,0.0,0.2857142857142857,0.3333333333333333,0.2857142857142857,0.0,0.0,0.6,0.0,0.0,0.0,0.0,0.3333333333333333,0.5,0.25,0.6,0.0,0.3333333333333333,0.25,1.0,0.5,0.3333333333333333,0.5714285714285714,0.3333333333333333,0.0,0.3333333333333333,0.0,0.6,0.6,0.3333333333333333
TCGA-BP-5184,0.0,0.0,0.0,1.0,0.0,0.0,0.6666666666666666,0.75,0.8571428571428571,1.0,1.0,0.0,0.0,0.0,0.0,0.0,0.8333333333333334,0.0,0.0,0.2,0.75,0.0,0.0,0.3333333333333333,0.0,0.16666666666666666,0.6666666666666666,0.75,0.0,0.0,0.0,0.3333333333333333,0.0,0.0,0.0,0.0,0.0,0.0,0.0,0.5,0.0,0.0,1.0,0.0,0.75,0.0,0.5,1.0,0.0,1.0,0.0,0.0,0.0,0.0,0.75,0.75,1.0,0.0,0.2,1.0,1.0,1.0,0.0,0.0,0.75,0.0,0.0,1.0,0.2857142857142857,1.0,1.0,1.0,0.5,1.0,0.0,1.0,1.0,1.0,0.0,0.0,0.0,0.0,0.0,0.0,0.0,0.0,0.8333333333333334,0.0,0.0,0.0,0.0,0.0,0.16666666666666666,0.16666666666666666,0.0,0.42857142857142855,0.0,0.0,0.0,0.0,0.0,0.0,0.0
TCGA-BP-5186,0.0,0.0,0.0,1.0,0.0,0.0,0.5,0.75,1.0,1.0,1.0,0.0,0.0,0.0,0.0,0.0,0.75,0.0,0.0,0.25,0.75,0.0,0.0,0.5,0.0,0.25,1.0,0.75,0.0,0.0,0.0,0.5,0.0,0.0,0.0,0.0,0.0,0.0,0.0,0.5,0.0,0.0,1.0,0.0,0.75,0.0,0.5,1.0,0.0,1.0,0.0,0.0,0.0,0.0,0.75,0.75,1.0,0.0,0.25,1.0,1.0,1.0,0.0,0.0,0.75,0.0,0.0,1.0,0.25,1.0,1.0,1.0,0.5,1.0,0.0,1.0,1.0,1.0,0.0,0.0,0.0,0.0,0.0,0.0,0.0,0.0,0.75,0.0,0.0,0.0,0.0,0.0,0.25,0.25,0.0,0.5,0.0,0.0,0.0,0.0,0.0,0.0,0.0
TCGA-BP-5187,0.0,0.0,0.0,1.0,0.0,0.0,0.6666666666666666,0.75,0.8571428571428571,1.0,1.0,0.0,0.0,0.0,0.0,0.0,0.8333333333333334,0.0,0.0,0.2,0.75,0.0,0.0,0.3333333333333333,0.0,0.16666666666666666,0.6666666666666666,0.75,0.0,0.0,0.0,0.3333333333333333,0.0,0.0,0.0,0.0,0.0,0.0,0.0,0.5,0.0,0.0,1.0,0.0,0.75,0.0,0.5,1.0,0.0,1.0,0.0,0.0,0.0,0.0,0.75,0.75,1.0,0.0,0.2,1.0,1.0,1.0,0.0,0.0,0.75,0.0,0.0,1.0,0.2857142857142857,1.0,1.0,1.0,0.5,1.0,0.0,1.0,1.0,1.0,0.0,0.0,0.0,0.0,0.0,0.0,0.0,0.0,0.8333333333333334,0.0,0.0,0.0,0.0,0.0,0.16666666666666666,0.16666666666666666,0.0,0.42857142857142855,0.0,0.0,0.0,0.0,0.0,0.0,0.0
TCGA-BP-5189,0.5,0.5,0.0,0.5,0.5,0.5,0.25,0.75,0.5,0.5,0.5,0.25,0.5,0.5,0.0,0.25,0.5,0.25,0.25,0.5,0.75,0.25,0.25,0.25,0.25,0.5,0.5,0.75,0.25,0.0,0.3333333333333333,0.25,0.25,0.3333333333333333,0.25,0.0,0.25,0.25,0.5,0.5,0.5,0.0,0.5,0.25,0.75,0.5,0.5,0.5,0.25,0.5,0.5,0.5,0.25,0.25,0.75,0.75,0.5,0.25,0.5,0.5,0.5,0.5,0.25,0.0,0.75,0.5,0.0,0.5,0.5,0.5,0.5,0.5,1.0,0.5,0.5,0.5,0.5,0.5,0.5,0.5,0.25,0.3333333333333333,0.3333333333333333,0.3333333333333333,0.3333333333333333,0.0,0.5,0.0,0.25,0.3333333333333333,0.0,0.0,0.5,0.5,0.25,0.25,0.0,0.5,0.25,0.3333333333333333,0.25,0.25,0.25
TCGA-BP-5190,0.0,0.0,0.0,1.0,0.0,0.0,0.6,0.75,0.8333333333333334,1.0,1.0,0.0,0.0,0.0,0.0,0.0,0.8,0.0,0.0,0.2,0.75,0.0,0.0,0.3333333333333333,0.0,0.16666666666666666,0.6666666666666666,0.75,0.0,0.0,0.0,0.3333333333333333,0.0,0.0,0.0,0.0,0.0,0.0,0.0,0.5,0.0,0.0,1.0,0.0,0.75,0.0,0.5,1.0,0.0,1.0,0.0,0.0,0.0,0.0,0.75,0.75,1.0,0.0,0.2,1.0,1.0,1.0,0.0,0.0,0.75,0.0,0.0,1.0,0.16666666666666666,1.0,1.0,1.0,0.5,1.0,0.0,1.0,1.0,1.0,0.0,0.0,0.0,0.0,0.0,0.0,0.0,0.0,0.8,0.0,0.0,0.0,0.0,0.0,0.16666666666666666,0.16666666666666666,0.0,0.3333333333333333,0.0,0.0,0.0,0.0,0.0,0.0,0.0
TCGA-BP-5191,1.0,1.0,0.5,0.0,1.0,1.0,0.5,0.5,0.0,0.0,0.0,1.0,1.0,1.0,0.5,0.5,0.0,1.0,0.5,0.0,0.5,0.5,0.5,0.0,1.0,0.5,0.0,0.5,1.0,0.5,1.0,0.0,0.5,1.0,1.0,0.5,0.5,1.0,1.0,1.0,1.0,0.5,0.0,1.0,0.5,1.0,1.0,0.0,0.5,0.0,1.0,1.0,1.0,0.5,0.5,0.5,0.0,0.5,0.0,0.0,0.0,0.0,0.5,0.5,0.5,1.0,0.5,0.0,0.0,0.0,0.0,0.0,0.5,0.0,1.0,0.0,0.0,0.0,1.0,1.0,0.5,1.0,1.0,1.0,1.0,0.5,0.0,0.5,0.5,1.0,0.5,0.5,0.0,0.5,1.0,0.0,0.5,1.0,1.0,1.0,0.5,0.5,1.0
TCGA-BP-5192,0.0,0.0,0.0,1.0,0.0,0.0,0.6666666666666666,0.75,0.8571428571428571,1.0,1.0,0.0,0.0,0.0,0.0,0.0,0.8333333333333334,0.0,0.0,0.2,0.75,0.0,0.0,0.3333333333333333,0.0,0.16666666666666666,0.6666666666666666,0.75,0.0,0.0,0.0,0.3333333333333333,0.0,0.0,0.0,0.0,0.0,0.0,0.0,0.5,0.0,0.0,1.0,0.0,0.75,0.0,0.5,1.0,0.0,1.0,0.0,0.0,0.0,0.0,0.75,0.75,1.0,0.0,0.2,1.0,1.0,1.0,0.0,0.0,0.75,0.0,0.0,1.0,0.2857142857142857,1.0,1.0,1.0,0.5,1.0,0.0,1.0,1.0,1.0,0.0,0.0,0.0,0.0,0.0,0.0,0.0,0.0,0.8333333333333334,0.0,0.0,0.0,0.0,0.0,0.16666666666666666,0.16666666666666666,0.0,0.42857142857142855,0.0,0.0,0.0,0.0,0.0,0.0,0.0
TCGA-BP-5194,0.0,0.0,0.0,1.0,0.0,0.0,0.6666666666666666,0.75,1.0,1.0,1.0,0.0,0.0,0.0,0.0,0.0,0.8333333333333334,0.0,0.0,0.25,0.75,0.0,0.0,0.4,0.0,0.2,0.8,0.75,0.0,0.0,0.0,0.4,0.0,0.0,0.0,0.0,0.0,0.0,0.0,0.5,0.0,0.0,1.0,0.0,0.75,0.0,0.5,1.0,0.0,1.0,0.0,0.0,0.0,0.0,0.75,0.75,1.0,0.0,0.25,1.0,1.0,1.0,0.0,0.0,0.75,0.0,0.0,1.0,0.3333333333333333,1.0,1.0,1.0,0.5,1.0,0.0,1.0,1.0,1.0,0.0,0.0,0.0,0.0,0.0,0.0,0.0,0.0,0.8333333333333334,0.0,0.0,0.0,0.0,0.0,0.2,0.2,0.0,0.5,0.0,0.0,0.0,0.0,0.0,0.0,0.0
TCGA-BP-5195,0.0,0.0,0.0,1.0,0.0,0.0,0.6666666666666666,0.75,0.8571428571428571,1.0,1.0,0.0,0.0,0.0,0.0,0.0,0.8333333333333334,0.0,0.0,0.2,0.75,0.0,0.0,0.3333333333333333,0.0,0.16666666666666666,0.6666666666666666,0.75,0.0,0.0,0.0,0.3333333333333333,0.0,0.0,0.0,0.0,0.0,0.0,0.0,0.5,0.0,0.0,1.0,0.0,0.75,0.0,0.5,1.0,0.0,1.0,0.0,0.0,0.0,0.0,0.75,0.75,1.0,0.0,0.2,1.0,1.0,1.0,0.0,0.0,0.75,0.0,0.0,1.0,0.2857142857142857,1.0,1.0,1.0,0.5,1.0,0.0,1.0,1.0,1.0,0.0,0.0,0.0,0.0,0.0,0.0,0.0,0.0,0.8333333333333334,0.0,0.0,0.0,0.0,0.0,0.16666666666666666,0.16666666666666666,0.0,0.42857142857142855,0.0,0.0,0.0,0.0,0.0,0.0,0.0
TCGA-BP-5196,1.0,1.0,0.5,0.0,1.0,1.0,0.3333333333333333,0.5,0.0,0.0,0.0,1.0,1.0,1.0,0.6666666666666666,0.5,0.0,1.0,0.5,0.0,0.5,0.5,0.5,0.0,1.0,0.5,0.0,0.5,1.0,0.6666666666666666,1.0,0.0,0.5,1.0,1.0,0.5,0.5,1.0,1.0,1.0,1.0,0.6666666666666666,0.0,1.0,0.5,1.0,1.0,0.0,0.5,0.0,1.0,1.0,1.0,0.5,0.5,0.5,0.0,0.5,0.0,0.0,0.0,0.0,0.5,0.5,0.5,1.0,0.5,0.0,0.0,0.0,0.0,0.0,0.5,0.0,1.0,0.0,0.0,0.0,1.0,1.0,0.5,1.0,1.0,1.0,1.0,0.6666666666666666,0.0,0.6666666666666666,0.5,1.0,0.5,0.6666666666666666,0.0,0.5,1.0,0.0,0.5,1.0,1.0,1.0,0.5,0.5,1.0
TCGA-BP-5199,1.0,1.0,0.5,0.0,1.0,1.0,0.5,0.5,0.0,0.0,0.0,1.0,1.0,1.0,0.5,0.5,0.0,1.0,0.5,0.0,0.5,0.5,0.5,0.0,1.0,0.5,0.0,0.5,1.0,0.5,1.0,0.0,0.5,1.0,1.0,0.5,0.5,1.0,1.0,1.0,1.0,0.5,0.0,1.0,0.5,1.0,1.0,0.0,0.5,0.0,1.0,1.0,1.0,0.5,0.5,0.5,0.0,0.5,0.0,0.0,0.0,0.0,0.5,0.5,0.5,1.0,0.5,0.0,0.0,0.0,0.0,0.0,0.5,0.0,1.0,0.0,0.0,0.0,1.0,1.0,0.5,1.0,1.0,1.0,1.0,0.5,0.0,0.5,0.5,1.0,0.5,0.5,0.0,0.5,1.0,0.0,0.5,1.0,1.0,1.0,0.5,0.5,1.0
TCGA-BP-5200,0.5,0.5,1.0,0.0,0.5,0.5,0.5,0.0,0.0,0.0,0.0,0.2,0.5,0.4,0.5,1.0,0.25,0.2,1.0,0.8,0.0,1.0,0.8,0.0,0.2,0.0,0.0,0.0,0.2,1.0,0.25,0.0,1.0,0.25,0.2,0.6,1.0,0.2,0.5,0.25,0.5,1.0,0.0,0.2,0.0,0.5,0.25,0.0,1.0,0.0,0.5,0.5,0.2,1.0,0.0,0.0,0.0,1.0,0.8,0.0,0.0,0.0,1.0,1.0,0.0,0.5,0.6,0.0,0.6,0.0,0.0,0.0,0.25,0.0,0.5,0.0,0.0,0.0,0.5,0.5,1.0,0.25,0.25,0.25,0.3333333333333333,0.75,0.25,0.6666666666666666,1.0,0.25,0.6,0.6666666666666666,0.6,0.0,0.2,0.0,0.6,0.5,0.2,0.25,1.0,1.0,0.2
TCGA-CJ-4637,1.0,1.0,0.5,0.0,1.0,1.0,0.25,0.3333333333333333,0.0,0.0,0.0,0.6,1.0,0.4,0.8,0.25,0.0,0.4,0.25,0.0,0.3333333333333333,0.25,0.2,0.0,0.4,0.2,0.0,0.3333333333333333,0.4,0.5,1.0,0.0,0.25,1.0,0.4,0.8,0.2,0.5,1.0,0.6666666666666666,1.0,0.5,0.0,0.4,0.3333333333333333,1.0,0.6666666666666666,0.0,0.25,0.0,1.0,1.0,0.6,0.25,0.3333333333333333,0.3333333333333333,0.0,0.25,0.0,0.0,0.0,0.0,0.25,0.5,0.3333333333333333,1.0,0.8,0.0,0.0,0.0,0.0,0.0,0.3333333333333333,0.0,1.0,0.0,0.0,0.0,1.0,1.0,0.25,1.0,1.0,1.0,1.0,0.75,0.0,0.6666666666666666,0.25,1.0,0.8,0.6666666666666666,0.0,0.2,0.4,0.0,0.8,1.0,0.4,1.0,0.25,0.25,0.4
TCGA-CJ-4641,1.0,1.0,0.5,0.0,1.0,1.0,0.25,0.3333333333333333,0.0,0.0,0.0,0.6,1.0,0.4,0.8,0.25,0.0,0.4,0.25,0.0,0.3333333333333333,0.25,0.2,0.0,0.4,0.2,0.0,0.3333333333333333,0.4,0.5,1.0,0.0,0.25,1.0,0.4,0.8,0.2,0.5,1.0,0.6666666666666666,1.0,0.5,0.0,0.4,0.3333333333333333,1.0,0.6666666666666666,0.0,0.25,0.0,1.0,1.0,0.6,0.25,0.3333333333333333,0.3333333333333333,0.0,0.25,0.0,0.0,0.0,0.0,0.25,0.5,0.3333333333333333,1.0,0.8,0.0,0.0,0.0,0.0,0.0,0.3333333333333333,0.0,1.0,0.0,0.0,0.0,1.0,1.0,0.25,1.0,1.0,1.0,1.0,0.75,0.0,0.6666666666666666,0.25,1.0,0.8,0.6666666666666666,0.0,0.2,0.4,0.0,0.8,1.0,0.4,1.0,0.25,0.25,0.4
TCGA-CJ-4900,1.0,1.0,0.5,0.0,1.0,1.0,0.25,0.3333333333333333,0.0,0.0,0.0,0.6,1.0,0.4,0.8,0.25,0.0,0.4,0.25,0.0,0.3333333333333333,0.25,0.2,0.0,0.4,0.2,0.0,0.3333333333333333,0.4,0.5,1.0,0.0,0.25,1.0,0.4,0.8,0.2,0.5,1.0,0.6666666666666666,1.0,0.5,0.0,0.4,0.3333333333333333,1.0,0.6666666666666666,0.0,0.25,0.0,1.0,1.0,0.6,0.25,0.3333333333333333,0.3333333333333333,0.0,0.25,0.0,0.0,0.0,0.0,0.25,0.5,0.3333333333333333,1.0,0.8,0.0,0.0,0.0,0.0,0.0,0.3333333333333333,0.0,1.0,0.0,0.0,0.0,1.0,1.0,0.25,1.0,1.0,1.0,1.0,0.75,0.0,0.6666666666666666,0.25,1.0,0.8,0.6666666666666666,0.0,0.2,0.4,0.0,0.8,1.0,0.4,1.0,0.25,0.25,0.4
TCGA-CJ-4902,1.0,1.0,0.5,0.0,1.0,1.0,0.3333333333333333,0.3333333333333333,0.0,0.0,0.0,0.6666666666666666,1.0,0.6666666666666666,0.6666666666666666,0.3333333333333333,0.0,0.6666666666666666,0.3333333333333333,0.0,0.3333333333333333,0.3333333333333333,0.3333333333333333,0.0,0.6666666666666666,0.3333333333333333,0.0,0.3333333333333333,0.6666666666666666,0.5,1.0,0.0,0.3333333333333333,1.0,0.6666666666666666,0.6666666666666666,0.3333333333333333,0.6666666666666666,1.0,0.6666666666666666,1.0,0.5,0.0,0.6666666666666666,0.3333333333333333,1.0,0.6666666666666666,0.0,0.3333333333333333,0.0,1.0,1.0,0.6666666666666666,0.3333333333333333,0.3333333333333333,0.3333333333333333,0.0,0.3333333333333333,0.0,0.0,0.0,0.0,0.3333333333333333,0.5,0.3333333333333333,1.0,0.6666666666666666,0.0,0.0,0.0,0.0,0.0,0.3333333333333333,0.0,1.0,0.0,0.0,0.0,1.0,1.0,0.3333333333333333,1.0,1.0,1.0,1.0,0.5,0.0,0.6666666666666666,0.3333333333333333,1.0,0.6666666666666666,0.5,0.0,0.3333333333333333,0.6666666666666666,0.0,0.6666666666666666,1.0,0.6666666666666666,1.0,0.3333333333333333,0.3333333333333333,0.6666666666666666
TCGA-CJ-4903,0.5,0.5,1.0,0.0,0.5,0.5,0.4,0.0,0.0,0.0,0.0,0.4,0.5,0.2,1.0,0.75,0.2,0.2,0.75,0.5,0.0,0.75,0.6,0.0,0.2,0.0,0.0,0.0,0.2,1.0,0.75,0.0,0.75,0.75,0.2,1.0,0.6,0.4,0.6666666666666666,0.3333333333333333,0.5,1.0,0.0,0.2,0.0,0.5,0.3333333333333333,0.0,0.75,0.0,0.5,0.5,0.4,0.75,0.0,0.0,0.0,0.75,0.5,0.0,0.0,0.0,0.75,1.0,0.0,0.5,1.0,0.0,0.3333333333333333,0.0,0.0,0.0,0.0,0.0,0.5,0.0,0.0,0.0,0.6666666666666666,0.5,0.75,0.75,0.75,0.75,0.5,1.0,0.2,1.0,0.75,0.75,1.0,1.0,0.4,0.0,0.2,0.0,1.0,0.5,0.2,0.75,0.75,0.75,0.2
TCGA-CJ-4904,0.0,0.0,0.5,0.75,0.0,0.0,0.8333333333333334,0.75,0.8333333333333334,0.8333333333333334,0.8333333333333334,0.0,0.0,0.0,0.2,0.25,1.0,0.0,0.25,0.5,0.75,0.25,0.2,0.2,0.0,0.2,0.6,0.75,0.0,0.3333333333333333,0.0,0.2,0.25,0.0,0.0,0.2,0.2,0.0,0.0,0.5,0.0,0.3333333333333333,0.75,0.0,0.75,0.0,0.5,0.8333333333333334,0.25,0.8333333333333334,0.0,0.0,0.0,0.25,0.75,0.75,0.8333333333333334,0.25,0.5,0.8333333333333334,0.8333333333333334,0.8333333333333334,0.25,0.5,0.75,0.0,0.2,0.8333333333333334,0.5,0.8333333333333334,0.75,0.8333333333333334,0.5,0.8,0.0,0.8333333333333334,0.8333333333333334,0.8333333333333334,0.0,0.0,0.25,0.0,0.0,0.0,0.0,0.2,1.0,0.25,0.25,0.0,0.2,0.3333333333333333,0.4,0.2,0.0,0.3333333333333333,0.2,0.0,0.0,0.0,0.25,0.25,0.0
TCGA-CJ-4923,0.5,0.5,1.0,0.0,0.5,0.5,0.5,0.0,0.0,0.0,0.0,0.3333333333333333,0.5,0.3333333333333333,1.0,0.6666666666666666,0.25,0.3333333333333333,0.6666666666666666,0.3333333333333333,0.0,0.6666666666666666,0.6666666666666666,0.0,0.3333333333333333,0.0,0.0,0.0,0.3333333333333333,1.0,0.6666666666666666,0.0,0.6666666666666666,0.6666666666666666,0.3333333333333333,1.0,0.6666666666666666,0.5,0.6666666666666666,0.3333333333333333,0.5,1.0,0.0,0.3333333333333333,0.0,0.5,0.3333333333333333,0.0,0.6666666666666666,0.0,0.5,0.5,0.3333333333333333,0.6666666666666666,0.0,0.0,0.0,0.6666666666666666,0.3333333333333333,0.0,0.0,0.0,0.6666666666666666,1.0,0.0,0.5,1.0,0.0,0.25,0.0,0.0,0.0,0.0,0.0,0.5,0.0,0.0,0.0,0.6666666666666666,0.5,0.6666666666666666,0.6666666666666666,0.6666666666666666,0.6666666666666666,0.6666666666666666,1.0,0.25,1.0,0.6666666666666666,0.6666666666666666,1.0,1.0,0.3333333333333333,0.0,0.3333333333333333,0.0,1.0,0.5,0.3333333333333333,0.6666666666666666,0.6666666666666666,0.6666666666666666,0.3333333333333333
TCGA-CJ-6027,0.5,0.5,1.0,0.0,0.5,0.5,0.5,0.0,0.0,0.0,0.0,0.2,0.5,0.4,0.5,1.0,0.25,0.2,1.0,0.8,0.0,1.0,0.8,0.0,0.2,0.0,0.0,0.0,0.2,1.0,0.25,0.0,1.0,0.25,0.2,0.6,1.0,0.2,0.5,0.25,0.5,1.0,0.0,0.2,0.0,0.5,0.25,0.0,1.0,0.0,0.5,0.5,0.2,1.0,0.0,0.0,0.0,1.0,0.8,0.0,0.0,0.0,1.0,1.0,0.0,0.5,0.6,0.0,0.6,0.0,0.0,0.0,0.25,0.0,0.5,0.0,0.0,0.0,0.5,0.5,1.0,0.25,0.25,0.25,0.3333333333333333,0.75,0.25,0.6666666666666666,1.0,0.25,0.6,0.6666666666666666,0.6,0.0,0.2,0.0,0.6,0.5,0.2,0.25,1.0,1.0,0.2
TCGA-CJ-6028,1.0,1.0,0.5,0.0,1.0,1.0,0.25,0.3333333333333333,0.0,0.0,0.0,0.6,1.0,0.4,0.8,0.25,0.0,0.4,0.25,0.0,0.3333333333333333,0.25,0.2,0.0,0.4,0.2,0.0,0.3333333333333333,0.4,0.5,1.0,0.0,0.25,1.0,0.4,0.8,0.2,0.5,1.0,0.6666666666666666,1.0,0.5,0.0,0.4,0.3333333333333333,1.0,0.6666666666666666,0.0,0.25,0.0,1.0,1.0,0.6,0.25,0.3333333333333333,0.3333333333333333,0.0,0.25,0.0,0.0,0.0,0.0,0.25,0.5,0.3333333333333333,1.0,0.8,0.0,0.0,0.0,0.0,0.0,0.3333333333333333,0.0,1.0,0.0,0.0,0.0,1.0,1.0,0.25,1.0,1.0,1.0,1.0,0.75,0.0,0.6666666666666666,0.25,1.0,0.8,0.6666666666666666,0.0,0.2,0.4,0.0,0.8,1.0,0.4,1.0,0.25,0.25,0.4
TCGA-CJ-6030,0.5,0.5,1.0,0.0,0.5,0.5,0.4,0.0,0.0,0.0,0.0,0.3333333333333333,0.5,0.16666666666666666,1.0,0.6,0.2,0.16666666666666666,0.6,0.4,0.0,0.6,0.5,0.0,0.16666666666666666,0.0,0.0,0.0,0.16666666666666666,1.0,0.8,0.0,0.6,0.8,0.16666666666666666,1.0,0.5,0.2,0.5,0.25,0.5,1.0,0.0,0.16666666666666666,0.0,0.5,0.25,0.0,0.6,0.0,0.5,0.5,0.3333333333333333,0.6,0.0,0.0,0.0,0.6,0.4,0.0,0.0,0.0,0.6,1.0,0.0,0.5,1.0,0.0,0.3333333333333333,0.0,0.0,0.0,0.0,0.0,0.5,0.0,0.0,0.0,0.5,0.5,0.6,0.8,0.8,0.8,0.6666666666666666,1.0,0.2,1.0,0.6,0.8,1.0,1.0,0.3333333333333333,0.0,0.16666666666666666,0.0,1.0,0.5,0.16666666666666666,0.8,0.6,0.6,0.16666666666666666
TCGA-CJ-6033,0.5,0.5,1.0,0.0,0.5,0.5,0.6666666666666666,0.0,0.0,0.0,0.0,0.3333333333333333,0.5,0.3333333333333333,1.0,0.6666666666666666,0.3333333333333333,0.3333333333333333,0.6666666666666666,0.3333333333333333,0.0,0.6666666666666666,0.6666666666666666,0.0,0.3333333333333333,0.0,0.0,0.0,0.3333333333333333,1.0,0.6666666666666666,0.0,0.6666666666666666,0.6666666666666666,0.3333333333333333,1.0,0.6666666666666666,0.5,0.6666666666666666,0.5,0.5,1.0,0.0,0.3333333333333333,0.0,0.5,0.5,0.0,0.6666666666666666,0.0,0.5,0.5,0.3333333333333333,0.6666666666666666,0.0,0.0,0.0,0.6666666666666666,0.3333333333333333,0.0,0.0,0.0,0.6666666666666666,1.0,0.0,0.5,1.0,0.0,0.25,0.0,0.0,0.0,0.0,0.0,0.5,0.0,0.0,0.0,0.6666666666666666,0.5,0.6666666666666666,0.6666666666666666,0.6666666666666666,0.6666666666666666,0.5,1.0,0.3333333333333333,1.0,0.6666666666666666,0.6666666666666666,1.0,1.0,0.3333333333333333,0.0,0.3333333333333333,0.0,1.0,0.5,0.3333333333333333,0.6666666666666666,0.6666666666666666,0.6666666666666666,0.3333333333333333
TCGA-CZ-4859,0.0,0.0,0.5,0.2,0.0,0.0,0.2,0.25,0.3333333333333333,0.16666666666666666,0.16666666666666666,0.16666666666666666,0.0,0.5,0.2,0.6,0.4,0.3333333333333333,0.6,0.8,0.25,0.6,0.8333333333333334,0.5,0.3333333333333333,0.5,0.5,0.25,0.3333333333333333,0.5,0.0,0.5,0.6,0.0,0.3333333333333333,0.3333333333333333,0.6666666666666666,0.2,0.0,0.0,0.0,0.5,0.25,0.3333333333333333,0.25,0.0,0.0,0.16666666666666666,0.6,0.2,0.0,0.0,0.16666666666666666,0.6,0.25,0.25,0.16666666666666666,0.6,0.8,0.16666666666666666,0.16666666666666666,0.16666666666666666,0.6,0.5,0.25,0.0,0.3333333333333333,0.16666666666666666,1.0,0.16666666666666666,0.25,0.16666666666666666,0.5,0.16666666666666666,0.0,0.16666666666666666,0.2,0.16666666666666666,0.0,0.0,0.6,0.0,0.0,0.0,0.0,0.4,0.4,0.3333333333333333,0.6,0.0,0.3333333333333333,0.3333333333333333,1.0,0.5,0.3333333333333333,0.5,0.3333333333333333,0.0,0.3333333333333333,0.0,0.6,0.6,0.3333333333333333
TCGA-CZ-4863,0.5,0.5,0.0,0.2,0.5,0.5,0.0,0.5,0.3333333333333333,0.16666666666666666,0.16666666666666666,0.6666666666666666,0.5,0.6666666666666666,0.0,0.0,0.2,0.8333333333333334,0.0,0.2,0.5,0.0,0.3333333333333333,0.8333333333333334,0.8333333333333334,1.0,0.5,0.5,0.8333333333333334,0.0,0.2,0.8333333333333334,0.0,0.2,0.8333333333333334,0.0,0.16666666666666666,0.8,0.5,0.25,0.5,0.0,0.25,0.8333333333333334,0.5,0.5,0.25,0.16666666666666666,0.0,0.2,0.5,0.5,0.6666666666666666,0.0,0.5,0.5,0.16666666666666666,0.0,0.2,0.16666666666666666,0.16666666666666666,0.16666666666666666,0.0,0.0,0.5,0.5,0.0,0.16666666666666666,0.5,0.16666666666666666,0.25,0.16666666666666666,0.5,0.16666666666666666,0.5,0.16666666666666666,0.2,0.16666666666666666,0.5,0.5,0.0,0.2,0.2,0.2,0.3333333333333333,0.0,0.2,0.0,0.0,0.2,0.0,0.0,0.5,1.0,0.8333333333333334,0.8333333333333334,0.0,0.5,0.8333333333333334,0.2,0.0,0.0,0.8333333333333334
TCGA-CZ-4865,1.0,1.0,0.5,0.0,1.0,1.0,0.2,0.25,0.16666666666666666,0.0,0.0,0.8333333333333334,1.0,0.8333333333333334,0.2,0.2,0.0,1.0,0.2,0.0,0.25,0.2,0.5,0.6666666666666666,1.0,0.8333333333333334,0.3333333333333333,0.25,1.0,0.5,0.4,0.6666666666666666,0.2,0.4,1.0,0.16666666666666666,0.3333333333333333,1.0,1.0,0.5,1.0,0.5,0.0,1.0,0.25,1.0,0.5,0.0,0.2,0.0,1.0,1.0,0.8333333333333334,0.2,0.25,0.25,0.0,0.2,0.0,0.0,0.0,0.0,0.2,0.5,0.25,1.0,0.16666666666666666,0.0,0.3333333333333333,0.0,0.0,0.0,0.25,0.0,1.0,0.0,0.0,0.0,1.0,1.0,0.2,0.4,0.4,0.4,0.6666666666666666,0.2,0.0,0.3333333333333333,0.2,0.4,0.16666666666666666,0.3333333333333333,0.3333333333333333,0.8333333333333334,1.0,0.6666666666666666,0.16666666666666666,1.0,1.0,0.4,0.2,0.2,1.0
TCGA-CZ-5451,0.0,0.0,0.0,0.4,0.0,0.0,0.16666666666666666,0.25,0.5714285714285714,0.42857142857142855,0.42857142857142855,0.5,0.0,0.5,0.0,0.0,0.3333333333333333,0.6666666666666666,0.0,0.2,0.25,0.0,0.3333333333333333,1.0,0.6666666666666666,0.8333333333333334,0.6666666666666666,0.25,0.6666666666666666,0.0,0.0,1.0,0.0,0.0,0.6666666666666666,0.0,0.16666666666666666,0.5,0.0,0.0,0.0,0.0,0.5,0.6666666666666666,0.25,0.0,0.0,0.42857142857142855,0.0,0.5,0.0,0.0,0.5,0.0,0.25,0.25,0.42857142857142855,0.0,0.2,0.42857142857142855,0.42857142857142855,0.42857142857142855,0.0,0.0,0.25,0.0,0.0,0.42857142857142855,0.5714285714285714,0.42857142857142855,0.5,0.42857142857142855,0.25,0.3333333333333333,0.0,0.42857142857142855,0.5,0.42857142857142855,0.0,0.0,0.0,0.0,0.0,0.0,0.0,0.0,0.3333333333333333,0.0,0.0,0.0,0.0,0.0,0.5,0.8333333333333334,0.6666666666666666,1.0,0.0,0.0,0.6666666666666666,0.0,0.0,0.0,0.6666666666666666
TCGA-CZ-5462,0.5,0.5,1.0,0.0,0.5,0.5,0.4,0.0,0.0,0.0,0.0,0.3333333333333333,0.5,0.16666666666666666,1.0,0.6,0.2,0.16666666666666666,0.6,0.4,0.0,0.6,0.5,0.0,0.16666666666666666,0.0,0.0,0.0,0.16666666666666666,1.0,0.8,0.0,0.6,0.8,0.16666666666666666,1.0,0.5,0.2,0.5,0.25,0.5,1.0,0.0,0.16666666666666666,0.0,0.5,0.25,0.0,0.6,0.0,0.5,0.5,0.3333333333333333,0.6,0.0,0.0,0.0,0.6,0.4,0.0,0.0,0.0,0.6,1.0,0.0,0.5,1.0,0.0,0.3333333333333333,0.0,0.0,0.0,0.0,0.0,0.5,0.0,0.0,0.0,0.5,0.5,0.6,0.8,0.8,0.8,0.6666666666666666,1.0,0.2,1.0,0.6,0.8,1.0,1.0,0.3333333333333333,0.0,0.16666666666666666,0.0,1.0,0.5,0.16666666666666666,0.8,0.6,0.6,0.16666666666666666
TCGA-CZ-5468,1.0,1.0,0.5,0.0,1.0,1.0,0.5,0.5,0.0,0.0,0.0,1.0,1.0,1.0,0.5,0.5,0.0,1.0,0.5,0.0,0.5,0.5,0.5,0.0,1.0,0.5,0.0,0.5,1.0,0.5,1.0,0.0,0.5,1.0,1.0,0.5,0.5,1.0,1.0,1.0,1.0,0.5,0.0,1.0,0.5,1.0,1.0,0.0,0.5,0.0,1.0,1.0,1.0,0.5,0.5,0.5,0.0,0.5,0.0,0.0,0.0,0.0,0.5,0.5,0.5,1.0,0.5,0.0,0.0,0.0,0.0,0.0,0.5,0.0,1.0,0.0,0.0,0.0,1.0,1.0,0.5,1.0,1.0,1.0,1.0,0.5,0.0,0.5,0.5,1.0,0.5,0.5,0.0,0.5,1.0,0.0,0.5,1.0,1.0,1.0,0.5,0.5,1.0
TCGA-CZ-5984,1.0,1.0,0.5,0.0,1.0,1.0,0.2,0.25,0.16666666666666666,0.0,0.0,0.8333333333333334,1.0,0.8333333333333334,0.2,0.2,0.0,1.0,0.2,0.0,0.25,0.2,0.5,0.6666666666666666,1.0,0.8333333333333334,0.3333333333333333,0.25,1.0,0.5,0.4,0.6666666666666666,0.2,0.4,1.0,0.16666666666666666,0.3333333333333333,1.0,1.0,0.5,1.0,0.5,0.0,1.0,0.25,1.0,0.5,0.0,0.2,0.0,1.0,1.0,0.8333333333333334,0.2,0.25,0.25,0.0,0.2,0.0,0.0,0.0,0.0,0.2,0.5,0.25,1.0,0.16666666666666666,0.0,0.3333333333333333,0.0,0.0,0.0,0.25,0.0,1.0,0.0,0.0,0.0,1.0,1.0,0.2,0.4,0.4,0.4,0.6666666666666666,0.2,0.0,0.3333333333333333,0.2,0.4,0.16666666666666666,0.3333333333333333,0.3333333333333333,0.8333333333333334,1.0,0.6666666666666666,0.16666666666666666,1.0,1.0,0.4,0.2,0.2,1.0
TCGA-CZ-5985,1.0,1.0,0.5,0.0,1.0,1.0,0.25,0.3333333333333333,0.0,0.0,0.0,0.6,1.0,0.4,0.8,0.25,0.0,0.4,0.25,0.0,0.3333333333333333,0.25,0.2,0.0,0.4,0.2,0.0,0.3333333333333333,0.4,0.5,1.0,0.0,0.25,1.0,0.4,0.8,0.2,0.5,1.0,0.6666666666666666,1.0,0.5,0.0,0.4,0.3333333333333333,1.0,0.6666666666666666,0.0,0.25,0.0,1.0,1.0,0.6,0.25,0.3333333333333333,0.3333333333333333,0.0,0.25,0.0,0.0,0.0,0.0,0.25,0.5,0.3333333333333333,1.0,0.8,0.0,0.0,0.0,0.0,0.0,0.3333333333333333,0.0,1.0,0.0,0.0,0.0,1.0,1.0,0.25,1.0,1.0,1.0,1.0,0.75,0.0,0.6666666666666666,0.25,1.0,0.8,0.6666666666666666,0.0,0.2,0.4,0.0,0.8,1.0,0.4,1.0,0.25,0.25,0.4
TCGA-CZ-5988,0.5,0.5,1.0,0.0,0.5,0.5,0.5,0.0,0.0,0.0,0.0,0.2,0.5,0.4,0.5,1.0,0.25,0.2,1.0,0.8,0.0,1.0,0.8,0.0,0.2,0.0,0.0,0.0,0.2,1.0,0.25,0.0,1.0,0.25,0.2,0.6,1.0,0.2,0.5,0.25,0.5,1.0,0.0,0.2,0.0,0.5,0.25,0.0,1.0,0.0,0.5,0.5,0.2,1.0,0.0,0.0,0.0,1.0,0.8,0.0,0.0,0.0,1.0,1.0,0.0,0.5,0.6,0.0,0.6,0.0,0.0,0.0,0.25,0.0,0.5,0.0,0.0,0.0,0.5,0.5,1.0,0.25,0.25,0.25,0.3333333333333333,0.75,0.25,0.6666666666666666,1.0,0.25,0.6,0.6666666666666666,0.6,0.0,0.2,0.0,0.6,0.5,0.2,0.25,1.0,1.0,0.2
TCGA-G6-A5PC,0.5,0.5,1.0,0.0,0.5,0.5,0.5,0.0,0.0,0.0,0.0,0.2,0.5,0.4,0.5,1.0,0.25,0.2,1.0,0.8,0.0,1.0,0.8,0.0,0.2,0.0,0.0,0.0,0.2,1.0,0.25,0.0,1.0,0.25,0.2,0.6,1.0,0.2,0.5,0.25,0.5,1.0,0.0,0.2,0.0,0.5,0.25,0.0,1.0,0.0,0.5,0.5,0.2,1.0,0.0,0.0,0.0,1.0,0.8,0.0,0.0,0.0,1.0,1.0,0.0,0.5,0.6,0.0,0.6,0.0,0.0,0.0,0.25,0.0,0.5,0.0,0.0,0.0,0.5,0.5,1.0,0.25,0.25,0.25,0.3333333333333333,0.75,0.25,0.6666666666666666,1.0,0.25,0.6,0.6666666666666666,0.6,0.0,0.2,0.0,0.6,0.5,0.2,0.25,1.0,1.0,0.2
TCGA-G6-A8L7,1.0,1.0,0.5,0.0,1.0,1.0,0.2,0.25,0.16666666666666666,0.0,0.0,0.8333333333333334,1.0,0.8333333333333334,0.2,0.2,0.0,1.0,0.2,0.0,0.25,0.2,0.5,0.6666666666666666,1.0,0.8333333333333334,0.3333333333333333,0.25,1.0,0.5,0.4,0.6666666666666666,0.2,0.4,1.0,0.16666666666666666,0.3333333333333333,1.0,1.0,0.5,1.0,0.5,0.0,1.0,0.25,1.0,0.5,0.0,0.2,0.0,1.0,1.0,0.8333333333333334,0.2,0.25,0.25,0.0,0.2,0.0,0.0,0.0,0.0,0.2,0.5,0.25,1.0,0.16666666666666666,0.0,0.3333333333333333,0.0,0.0,0.0,0.25,0.0,1.0,0.0,0.0,0.0,1.0,1.0,0.2,0.4,0.4,0.4,0.6666666666666666,0.2,0.0,0.3333333333333333,0.2,0.4,0.16666666666666666,0.3333333333333333,0.3333333333333333,0.8333333333333334,1.0,0.6666666666666666,0.16666666666666666,1.0,1.0,0.4,0.2,0.2,1.0
