core_a,core_b,clinical_variable,n_core_a,n_core_b,median_core_a,median_core_b,smd_a_vs_b,effect_size,p_value,q_value,level,core_a_count,core_a_total,core_b_count,core_b_total,core_a_fraction,core_b_fraction,frequency_difference,odds_ratio,ci_low,ci_high,core_a_n,core_b_n,core_a_events,core_b_events,core_a_median_time,core_b_median_time
CORE01,CORE02,age,17,14,56.0,58.5,0.05147145,0.05147145,0.90512418,1.0,,,,,,,,,,,,,,,,,
CORE01,CORE02,gender,,,,,,,0.09714333,0.34971599,FEMALE,2,17,6,14,0.11764705882352941,0.42857142857142855,-0.31092436974789917,0.21091811,0.0392506,1.13339555,,,,,,
CORE01,CORE02,gender,,,,,,,0.09714333,0.34971599,MALE,15,17,8,14,0.8823529411764706,0.5714285714285714,0.31092436974789917,4.74117647,0.88230451,25.47732006,,,,,,
CORE01,CORE02,stage_group,,,,,,,0.19754789,0.50798029,I,15,17,9,14,0.8823529411764706,0.6428571428571429,0.23949579831932766,3.58947368,0.65625165,19.63320218,,,,,,
CORE01,CORE02,stage_group,,,,,,,1.0,1.0,II,1,17,0,14,0.058823529411764705,0.0,0.058823529411764705,2.63636364,0.09944974,69.88870187,,,,,,
CORE01,CORE02,stage_group,,,,,,,0.08097887,0.34971599,III,0,17,3,14,0.0,0.21428571428571427,-0.21428571428571427,0.09387755,0.00442279,1.99263221,,,,,,
CORE01,CORE02,stage_group,,,,,,,0.57641824,0.86462736,IV,1,17,2,14,0.058823529411764705,0.14285714285714285,-0.08403361344537814,0.45454545,0.05275872,3.91615975,,,,,,
CORE01,CORE02,t_stage,,,,,,,0.03195239,0.34971599,T1A,12,17,4,14,0.7058823529411765,0.2857142857142857,0.4201680672268908,5.3030303,1.19305304,23.5715676,,,,,,
CORE01,CORE02,t_stage,,,,,,,0.41247641,0.81290322,T1B,3,17,5,14,0.17647058823529413,0.35714285714285715,-0.18067226890756302,0.4169279,0.08672632,2.00433822,,,,,,
CORE01,CORE02,t_stage,,,,,,,1.0,1.0,T2,1,17,0,14,0.058823529411764705,0.0,0.058823529411764705,2.63636364,0.09944974,69.88870187,,,,,,
CORE01,CORE02,t_stage,,,,,,,0.57641824,0.86462736,T3A,1,17,2,14,0.058823529411764705,0.14285714285714285,-0.08403361344537814,0.45454545,0.05275872,3.91615975,,,,,,
CORE01,CORE02,t_stage,,,,,,,0.19569892,0.50798029,T3B,0,17,2,14,0.0,0.14285714285714285,-0.14285714285714285,0.14285714,0.00629576,3.24157221,,,,,,
CORE01,CORE02,t_stage,,,,,,,0.4516129,0.81290322,T4,0,17,1,14,0.0,0.07142857142857142,-0.07142857142857142,0.25714286,0.00969068,6.82330589,,,,,,
CORE01,CORE02,m_stage,,,,,,,1.0,1.0,M0,16,17,11,12,0.9411764705882353,0.9166666666666666,0.02450980392156865,1.43478261,0.13210593,15.58295763,,,,,,
CORE01,CORE02,m_stage,,,,,,,1.0,1.0,M1,1,17,1,12,0.058823529411764705,0.08333333333333333,-0.024509803921568624,0.6969697,0.06417267,7.56968282,,,,,,
CORE01,CORE02,grade,,,,,,,1.0,1.0,G2,8,17,7,14,0.47058823529411764,0.5,-0.02941176470588236,0.89473684,0.22703907,3.52606273,,,,,,
CORE01,CORE02,grade,,,,,,,0.27494222,0.61861999,G3,9,17,4,14,0.5294117647058824,0.2857142857142857,0.24369747899159666,2.60784314,0.61738002,11.01565594,,,,,,
CORE01,CORE02,grade,,,,,,,0.08097887,0.34971599,G4,0,17,3,14,0.0,0.21428571428571427,-0.21428571428571427,0.09387755,0.00442279,1.99263221,,,,,,
CORE01,CORE02,overall_survival,,,,,,,0.03895193,0.14606974,,,,,,,,,,,,17,14,0,3,1126.0,521.0
CORE01,CORE03,age,17,14,56.0,58.0,-0.11592444,-0.11592444,0.72063627,0.76567604,,,,,,,,,,,,,,,,,
CORE01,CORE03,gender,,,,,,,0.19754789,0.33583141,FEMALE,2,17,5,14,0.11764705882352941,0.35714285714285715,-0.23949579831932774,0.27859238,0.05093413,1.52380569,,,,,,
CORE01,CORE03,gender,,,,,,,0.19754789,0.33583141,MALE,15,17,9,14,0.8823529411764706,0.6428571428571429,0.23949579831932766,3.58947368,0.65625165,19.63320218,,,,,,
CORE01,CORE03,stage_group,,,,,,,0.00025912,0.00440504,I,15,17,3,14,0.8823529411764706,0.21428571428571427,0.6680672268907563,20.37142857,3.38981086,122.42426464,,,,,,
CORE01,CORE03,stage_group,,,,,,,0.57641824,0.69993643,II,1,17,2,14,0.058823529411764705,0.14285714285714285,-0.08403361344537814,0.45454545,0.05275872,3.91615975,,,,,,
CORE01,CORE03,stage_group,,,,,,,0.01178264,0.06676829,III,0,17,5,14,0.0,0.35714285714285715,-0.35714285714285715,0.04935065,0.00245474,0.99215505,,,,,,
CORE01,CORE03,stage_group,,,,,,,0.14835414,0.31525255,IV,1,17,4,14,0.058823529411764705,0.2857142857142857,-0.22689075630252098,0.21212121,0.02861122,1.57264888,,,,,,
CORE01,CORE03,t_stage,,,,,,,0.00067915,0.00577277,T1A,12,17,1,14,0.7058823529411765,0.07142857142857142,0.6344537815126051,20.45454545,2.87398333,145.57789021,,,,,,
CORE01,CORE03,t_stage,,,,,,,0.67054752,0.75995386,T1B,3,17,4,14,0.17647058823529413,0.2857142857142857,-0.10924369747899157,0.56321839,0.11293112,2.8089242,,,,,,
CORE01,CORE03,t_stage,,,,,,,0.57641824,0.69993643,T2,1,17,2,14,0.058823529411764705,0.14285714285714285,-0.08403361344537814,0.45454545,0.05275872,3.91615975,,,,,,
CORE01,CORE03,t_stage,,,,,,,0.4516129,0.65272133,T2B,0,17,1,14,0.0,0.07142857142857142,-0.07142857142857142,0.25714286,0.00969068,6.82330589,,,,,,
CORE01,CORE03,t_stage,,,,,,,0.02811519,0.11948956,T3A,1,17,6,14,0.058823529411764705,0.42857142857142855,-0.36974789915966383,0.11888112,0.01676568,0.84295556,,,,,,
CORE01,CORE03,m_stage,,,,,,,0.12963665,0.31483186,M0,16,17,8,12,0.9411764705882353,0.6666666666666666,0.27450980392156865,5.82352941,0.76887738,44.1078069,,,,,,
CORE01,CORE03,m_stage,,,,,,,0.12963665,0.31483186,M1,1,17,4,12,0.058823529411764705,0.3333333333333333,-0.2745098039215686,0.17171717,0.02267172,1.30059751,,,,,,
CORE01,CORE03,grade,,,,,,,0.46074447,0.65272133,G2,8,17,4,14,0.47058823529411764,0.2857142857142857,0.18487394957983194,2.0877193,0.49424605,8.81862761,,,,,,
CORE01,CORE03,grade,,,,,,,1.0,1.0,G3,9,17,7,14,0.5294117647058824,0.5,0.02941176470588236,1.11764706,0.28360244,4.40452818,,,,,,
CORE01,CORE03,grade,,,,,,,0.08097887,0.27532816,G4,0,17,3,14,0.0,0.21428571428571427,-0.21428571428571427,0.09387755,0.00442279,1.99263221,,,,,,
CORE01,CORE03,overall_survival,,,,,,,0.01995259,0.14606974,,,,,,,,,,,,17,14,0,4,1126.0,1221.5
CORE01,CORE04,age,17,10,56.0,55.0,-0.01816349,-0.01816349,0.91986505,1.0,,,,,,,,,,,,,,,,,
CORE01,CORE04,gender,,,,,,,0.32614889,0.74548318,FEMALE,2,17,3,10,0.11764705882352941,0.3,-0.18235294117647058,0.34562212,0.05476131,2.18136966,,,,,,
CORE01,CORE04,gender,,,,,,,0.32614889,0.74548318,MALE,15,17,7,10,0.8823529411764706,0.7,0.1823529411764706,2.89333333,0.45842757,18.26106952,,,,,,
CORE01,CORE04,stage_group,,,,,,,0.02475367,0.18160182,I,15,17,4,10,0.8823529411764706,0.4,0.48235294117647054,8.95555556,1.48479916,54.0153696,,,,,,
CORE01,CORE04,stage_group,,,,,,,1.0,1.0,II,1,17,1,10,0.058823529411764705,0.1,-0.0411764705882353,0.57575758,0.05223877,6.34580008,,,,,,
CORE01,CORE04,stage_group,,,,,,,0.01196581,0.18160182,III,0,17,4,10,0.0,0.4,-0.4,0.04126984,0.00194017,0.87786056,,,,,,
CORE01,CORE04,stage_group,,,,,,,1.0,1.0,IV,1,17,1,10,0.058823529411764705,0.1,-0.0411764705882353,0.57575758,0.05223877,6.34580008,,,,,,
CORE01,CORE04,t_stage,,,,,,,0.05675057,0.18160182,T1A,12,17,3,10,0.7058823529411765,0.3,0.4058823529411765,4.87012987,0.96641163,24.54250767,,,,,,
CORE01,CORE04,t_stage,,,,,,,1.0,1.0,T1B,3,17,1,10,0.17647058823529413,0.1,0.07647058823529412,1.52873563,0.19091259,12.24137533,,,,,,
CORE01,CORE04,t_stage,,,,,,,0.53504274,0.95118709,T2,1,17,2,10,0.058823529411764705,0.2,-0.1411764705882353,0.30909091,0.03470023,2.75321478,,,,,,
CORE01,CORE04,t_stage,,,,,,,0.047343,0.18160182,T3A,1,17,4,10,0.058823529411764705,0.4,-0.3411764705882353,0.13131313,0.01675673,1.02902771,,,,,,
CORE01,CORE04,m_stage,,,,,,,1.0,1.0,M0,16,17,9,10,0.9411764705882353,0.9,0.04117647058823526,1.73684211,0.15758454,19.1428706,,,,,,
CORE01,CORE04,m_stage,,,,,,,1.0,1.0,M1,1,17,1,10,0.058823529411764705,0.1,-0.0411764705882353,0.57575758,0.05223877,6.34580008,,,,,,
CORE01,CORE04,grade,,,,,,,0.4475464,0.8950928,G2,8,17,3,10,0.47058823529411764,0.3,0.17058823529411765,1.91729323,0.39872549,9.21940899,,,,,,
CORE01,CORE04,grade,,,,,,,0.69458429,1.0,G3,9,17,4,10,0.5294117647058824,0.4,0.12941176470588234,1.61437908,0.35417425,7.35858073,,,,,,
CORE01,CORE04,grade,,,,,,,0.04102564,0.18160182,G4,0,17,3,10,0.0,0.3,-0.3,0.06122449,0.00280193,1.33780672,,,,,,
CORE01,CORE04,overall_survival,,,,,,,0.05579295,0.16737885,,,,,,,,,,,,17,10,0,3,1126.0,1911.5
CORE01,CORE05,age,17,9,56.0,58.0,0.21135143,0.21135143,1.0,1.0,,,,,,,,,,,,,,,,,
CORE01,CORE05,gender,,,,,,,0.13785345,0.26038985,FEMALE,2,17,4,9,0.11764705882352941,0.4444444444444444,-0.326797385620915,0.19713262,0.03172889,1.2247913,,,,,,
CORE01,CORE05,gender,,,,,,,0.13785345,0.26038985,MALE,15,17,5,9,0.8823529411764706,0.5555555555555556,0.326797385620915,5.07272727,0.81646563,31.51701799,,,,,,
CORE01,CORE05,stage_group,,,,,,,0.00161623,0.01628158,I,15,17,2,9,0.8823529411764706,0.2222222222222222,0.6601307189542484,18.6,2.62549708,131.76933337,,,,,,
CORE01,CORE05,stage_group,,,,,,,0.10394649,0.26038985,II,1,17,3,9,0.058823529411764705,0.3333333333333333,-0.2745098039215686,0.16883117,0.02032204,1.40261305,,,,,,
CORE01,CORE05,stage_group,,,,,,,0.11076923,0.26038985,III,0,17,2,9,0.0,0.2222222222222222,-0.2222222222222222,0.08571429,0.00365614,2.00947937,,,,,,
CORE01,CORE05,stage_group,,,,,,,0.26769231,0.35005917,IV,1,17,2,9,0.058823529411764705,0.2222222222222222,-0.1633986928104575,0.27272727,0.0302002,2.46290271,,,,,,
CORE01,CORE05,t_stage,,,,,,,0.34615385,0.42032968,T1,0,17,1,9,0.0,0.1111111111111111,-0.1111111111111111,0.16190476,0.00594833,4.40680807,,,,,,
CORE01,CORE05,t_stage,,,,,,,0.01116705,0.06327995,T1A,12,17,1,9,0.7058823529411765,0.1111111111111111,0.5947712418300655,12.87878788,1.7347825,95.61035879,,,,,,
CORE01,CORE05,t_stage,,,,,,,0.52923077,0.56230769,T1B,3,17,0,9,0.17647058823529413,0.0,0.17647058823529413,4.5862069,0.21202503,99.20193679,,,,,,
CORE01,CORE05,t_stage,,,,,,,0.10394649,0.26038985,T2,1,17,3,9,0.058823529411764705,0.3333333333333333,-0.2745098039215686,0.16883117,0.02032204,1.40261305,,,,,,
CORE01,CORE05,t_stage,,,,,,,0.03447856,0.14653388,T3A,1,17,4,9,0.058823529411764705,0.4444444444444444,-0.3856209150326797,0.11111111,0.01381579,0.8935922,,,,,,
CORE01,CORE05,m_stage,,,,,,,0.26769231,0.35005917,M0,16,17,7,9,0.9411764705882353,0.7777777777777778,0.1633986928104575,3.66666667,0.40602497,33.1123587,,,,,,
CORE01,CORE05,m_stage,,,,,,,0.26769231,0.35005917,M1,1,17,2,9,0.058823529411764705,0.2222222222222222,-0.1633986928104575,0.27272727,0.0302002,2.46290271,,,,,,
CORE01,CORE05,grade,,,,,,,0.39887664,0.45206019,G2,8,17,2,9,0.47058823529411764,0.2222222222222222,0.24836601307189543,2.68421053,0.48817871,14.75891112,,,,,,
CORE01,CORE05,grade,,,,,,,0.21670481,0.35005917,G3,9,17,2,9,0.5294117647058824,0.2222222222222222,0.30718954248366015,3.35294118,0.60980108,18.43587167,,,,,,
CORE01,CORE05,grade,,,,,,,0.00191548,0.01628158,G4,0,17,5,9,0.0,0.5555555555555556,-0.5555555555555556,0.02337662,0.00107989,0.50603996,,,,,,
CORE01,CORE05,overall_survival,,,,,,,0.01799289,0.14606974,,,,,,,,,,,,17,9,0,3,1126.0,1218.0
CORE01,CORE06,age,17,5,56.0,57.0,0.11167959,0.11167959,0.78362421,0.97953026,,,,,,,,,,,,,,,,,
CORE01,CORE06,gender,,,,,,,1.0,1.0,FEMALE,2,17,0,5,0.11764705882352941,0.0,0.11764705882352941,1.77419355,0.07316082,43.02525528,,,,,,
CORE01,CORE06,gender,,,,,,,1.0,1.0,MALE,15,17,5,5,0.8823529411764706,1.0,-0.11764705882352944,0.56363636,0.02324216,13.66851911,,,,,,
CORE01,CORE06,stage_group,,,,,,,0.20984279,0.42613637,I,15,17,3,5,0.8823529411764706,0.6,0.2823529411764706,4.42857143,0.54118217,36.23963641,,,,,,
CORE01,CORE06,stage_group,,,,,,,1.0,1.0,II,1,17,0,5,0.058823529411764705,0.0,0.058823529411764705,1.0,0.03533126,28.30354983,,,,,,
CORE01,CORE06,stage_group,,,,,,,0.11688312,0.2922078,IV,1,17,2,5,0.058823529411764705,0.4,-0.3411764705882353,0.12727273,0.01238514,1.30788577,,,,,,
CORE01,CORE06,t_stage,,,,,,,0.00956938,0.1435407,T1A,12,17,0,5,0.7058823529411765,0.0,0.7058823529411765,25.0,1.16763159,535.2715739,,,,,,
CORE01,CORE06,t_stage,,,,,,,0.10047847,0.2922078,T1B,3,17,3,5,0.17647058823529413,0.6,-0.4235294117647058,0.17241379,0.02335248,1.27294919,,,,,,
CORE01,CORE06,t_stage,,,,,,,0.41125541,0.56080283,T2,1,17,1,5,0.058823529411764705,0.2,-0.1411764705882353,0.27272727,0.02257305,3.29508704,,,,,,
CORE01,CORE06,t_stage,,,,,,,0.41125541,0.56080283,T3A,1,17,1,5,0.058823529411764705,0.2,-0.1411764705882353,0.27272727,0.02257305,3.29508704,,,,,,
CORE01,CORE06,m_stage,,,,,,,0.11688312,0.2922078,M0,16,17,3,5,0.9411764705882353,0.6,0.3411764705882353,7.85714286,0.76459277,80.7419276,,,,,,
CORE01,CORE06,m_stage,,,,,,,0.11688312,0.2922078,M1,1,17,2,5,0.058823529411764705,0.4,-0.3411764705882353,0.12727273,0.01238514,1.30788577,,,,,,
CORE01,CORE06,grade,,,,,,,0.11536417,0.2922078,G2,8,17,0,5,0.47058823529411764,0.0,0.47058823529411764,9.84210526,0.47107453,205.6299582,,,,,,
CORE01,CORE06,grade,,,,,,,0.36021873,0.56080283,G3,9,17,4,5,0.5294117647058824,0.8,-0.2705882352941177,0.37254902,0.04716762,2.94254333,,,,,,
CORE01,CORE06,grade,,,,,,,0.22727273,0.42613637,G4,0,17,1,5,0.0,0.2,-0.2,0.08571429,0.00296499,2.47789601,,,,,,
CORE01,CORE06,overall_survival,,,,,,,0.03109637,0.14606974,,,,,,,,,,,,17,5,0,2,1126.0,1525.0
CORE02,CORE03,age,14,14,58.5,58.0,-0.15579849,-0.15579849,0.74732906,1.0,,,,,,,,,,,,,,,,,
CORE02,CORE03,gender,,,,,,,1.0,1.0,FEMALE,6,14,5,14,0.42857142857142855,0.35714285714285715,0.0714285714285714,1.32085561,0.30526286,5.7152697,,,,,,
CORE02,CORE03,gender,,,,,,,1.0,1.0,MALE,8,14,9,14,0.5714285714285714,0.6428571428571429,-0.07142857142857151,0.75708502,0.17496987,3.2758653,,,,,,
CORE02,CORE03,stage_group,,,,,,,0.0542379,0.91481481,I,9,14,3,14,0.6428571428571429,0.21428571428571427,0.4285714285714286,5.67532468,1.15501723,27.88643273,,,,,,
CORE02,CORE03,stage_group,,,,,,,0.48148148,0.91481481,II,0,14,2,14,0.0,0.14285714285714285,-0.14285714285714285,0.17241379,0.00754333,3.94077011,,,,,,
CORE02,CORE03,stage_group,,,,,,,0.67761675,1.0,III,3,14,5,14,0.21428571428571427,0.35714285714285715,-0.14285714285714288,0.5256917,0.10698647,2.58305332,,,,,,
CORE02,CORE03,stage_group,,,,,,,0.64830918,1.0,IV,2,14,4,14,0.14285714285714285,0.2857142857142857,-0.14285714285714285,0.46666667,0.0810708,2.68626665,,,,,,
CORE02,CORE03,t_stage,,,,,,,0.32592593,0.91481481,T1A,4,14,1,14,0.2857142857142857,0.07142857142857142,0.21428571428571427,3.85714286,0.51360349,28.96699726,,,,,,
CORE02,CORE03,t_stage,,,,,,,1.0,1.0,T1B,5,14,4,14,0.35714285714285715,0.2857142857142857,0.07142857142857145,1.35087719,0.29428974,6.20092691,,,,,,
CORE02,CORE03,t_stage,,,,,,,0.48148148,0.91481481,T2,0,14,2,14,0.0,0.14285714285714285,-0.14285714285714285,0.17241379,0.00754333,3.94077011,,,,,,
CORE02,CORE03,t_stage,,,,,,,1.0,1.0,T2B,0,14,1,14,0.0,0.07142857142857142,-0.07142857142857142,0.31034483,0.011615,8.29220337,,,,,,
CORE02,CORE03,t_stage,,,,,,,0.20869565,0.91481481,T3A,2,14,6,14,0.14285714285714285,0.42857142857142855,-0.2857142857142857,0.26153846,0.04782185,1.43035799,,,,,,
CORE02,CORE03,t_stage,,,,,,,0.48148148,0.91481481,T3B,2,14,0,14,0.14285714285714285,0.0,0.14285714285714285,5.8,0.25375751,132.56750642,,,,,,
CORE02,CORE03,t_stage,,,,,,,1.0,1.0,T4,1,14,0,14,0.07142857142857142,0.0,0.07142857142857142,3.22222222,0.12059521,86.09559299,,,,,,
CORE02,CORE03,m_stage,,,,,,,0.31677019,0.91481481,M0,11,12,8,12,0.9166666666666666,0.6666666666666666,0.25,4.05882353,0.52273399,31.51516599,,,,,,
CORE02,CORE03,m_stage,,,,,,,0.31677019,0.91481481,M1,1,12,4,12,0.08333333333333333,0.3333333333333333,-0.25,0.24637681,0.03173075,1.9130189,,,,,,
CORE02,CORE03,grade,,,,,,,0.44007119,0.91481481,G2,7,14,4,14,0.5,0.2857142857142857,0.2142857142857143,2.33333333,0.52168315,10.43630499,,,,,,
CORE02,CORE03,grade,,,,,,,0.44007119,0.91481481,G3,4,14,7,14,0.2857142857142857,0.5,-0.2142857142857143,0.42857143,0.09581935,1.91687234,,,,,,
CORE02,CORE03,grade,,,,,,,1.0,1.0,G4,3,14,3,14,0.21428571428571427,0.21428571428571427,0.0,1.0,0.18412689,5.43103716,,,,,,
CORE02,CORE03,overall_survival,,,,,,,0.91316941,0.9703412,,,,,,,,,,,,14,14,3,4,521.0,1221.5
CORE02,CORE04,age,14,10,58.5,55.0,-0.06839048,-0.06839048,0.95324639,1.0,,,,,,,,,,,,,,,,,
CORE02,CORE04,gender,,,,,,,0.67845605,1.0,FEMALE,6,14,3,10,0.42857142857142855,0.3,0.12857142857142856,1.63865546,0.32146708,8.35292921,,,,,,
CORE02,CORE04,gender,,,,,,,0.67845605,1.0,MALE,8,14,7,10,0.5714285714285714,0.7,-0.12857142857142856,0.61025641,0.11971848,3.11073848,,,,,,
CORE02,CORE04,stage_group,,,,,,,0.40809665,1.0,I,9,14,4,10,0.6428571428571429,0.4,0.24285714285714288,2.49494949,0.50568668,12.30954507,,,,,,
CORE02,CORE04,stage_group,,,,,,,0.41666667,1.0,II,0,14,1,10,0.0,0.1,-0.1,0.2183908,0.00802623,5.94233523,,,,,,
CORE02,CORE04,stage_group,,,,,,,0.39263921,1.0,III,3,14,4,10,0.21428571428571427,0.4,-0.18571428571428575,0.43961353,0.08063345,2.39677278,,,,,,
CORE02,CORE04,stage_group,,,,,,,1.0,1.0,IV,2,14,1,10,0.14285714285714285,0.1,0.042857142857142844,1.26666667,0.14133126,11.35236747,,,,,,
CORE02,CORE04,t_stage,,,,,,,1.0,1.0,T1A,4,14,3,10,0.2857142857142857,0.3,-0.01428571428571429,0.91836735,0.17080536,4.9377758,,,,,,
CORE02,CORE04,t_stage,,,,,,,0.34080508,1.0,T1B,5,14,1,10,0.35714285714285715,0.1,0.2571428571428571,3.66666667,0.48786377,27.55778406,,,,,,
CORE02,CORE04,t_stage,,,,,,,0.16304348,1.0,T2,0,14,2,10,0.0,0.2,-0.2,0.11724138,0.00501271,2.74213732,,,,,,
CORE02,CORE04,t_stage,,,,,,,0.19206366,1.0,T3A,2,14,4,10,0.14285714285714285,0.4,-0.2571428571428572,0.28888889,0.04711411,1.77137582,,,,,,
CORE02,CORE04,t_stage,,,,,,,0.49275362,1.0,T3B,2,14,0,10,0.14285714285714285,0.0,0.14285714285714285,4.2,0.1808233,97.55379905,,,,,,
CORE02,CORE04,t_stage,,,,,,,1.0,1.0,T4,1,14,0,10,0.07142857142857142,0.0,0.07142857142857142,2.33333333,0.08599951,63.30785061,,,,,,
CORE02,CORE04,m_stage,,,,,,,1.0,1.0,M0,11,12,9,10,0.9166666666666666,0.9,0.016666666666666607,1.21052632,0.1075494,13.62512491,,,,,,
CORE02,CORE04,m_stage,,,,,,,1.0,1.0,M1,1,12,1,10,0.08333333333333333,0.1,-0.016666666666666677,0.82608696,0.07339382,9.29805311,,,,,,
CORE02,CORE04,grade,,,,,,,0.42122089,1.0,G2,7,14,3,10,0.5,0.3,0.2,2.14285714,0.42278388,10.860955,,,,,,
CORE02,CORE04,grade,,,,,,,0.67335218,1.0,G3,4,14,4,10,0.2857142857142857,0.4,-0.11428571428571432,0.61904762,0.12101641,3.16667764,,,,,,
CORE02,CORE04,grade,,,,,,,0.66533181,1.0,G4,3,14,3,10,0.21428571428571427,0.3,-0.08571428571428572,0.65217391,0.11401517,3.73047576,,,,,,
CORE02,CORE04,overall_survival,,,,,,,0.40308163,0.69090233,,,,,,,,,,,,14,10,3,3,521.0,1911.5
CORE02,CORE05,age,14,9,58.5,58.0,0.13255601,0.13255601,0.75248821,1.0,,,,,,,,,,,,,,,,,
CORE02,CORE05,gender,,,,,,,1.0,1.0,FEMALE,6,14,4,9,0.42857142857142855,0.4444444444444444,-0.015873015873015872,0.93464052,0.1866474,4.68023073,,,,,,
CORE02,CORE05,gender,,,,,,,1.0,1.0,MALE,8,14,5,9,0.5714285714285714,0.5555555555555556,0.015873015873015817,1.06993007,0.21366468,5.35769579,,,,,,
CORE02,CORE05,stage_group,,,,,,,0.08937946,0.54940714,I,9,14,2,9,0.6428571428571429,0.2222222222222222,0.4206349206349207,5.18181818,0.8779653,30.5834862,,,,,,
CORE02,CORE05,stage_group,,,,,,,0.04743083,0.45059288,II,0,14,3,9,0.0,0.3333333333333333,-0.3333333333333333,0.06403941,0.00287251,1.42768668,,,,,,
CORE02,CORE05,stage_group,,,,,,,1.0,1.0,III,3,14,2,9,0.21428571428571427,0.2222222222222222,-0.007936507936507936,0.91304348,0.14134055,5.89815457,,,,,,
CORE02,CORE05,stage_group,,,,,,,1.0,1.0,IV,2,14,2,9,0.14285714285714285,0.2222222222222222,-0.07936507936507936,0.6,0.08342152,4.31543347,,,,,,
CORE02,CORE05,t_stage,,,,,,,0.39130435,0.92934783,T1,0,14,1,9,0.0,0.1111111111111111,-0.1111111111111111,0.1954023,0.0071299,5.3552057,,,,,,
CORE02,CORE05,t_stage,,,,,,,0.61056792,0.96673254,T1A,4,14,1,9,0.2857142857142857,0.1111111111111111,0.1746031746031746,2.42857143,0.310361,19.00354467,,,,,,
CORE02,CORE05,t_stage,,,,,,,0.11566466,0.54940714,T1B,5,14,0,9,0.35714285714285715,0.0,0.35714285714285715,11.0,0.53063704,228.02780534,,,,,,
CORE02,CORE05,t_stage,,,,,,,0.04743083,0.45059288,T2,0,14,3,9,0.0,0.3333333333333333,-0.3333333333333333,0.06403941,0.00287251,1.42768668,,,,,,
CORE02,CORE05,t_stage,,,,,,,0.16163928,0.56777494,T3A,2,14,4,9,0.14285714285714285,0.4444444444444444,-0.30158730158730157,0.24444444,0.0387112,1.54356067,,,,,,
CORE02,CORE05,t_stage,,,,,,,0.50197628,0.95584416,T3B,2,14,0,9,0.14285714285714285,0.0,0.14285714285714285,3.8,0.16260446,88.80445014,,,,,,
CORE02,CORE05,t_stage,,,,,,,1.0,1.0,T4,1,14,0,9,0.07142857142857142,0.0,0.07142857142857142,2.11111111,0.07735687,57.61337092,,,,,,
CORE02,CORE05,m_stage,,,,,,,0.55338346,0.95584416,M0,11,12,7,9,0.9166666666666666,0.7777777777777778,0.13888888888888884,2.55555556,0.27658562,23.61245008,,,,,,
CORE02,CORE05,m_stage,,,,,,,0.55338346,0.95584416,M1,1,12,2,9,0.08333333333333333,0.2222222222222222,-0.1388888888888889,0.39130435,0.04235054,3.61551693,,,,,,
CORE02,CORE05,grade,,,,,,,0.22829452,0.61965655,G2,7,14,2,9,0.5,0.2222222222222222,0.2777777777777778,3.0,0.51972004,17.31701567,,,,,,
CORE02,CORE05,grade,,,,,,,1.0,1.0,G3,4,14,2,9,0.2857142857142857,0.2222222222222222,0.06349206349206349,1.28571429,0.21086025,7.83960589,,,,,,
CORE02,CORE05,grade,,,,,,,0.17929735,0.56777494,G4,3,14,5,9,0.21428571428571427,0.5555555555555556,-0.3412698412698413,0.24901186,0.04426209,1.4009032,,,,,,
CORE02,CORE05,overall_survival,,,,,,,0.88565174,0.9703412,,,,,,,,,,,,14,9,3,3,521.0,1218.0
CORE02,CORE06,age,14,5,58.5,57.0,0.04897375,0.04897375,1.0,1.0,,,,,,,,,,,,,,,,,
CORE02,CORE06,gender,,,,,,,0.12796698,0.54166666,FEMALE,6,14,0,5,0.42857142857142855,0.0,0.42857142857142855,8.41176471,0.3905003,181.19777461,,,,,,
CORE02,CORE06,gender,,,,,,,0.12796698,0.54166666,MALE,8,14,5,5,0.5714285714285714,1.0,-0.4285714285714286,0.11888112,0.00551883,2.56081749,,,,,,
CORE02,CORE06,stage_group,,,,,,,1.0,1.0,I,9,14,3,5,0.6428571428571429,0.6,0.04285714285714293,1.23376623,0.17851468,8.52691264,,,,,,
CORE02,CORE06,stage_group,,,,,,,0.53044376,0.90175439,III,3,14,0,5,0.21428571428571427,0.0,0.21428571428571427,3.34782609,0.14597623,76.77920945,,,,,,
CORE02,CORE06,stage_group,,,,,,,0.27218782,0.57839912,IV,2,14,2,5,0.14285714285714285,0.4,-0.2571428571428572,0.28,0.03373757,2.32381913,,,,,,
CORE02,CORE06,t_stage,,,,,,,0.53044376,0.90175439,T1A,4,14,0,5,0.2857142857142857,0.0,0.2857142857142857,4.71428571,0.21267556,104.49950101,,,,,,
CORE02,CORE06,t_stage,,,,,,,0.60268318,0.93141946,T1B,5,14,3,5,0.35714285714285715,0.6,-0.24285714285714283,0.41353383,0.05983456,2.85805105,,,,,,
CORE02,CORE06,t_stage,,,,,,,0.26315789,0.57839912,T2,0,14,1,5,0.0,0.2,-0.2,0.10344828,0.00355439,3.01079927,,,,,,
CORE02,CORE06,t_stage,,,,,,,1.0,1.0,T3A,2,14,1,5,0.14285714285714285,0.2,-0.05714285714285716,0.6,0.06056632,5.94389754,,,,,,
CORE02,CORE06,t_stage,,,,,,,1.0,1.0,T3B,2,14,0,5,0.14285714285714285,0.0,0.14285714285714285,2.2,0.08987835,53.85056722,,,,,,
CORE02,CORE06,t_stage,,,,,,,1.0,1.0,T4,1,14,0,5,0.07142857142857142,0.0,0.07142857142857142,1.22222222,0.04285016,34.8616506,,,,,,
CORE02,CORE06,m_stage,,,,,,,0.19117647,0.54166666,M0,11,12,3,5,0.9166666666666666,0.6,0.31666666666666665,5.47619048,0.52149834,57.50480822,,,,,,
CORE02,CORE06,m_stage,,,,,,,0.19117647,0.54166666,M1,1,12,2,5,0.08333333333333333,0.4,-0.3166666666666667,0.1826087,0.01738985,1.91755164,,,,,,
CORE02,CORE06,grade,,,,,,,0.10603715,0.54166666,G2,7,14,0,5,0.5,0.0,0.5,11.0,0.51219943,236.23610653,,,,,,
CORE02,CORE06,grade,,,,,,,0.11076711,0.54166666,G3,4,14,4,5,0.2857142857142857,0.8,-0.5142857142857143,0.14285714,0.01659498,1.22977948,,,,,,
CORE02,CORE06,grade,,,,,,,1.0,1.0,G4,3,14,1,5,0.21428571428571427,0.2,0.014285714285714263,0.91304348,0.10102093,8.25223475,,,,,,
CORE02,CORE06,overall_survival,,,,,,,0.9131339,0.9703412,,,,,,,,,,,,14,5,3,2,521.0,1525.0
CORE03,CORE04,age,14,10,58.0,55.0,0.10123271,0.10123271,0.6815025,1.0,,,,,,,,,,,,,,,,,
CORE03,CORE04,gender,,,,,,,1.0,1.0,FEMALE,5,14,3,10,0.35714285714285715,0.3,0.05714285714285716,1.2406015,0.23896919,6.44054619,,,,,,
CORE03,CORE04,gender,,,,,,,1.0,1.0,MALE,9,14,7,10,0.6428571428571429,0.7,-0.05714285714285705,0.80606061,0.15526633,4.18463991,,,,,,
CORE03,CORE04,stage_group,,,,,,,0.39263921,1.0,I,3,14,4,10,0.21428571428571427,0.4,-0.18571428571428575,0.43961353,0.08063345,2.39677278,,,,,,
CORE03,CORE04,stage_group,,,,,,,1.0,1.0,II,2,14,1,10,0.14285714285714285,0.1,0.042857142857142844,1.26666667,0.14133126,11.35236747,,,,,,
CORE03,CORE04,stage_group,,,,,,,1.0,1.0,III,5,14,4,10,0.35714285714285715,0.4,-0.04285714285714287,0.83625731,0.16949609,4.125914,,,,,,
CORE03,CORE04,stage_group,,,,,,,0.35770751,1.0,IV,4,14,1,10,0.2857142857142857,0.1,0.1857142857142857,2.71428571,0.3509194,20.99441333,,,,,,
CORE03,CORE04,t_stage,,,,,,,0.27206851,1.0,T1A,1,14,3,10,0.07142857142857142,0.3,-0.22857142857142856,0.23809524,0.02884333,1.96542302,,,,,,
CORE03,CORE04,t_stage,,,,,,,0.35770751,1.0,T1B,4,14,1,10,0.2857142857142857,0.1,0.1857142857142857,2.71428571,0.3509194,20.99441333,,,,,,
CORE03,CORE04,t_stage,,,,,,,1.0,1.0,T2,2,14,2,10,0.14285714285714285,0.2,-0.05714285714285716,0.68,0.09600498,4.81641694,,,,,,
CORE03,CORE04,t_stage,,,,,,,1.0,1.0,T2B,1,14,0,10,0.07142857142857142,0.0,0.07142857142857142,2.33333333,0.08599951,63.30785061,,,,,,
CORE03,CORE04,t_stage,,,,,,,1.0,1.0,T3A,6,14,4,10,0.42857142857142855,0.4,0.028571428571428525,1.10457516,0.22814476,5.34786032,,,,,,
CORE03,CORE04,m_stage,,,,,,,0.32330827,1.0,M0,8,12,9,10,0.6666666666666666,0.9,-0.2333333333333334,0.29824561,0.03776023,2.35566489,,,,,,
CORE03,CORE04,m_stage,,,,,,,0.32330827,1.0,M1,4,12,1,10,0.3333333333333333,0.1,0.2333333333333333,3.35294118,0.4245086,26.48289001,,,,,,
CORE03,CORE04,grade,,,,,,,1.0,1.0,G2,4,14,3,10,0.2857142857142857,0.3,-0.01428571428571429,0.91836735,0.17080536,4.9377758,,,,,,
CORE03,CORE04,grade,,,,,,,0.69682999,1.0,G3,7,14,4,10,0.5,0.4,0.09999999999999998,1.44444444,0.30010524,6.95229371,,,,,,
CORE03,CORE04,grade,,,,,,,0.66533181,1.0,G4,3,14,3,10,0.21428571428571427,0.3,-0.08571428571428572,0.65217391,0.11401517,3.73047576,,,,,,
CORE03,CORE04,overall_survival,,,,,,,0.4145414,0.69090233,,,,,,,,,,,,14,10,4,3,1221.5,1911.5
CORE03,CORE05,age,14,9,58.0,58.0,0.32933225,0.32933225,0.65868962,1.0,,,,,,,,,,,,,,,,,
CORE03,CORE05,gender,,,,,,,1.0,1.0,FEMALE,5,14,4,9,0.35714285714285715,0.4444444444444444,-0.08730158730158727,0.70760234,0.1387205,3.60942378,,,,,,
CORE03,CORE05,gender,,,,,,,1.0,1.0,MALE,9,14,5,9,0.6428571428571429,0.5555555555555556,0.08730158730158732,1.41322314,0.27705253,7.20873989,,,,,,
CORE03,CORE05,stage_group,,,,,,,1.0,1.0,I,3,14,2,9,0.21428571428571427,0.2222222222222222,-0.007936507936507936,0.91304348,0.14134055,5.89815457,,,,,,
CORE03,CORE05,stage_group,,,,,,,0.34283337,1.0,II,2,14,3,9,0.14285714285714285,0.3333333333333333,-0.19047619047619047,0.37142857,0.05670372,2.43298304,,,,,,
CORE03,CORE05,stage_group,,,,,,,0.65701979,1.0,III,5,14,2,9,0.35714285714285715,0.2222222222222222,0.13492063492063494,1.73684211,0.29427646,10.2509746,,,,,,
CORE03,CORE05,stage_group,,,,,,,1.0,1.0,IV,4,14,2,9,0.2857142857142857,0.2222222222222222,0.06349206349206349,1.28571429,0.21086025,7.83960589,,,,,,
CORE03,CORE05,t_stage,,,,,,,0.39130435,1.0,T1,0,14,1,9,0.0,0.1111111111111111,-0.1111111111111111,0.1954023,0.0071299,5.3552057,,,,,,
CORE03,CORE05,t_stage,,,,,,,1.0,1.0,T1A,1,14,1,9,0.07142857142857142,0.1111111111111111,-0.03968253968253968,0.62962963,0.05596168,7.08401723,,,,,,
CORE03,CORE05,t_stage,,,,,,,0.12727273,1.0,T1B,4,14,0,9,0.2857142857142857,0.0,0.2857142857142857,8.14285714,0.38534411,172.06989813,,,,,,
CORE03,CORE05,t_stage,,,,,,,0.34283337,1.0,T2,2,14,3,9,0.14285714285714285,0.3333333333333333,-0.19047619047619047,0.37142857,0.05670372,2.43298304,,,,,,
CORE03,CORE05,t_stage,,,,,,,1.0,1.0,T2B,1,14,0,9,0.07142857142857142,0.0,0.07142857142857142,2.11111111,0.07735687,57.61337092,,,,,,
CORE03,CORE05,t_stage,,,,,,,1.0,1.0,T3A,6,14,4,9,0.42857142857142855,0.4444444444444444,-0.015873015873015872,0.93464052,0.1866474,4.68023073,,,,,,
CORE03,CORE05,m_stage,,,,,,,0.65944272,1.0,M0,8,12,7,9,0.6666666666666666,0.7777777777777778,-0.11111111111111116,0.62962963,0.10084691,3.93104217,,,,,,
CORE03,CORE05,m_stage,,,,,,,0.65944272,1.0,M1,4,12,2,9,0.3333333333333333,0.2222222222222222,0.1111111111111111,1.58823529,0.25438547,9.91601986,,,,,,
CORE03,CORE05,grade,,,,,,,1.0,1.0,G2,4,14,2,9,0.2857142857142857,0.2222222222222222,0.06349206349206349,1.28571429,0.21086025,7.83960589,,,,,,
CORE03,CORE05,grade,,,,,,,0.22829452,1.0,G3,7,14,2,9,0.5,0.2222222222222222,0.2777777777777778,3.0,0.51972004,17.31701567,,,,,,
CORE03,CORE05,grade,,,,,,,0.17929735,1.0,G4,3,14,5,9,0.21428571428571427,0.5555555555555556,-0.3412698412698413,0.24901186,0.04426209,1.4009032,,,,,,
CORE03,CORE05,overall_survival,,,,,,,0.91220341,0.9703412,,,,,,,,,,,,14,9,4,3,1221.5,1218.0
CORE03,CORE06,age,14,5,58.0,57.0,0.21785728,0.21785728,0.78092622,1.0,,,,,,,,,,,,,,,,,
CORE03,CORE06,gender,,,,,,,0.25653595,0.95711502,FEMALE,5,14,0,5,0.35714285714285715,0.0,0.35714285714285715,6.36842105,0.29277703,138.52448142,,,,,,
CORE03,CORE06,gender,,,,,,,0.25653595,0.95711502,MALE,9,14,5,5,0.6428571428571429,1.0,-0.3571428571428571,0.15702479,0.00721894,3.41556846,,,,,,
CORE03,CORE06,stage_group,,,,,,,0.2621259,0.95711502,I,3,14,3,5,0.21428571428571427,0.6,-0.3857142857142857,0.2173913,0.02894198,1.63288674,,,,,,
CORE03,CORE06,stage_group,,,,,,,1.0,1.0,II,2,14,0,5,0.14285714285714285,0.0,0.14285714285714285,2.2,0.08987835,53.85056722,,,,,,
CORE03,CORE06,stage_group,,,,,,,0.25653595,0.95711502,III,5,14,0,5,0.35714285714285715,0.0,0.35714285714285715,6.36842105,0.29277703,138.52448142,,,,,,
CORE03,CORE06,stage_group,,,,,,,1.0,1.0,IV,4,14,2,5,0.2857142857142857,0.4,-0.11428571428571432,0.6,0.08425273,4.27285842,,,,,,
CORE03,CORE06,t_stage,,,,,,,1.0,1.0,T1A,1,14,0,5,0.07142857142857142,0.0,0.07142857142857142,1.22222222,0.04285016,34.8616506,,,,,,
CORE03,CORE06,t_stage,,,,,,,0.30469556,0.95711502,T1B,4,14,3,5,0.2857142857142857,0.6,-0.3142857142857143,0.30612245,0.04298609,2.18002981,,,,,,
CORE03,CORE06,t_stage,,,,,,,1.0,1.0,T2,2,14,1,5,0.14285714285714285,0.2,-0.05714285714285716,0.6,0.06056632,5.94389754,,,,,,
CORE03,CORE06,t_stage,,,,,,,1.0,1.0,T2B,1,14,0,5,0.07142857142857142,0.0,0.07142857142857142,1.22222222,0.04285016,34.8616506,,,,,,
CORE03,CORE06,t_stage,,,,,,,0.60268318,1.0,T3A,6,14,1,5,0.42857142857142855,0.2,0.22857142857142854,2.29411765,0.27776386,18.94766215,,,,,,
CORE03,CORE06,m_stage,,,,,,,1.0,1.0,M0,8,12,3,5,0.6666666666666666,0.6,0.06666666666666665,1.34920635,0.18537082,9.82008804,,,,,,
CORE03,CORE06,m_stage,,,,,,,1.0,1.0,M1,4,12,2,5,0.3333333333333333,0.4,-0.06666666666666671,0.74117647,0.10183208,5.39459231,,,,,,
CORE03,CORE06,grade,,,,,,,0.53044376,1.0,G2,4,14,0,5,0.2857142857142857,0.0,0.2857142857142857,4.71428571,0.21267556,104.49950101,,,,,,
CORE03,CORE06,grade,,,,,,,0.3378053,0.95711502,G3,7,14,4,5,0.5,0.8,-0.30000000000000004,0.33333333,0.04053664,2.74100435,,,,,,
CORE03,CORE06,grade,,,,,,,1.0,1.0,G4,3,14,1,5,0.21428571428571427,0.2,0.014285714285714263,0.91304348,0.10102093,8.25223475,,,,,,
CORE03,CORE06,overall_survival,,,,,,,0.87704387,0.9703412,,,,,,,,,,,,14,5,4,2,1221.5,1525.0
CORE04,CORE05,age,10,9,55.0,58.0,0.26578083,0.26578083,0.83811638,1.0,,,,,,,,,,,,,,,,,
CORE04,CORE05,gender,,,,,,,0.64991665,0.849891,FEMALE,3,10,4,9,0.3,0.4444444444444444,-0.14444444444444443,0.57037037,0.09636004,3.37611263,,,,,,
CORE04,CORE05,gender,,,,,,,0.64991665,0.849891,MALE,7,10,5,9,0.7,0.5555555555555556,0.14444444444444438,1.75324675,0.29619865,10.37774543,,,,,,
CORE04,CORE05,stage_group,,,,,,,0.62848297,0.849891,I,4,10,2,9,0.4,0.2222222222222222,0.1777777777777778,2.07692308,0.32038926,13.46365196,,,,,,
CORE04,CORE05,stage_group,,,,,,,0.30340557,0.849891,II,1,10,3,9,0.1,0.3333333333333333,-0.2333333333333333,0.29323308,0.03390765,2.53587767,,,,,,
CORE04,CORE05,stage_group,,,,,,,0.62848297,0.849891,III,4,10,2,9,0.4,0.2222222222222222,0.1777777777777778,2.07692308,0.32038926,13.46365196,,,,,,
CORE04,CORE05,stage_group,,,,,,,0.58204334,0.849891,IV,1,10,2,9,0.1,0.2222222222222222,-0.1222222222222222,0.47368421,0.05046489,4.44619482,,,,,,
CORE04,CORE05,t_stage,,,,,,,0.47368421,0.849891,T1,0,10,1,9,0.0,0.1111111111111111,-0.1111111111111111,0.26984127,0.00969744,7.508608,,,,,,
CORE04,CORE05,t_stage,,,,,,,0.58204334,0.849891,T1A,3,10,1,9,0.3,0.1111111111111111,0.18888888888888888,2.64444444,0.30801203,22.70393892,,,,,,
CORE04,CORE05,t_stage,,,,,,,1.0,1.0,T1B,1,10,0,9,0.1,0.0,0.1,3.0,0.10795977,83.36438854,,,,,,
CORE04,CORE05,t_stage,,,,,,,0.62848297,0.849891,T2,2,10,3,9,0.2,0.3333333333333333,-0.1333333333333333,0.54621849,0.08027147,3.71682057,,,,,,
CORE04,CORE05,t_stage,,,,,,,1.0,1.0,T3A,4,10,4,9,0.4,0.4444444444444444,-0.0444444444444444,0.84615385,0.1498381,4.77833303,,,,,,
CORE04,CORE05,m_stage,,,,,,,0.58204334,0.849891,M0,9,10,7,9,0.9,0.7777777777777778,0.12222222222222223,2.11111111,0.22491142,19.81575718,,,,,,
CORE04,CORE05,m_stage,,,,,,,0.58204334,0.849891,M1,1,10,2,9,0.1,0.2222222222222222,-0.1222222222222222,0.47368421,0.05046489,4.44619482,,,,,,
CORE04,CORE05,grade,,,,,,,1.0,1.0,G2,3,10,2,9,0.3,0.2222222222222222,0.07777777777777778,1.4,0.20674029,9.48049357,,,,,,
CORE04,CORE05,grade,,,,,,,0.62848297,0.849891,G3,4,10,2,9,0.4,0.2222222222222222,0.1777777777777778,2.07692308,0.32038926,13.46365196,,,,,,
CORE04,CORE05,grade,,,,,,,0.36984996,0.849891,G4,3,10,5,9,0.3,0.5555555555555556,-0.2555555555555556,0.38181818,0.06450548,2.26004234,,,,,,
CORE04,CORE05,overall_survival,,,,,,,0.26593972,0.56987083,,,,,,,,,,,,10,9,3,3,1911.5,1218.0
CORE04,CORE06,age,10,5,55.0,57.0,0.13971227,0.13971227,1.0,1.0,,,,,,,,,,,,,,,,,
CORE04,CORE06,gender,,,,,,,0.50549451,0.80879122,FEMALE,3,10,0,5,0.3,0.0,0.3,5.13333333,0.21758276,121.10844965,,,,,,
CORE04,CORE06,gender,,,,,,,0.50549451,0.80879122,MALE,7,10,5,5,0.7,1.0,-0.30000000000000004,0.19480519,0.00825706,4.5959523,,,,,,
CORE04,CORE06,stage_group,,,,,,,0.60839161,0.81118881,I,4,10,3,5,0.4,0.6,-0.19999999999999996,0.49450549,0.0656225,3.72640001,,,,,,
CORE04,CORE06,stage_group,,,,,,,1.0,1.0,II,1,10,0,5,0.1,0.0,0.1,1.73684211,0.05981614,50.43155069,,,,,,
CORE04,CORE06,stage_group,,,,,,,0.23076923,0.75213675,III,4,10,0,5,0.4,0.0,0.4,7.61538462,0.33136501,175.01571014,,,,,,
CORE04,CORE06,stage_group,,,,,,,0.24175824,0.75213675,IV,1,10,2,5,0.1,0.4,-0.30000000000000004,0.22105263,0.0207394,2.35610783,,,,,,
CORE04,CORE06,t_stage,,,,,,,0.50549451,0.80879122,T1A,3,10,0,5,0.3,0.0,0.3,5.13333333,0.21758276,121.10844965,,,,,,
CORE04,CORE06,t_stage,,,,,,,0.07692308,0.75213675,T1B,1,10,3,5,0.1,0.6,-0.5,0.11278195,0.01058133,1.20209583,,,,,,
CORE04,CORE06,t_stage,,,,,,,1.0,1.0,T2,2,10,1,5,0.2,0.2,0.0,0.88235294,0.08632176,9.01912421,,,,,,
CORE04,CORE06,t_stage,,,,,,,0.6003996,0.81118881,T3A,4,10,1,5,0.4,0.2,0.2,2.07692308,0.22911511,18.82725889,,,,,,
CORE04,CORE06,m_stage,,,,,,,0.24175824,0.75213675,M0,9,10,3,5,0.9,0.6,0.30000000000000004,4.52380952,0.42442879,48.21739943,,,,,,
CORE04,CORE06,m_stage,,,,,,,0.24175824,0.75213675,M1,1,10,2,5,0.1,0.4,-0.30000000000000004,0.22105263,0.0207394,2.35610783,,,,,,
CORE04,CORE06,grade,,,,,,,0.50549451,0.80879122,G2,3,10,0,5,0.3,0.0,0.3,5.13333333,0.21758276,121.10844965,,,,,,
CORE04,CORE06,grade,,,,,,,0.28205128,0.75213675,G3,4,10,4,5,0.4,0.8,-0.4,0.23076923,0.02545723,2.09191765,,,,,,
CORE04,CORE06,grade,,,,,,,1.0,1.0,G4,3,10,1,5,0.3,0.2,0.09999999999999998,1.4,0.14881032,13.1711292,,,,,,
CORE04,CORE06,overall_survival,,,,,,,0.19329704,0.4832426,,,,,,,,,,,,10,5,3,2,1911.5,1525.0
CORE05,CORE06,age,9,5,58.0,57.0,-0.10580955,-0.10580955,0.8938137,1.0,,,,,,,,,,,,,,,,,
CORE05,CORE06,gender,,,,,,,0.22077922,0.73026973,FEMALE,4,9,0,5,0.4444444444444444,0.0,0.4444444444444444,9.0,0.38497611,210.40266897,,,,,,
CORE05,CORE06,gender,,,,,,,0.22077922,0.73026973,MALE,5,9,5,5,0.5555555555555556,1.0,-0.4444444444444444,0.11111111,0.00475279,2.59756381,,,,,,
CORE05,CORE06,stage_group,,,,,,,0.26573427,0.73026973,I,2,9,3,5,0.2222222222222222,0.6,-0.37777777777777777,0.23809524,0.0273475,2.07292586,,,,,,
CORE05,CORE06,stage_group,,,,,,,0.25824176,0.73026973,II,3,9,0,5,0.3333333333333333,0.0,0.3333333333333333,5.92307692,0.2479531,141.48982275,,,,,,
CORE05,CORE06,stage_group,,,,,,,0.50549451,0.75901022,III,2,9,0,5,0.2222222222222222,0.0,0.2222222222222222,3.66666667,0.14509748,92.65801713,,,,,,
CORE05,CORE06,stage_group,,,,,,,0.58041958,0.75901022,IV,2,9,2,5,0.2222222222222222,0.4,-0.1777777777777778,0.46666667,0.0536011,4.06293469,,,,,,
CORE05,CORE06,t_stage,,,,,,,1.0,1.0,T1,1,9,0,5,0.1111111111111111,0.0,0.1111111111111111,1.94117647,0.0663834,56.76368268,,,,,,
CORE05,CORE06,t_stage,,,,,,,1.0,1.0,T1A,1,9,0,5,0.1111111111111111,0.0,0.1111111111111111,1.94117647,0.0663834,56.76368268,,,,,,
CORE05,CORE06,t_stage,,,,,,,0.02747253,0.46703301,T1B,0,9,3,5,0.0,0.6,-0.6,0.03759398,0.00142251,0.99352869,,,,,,
CORE05,CORE06,t_stage,,,,,,,1.0,1.0,T2,3,9,1,5,0.3333333333333333,0.2,0.1333333333333333,1.61538462,0.16872399,15.46589464,,,,,,
CORE05,CORE06,t_stage,,,,,,,0.58041958,0.75901022,T3A,4,9,1,5,0.4444444444444444,0.2,0.2444444444444444,2.45454545,0.26428781,22.79633433,,,,,,
CORE05,CORE06,m_stage,,,,,,,0.58041958,0.75901022,M0,7,9,3,5,0.7777777777777778,0.6,0.1777777777777778,2.14285714,0.24612751,18.65633275,,,,,,
CORE05,CORE06,m_stage,,,,,,,0.58041958,0.75901022,M1,2,9,2,5,0.2222222222222222,0.4,-0.1777777777777778,0.46666667,0.0536011,4.06293469,,,,,,
CORE05,CORE06,grade,,,,,,,0.50549451,0.75901022,G2,2,9,0,5,0.2222222222222222,0.0,0.2222222222222222,3.66666667,0.14509748,92.65801713,,,,,,
CORE05,CORE06,grade,,,,,,,0.09090909,0.73026973,G3,2,9,4,5,0.2222222222222222,0.8,-0.5777777777777778,0.11111111,0.01073054,1.15051747,,,,,,
CORE05,CORE06,grade,,,,,,,0.3006993,0.73026973,G4,5,9,1,5,0.5555555555555556,0.2,0.35555555555555557,3.66666667,0.39480032,34.05378339,,,,,,
CORE05,CORE06,overall_survival,,,,,,,0.9703412,0.9703412,,,,,,,,,,,,9,5,3,2,1218.0,1525.0
