state_id,clinical_variable,n_core,n_rest,median_core,median_rest,mean_core,mean_rest,smd,effect_size,direction,p_value,q_value,available_n,missing_n,level,set_count,set_total,rest_count,rest_total,set_fraction,rest_fraction,frequency_difference,odds_ratio,ci_low,ci_high
STATE_A,age,17,52,56.0,58.0,58.29411765,58.03846154,0.02238727,0.02238727,higher_in_core,1.0,1.0,69,0,,,,,,,,,,,
STATE_A,gender,,,,,,,,,,0.12168962,0.34768463,69,0,FEMALE,2,17,18,52,0.11764705882352941,0.34615384615384615,-0.22850678733031674,0.30078466,0.07053107,1.28271717
STATE_A,gender,,,,,,,,,,0.12168962,0.34768463,69,0,MALE,15,17,34,52,0.8823529411764706,0.6538461538461539,0.2285067873303167,3.32463768,0.77959508,14.17814959
STATE_A,stage_group,,,,,,,,,,0.00065153,0.0065153,69,0,I,15,17,21,52,0.8823529411764706,0.40384615384615385,0.4785067873303167,9.08372093,2.14360613,38.49307245
STATE_A,stage_group,,,,,,,,,,0.67238904,0.96055577,69,0,II,1,17,6,52,0.058823529411764705,0.11538461538461539,-0.056561085972850686,0.65034965,0.10102641,4.18657526
STATE_A,stage_group,,,,,,,,,,0.01508774,0.0754387,69,0,III,0,17,14,52,0.0,0.2692307692307692,-0.2692307692307692,0.07586207,0.00427849,1.34511179
STATE_A,stage_group,,,,,,,,,,0.26894223,0.48898587,69,0,IV,1,17,11,52,0.058823529411764705,0.21153846153846154,-0.15271493212669685,0.32806324,0.05452329,1.97393607
STATE_A,t_stage,,,,,,,,,,1.0,1.0,69,0,T1,0,17,1,52,0.0,0.019230769230769232,-0.019230769230769232,0.98095238,0.03817713,25.20534002
STATE_A,t_stage,,,,,,,,,,9.136e-05,0.0018272,69,0,T1A,12,17,9,52,0.7058823529411765,0.17307692307692307,0.5328054298642535,10.40669856,3.05971105,35.39529493
STATE_A,t_stage,,,,,,,,,,0.7432679,0.99102387,69,0,T1B,3,17,13,52,0.17647058823529413,0.25,-0.07352941176470587,0.70625798,0.1885267,2.64578083
STATE_A,t_stage,,,,,,,,,,0.43466877,0.66872118,69,0,T2,1,17,8,52,0.058823529411764705,0.15384615384615385,-0.09502262443438915,0.47593583,0.07669674,2.95338368
STATE_A,t_stage,,,,,,,,,,1.0,1.0,69,0,T2B,0,17,1,52,0.0,0.019230769230769232,-0.019230769230769232,0.98095238,0.03817713,25.20534002
STATE_A,t_stage,,,,,,,,,,0.0302708,0.1210832,69,0,T3A,1,17,17,52,0.058823529411764705,0.3269230769230769,-0.2680995475113122,0.18441558,0.03151236,1.07923088
STATE_A,t_stage,,,,,,,,,,1.0,1.0,69,0,T3B,0,17,2,52,0.0,0.038461538461538464,-0.038461538461538464,0.57714286,0.02640044,12.61698364
STATE_A,t_stage,,,,,,,,,,1.0,1.0,69,0,T4,0,17,1,52,0.0,0.019230769230769232,-0.019230769230769232,0.98095238,0.03817713,25.20534002
STATE_A,m_stage,,,,,,,,,,0.26271493,0.48898587,65,4,M0,16,17,38,48,0.9411764705882353,0.7916666666666666,0.14950980392156865,3.0,0.49321645,18.2475667
STATE_A,m_stage,,,,,,,,,,0.26271493,0.48898587,65,4,M1,1,17,10,48,0.058823529411764705,0.20833333333333334,-0.14950980392156865,0.33333333,0.05480183,2.02750741
STATE_A,grade,,,,,,,,,,0.25083728,0.48898587,69,0,G2,8,17,16,52,0.47058823529411764,0.3076923076923077,0.16289592760180993,1.97926635,0.66354253,5.90390988
STATE_A,grade,,,,,,,,,,0.40822473,0.66872118,69,0,G3,9,17,21,52,0.5294117647058824,0.40384615384615385,0.1255656108597285,1.6374829,0.55852074,4.80080698
STATE_A,grade,,,,,,,,,,0.01461097,0.0754387,69,0,G4,0,17,15,52,0.0,0.28846153846153844,-0.28846153846153844,0.06912442,0.0039083,1.22257308
STATE_B,age,14,55,58.5,57.0,57.64285714,58.21818182,-0.05038822,-0.05038822,lower_in_core,0.92861733,1.0,69,0,,,,,,,,,,,
STATE_B,gender,,,,,,,,,,0.20821278,0.66081278,69,0,FEMALE,6,14,14,55,0.42857142857142855,0.2545454545454545,0.17402597402597403,2.18864097,0.67022899,7.14703386
STATE_B,gender,,,,,,,,,,0.20821278,0.66081278,69,0,MALE,8,14,41,55,0.5714285714285714,0.7454545454545455,-0.17402597402597408,0.45690454,0.13991818,1.49202737
STATE_B,stage_group,,,,,,,,,,0.37762839,0.68659707,69,0,I,9,14,27,55,0.6428571428571429,0.4909090909090909,0.151948051948052,1.79008264,0.55358545,5.78843953
STATE_B,stage_group,,,,,,,,,,0.33040639,0.66081278,69,0,II,0,14,7,55,0.0,0.12727272727272726,-0.12727272727272726,0.22298851,0.01199953,4.14381731
STATE_B,stage_group,,,,,,,,,,1.0,1.0,69,0,III,3,14,11,55,0.21428571428571427,0.2,0.014285714285714263,1.17769376,0.30199769,4.59262645
STATE_B,stage_group,,,,,,,,,,1.0,1.0,69,0,IV,2,14,10,55,0.14285714285714285,0.18181818181818182,-0.038961038961038974,0.86666667,0.19056077,3.94158306
STATE_B,t_stage,,,,,,,,,,1.0,1.0,69,0,T1,0,14,1,55,0.0,0.01818181818181818,-0.01818181818181818,1.25287356,0.04845091,32.39757954
STATE_B,t_stage,,,,,,,,,,1.0,1.0,69,0,T1A,4,14,17,55,0.2857142857142857,0.3090909090909091,-0.023376623376623384,0.94285714,0.2727097,3.25980182
STATE_B,t_stage,,,,,,,,,,0.28728656,0.66081278,69,0,T1B,5,14,11,55,0.35714285714285715,0.2,0.15714285714285714,2.2402746,0.65207586,7.696697
STATE_B,t_stage,,,,,,,,,,0.18717298,0.66081278,69,0,T2,0,14,9,55,0.0,0.16363636363636364,-0.16363636363636364,0.16878403,0.00924692,3.08081614
STATE_B,t_stage,,,,,,,,,,1.0,1.0,69,0,T2B,0,14,1,55,0.0,0.01818181818181818,-0.01818181818181818,1.25287356,0.04845091,32.39757954
STATE_B,t_stage,,,,,,,,,,0.32712071,0.66081278,69,0,T3A,2,14,16,55,0.14285714285714285,0.2909090909090909,-0.14805194805194805,0.47878788,0.10959507,2.09168024
STATE_B,t_stage,,,,,,,,,,0.03878943,0.66081278,69,0,T3B,2,14,0,55,0.14285714285714285,0.0,0.14285714285714285,22.2,1.00229149,491.71324298
STATE_B,t_stage,,,,,,,,,,0.20289855,0.66081278,69,0,T4,1,14,0,55,0.07142857142857142,0.0,0.07142857142857142,12.33333333,0.47560926,319.82369769
STATE_B,m_stage,,,,,,,,,,0.67322464,1.0,65,4,M0,11,12,43,53,0.9166666666666666,0.8113207547169812,0.10534591194968546,1.85057471,0.296825,11.53752801
STATE_B,m_stage,,,,,,,,,,0.67322464,1.0,65,4,M1,1,12,10,53,0.08333333333333333,0.18867924528301888,-0.10534591194968555,0.54037267,0.08667368,3.36898845
STATE_B,grade,,,,,,,,,,0.21656237,0.66081278,69,0,G2,7,14,17,55,0.5,0.3090909090909091,0.19090909090909092,2.2,0.69022636,7.01219231
STATE_B,grade,,,,,,,,,,0.24232495,0.66081278,69,0,G3,4,14,26,55,0.2857142857142857,0.4727272727272727,-0.18701298701298702,0.47708895,0.14048563,1.62019327
STATE_B,grade,,,,,,,,,,1.0,1.0,69,0,G4,3,14,12,55,0.21428571428571427,0.21818181818181817,-0.0038961038961038974,1.05913043,0.27408261,4.09277072
STATE_C,age,14,55,58.0,57.0,59.71428571,57.69090909,0.17763937,0.17763937,higher_in_core,0.60126882,1.0,69,0,,,,,,,,,,,
STATE_C,gender,,,,,,,,,,0.52762694,1.0,69,0,FEMALE,5,14,15,55,0.35714285714285715,0.2727272727272727,0.08441558441558444,1.51273345,0.45457493,5.034071
STATE_C,gender,,,,,,,,,,0.52762694,1.0,69,0,MALE,9,14,40,55,0.6428571428571429,0.7272727272727273,-0.08441558441558439,0.66105499,0.19864638,2.19985734
STATE_C,stage_group,,,,,,,,,,0.01531521,0.3063042,69,0,I,3,14,33,55,0.21428571428571427,0.6,-0.3857142857142857,0.20441272,0.05513435,0.75786797
STATE_C,stage_group,,,,,,,,,,0.62382382,1.0,69,0,II,2,14,5,55,0.14285714285714285,0.09090909090909091,0.05194805194805194,1.83636364,0.36407537,9.26245407
STATE_C,stage_group,,,,,,,,,,0.13926147,0.57971014,69,0,III,5,14,9,55,0.35714285714285715,0.16363636363636364,0.19350649350649352,2.83379501,0.80310162,9.99922544
STATE_C,stage_group,,,,,,,,,,0.2454711,0.61367775,69,0,IV,4,14,8,55,0.2857142857142857,0.14545454545454545,0.14025974025974025,2.39495798,0.63736624,8.99925874
STATE_C,t_stage,,,,,,,,,,1.0,1.0,69,0,T1,0,14,1,55,0.0,0.01818181818181818,-0.01818181818181818,1.25287356,0.04845091,32.39757954
STATE_C,t_stage,,,,,,,,,,0.04921841,0.4921841,69,0,T1A,1,14,20,55,0.07142857142857142,0.36363636363636365,-0.29220779220779225,0.19241192,0.03269704,1.1322845
STATE_C,t_stage,,,,,,,,,,0.7239038,1.0,69,0,T1B,4,14,12,55,0.2857142857142857,0.21818181818181817,0.06753246753246753,1.49142857,0.41846197,5.31555872
STATE_C,t_stage,,,,,,,,,,1.0,1.0,69,0,T2,2,14,7,55,0.14285714285714285,0.12727272727272726,0.01558441558441559,1.29333333,0.27162017,6.15827277
STATE_C,t_stage,,,,,,,,,,0.20289855,0.57971014,69,0,T2B,1,14,0,55,0.07142857142857142,0.0,0.07142857142857142,12.33333333,0.47560926,319.82369769
STATE_C,t_stage,,,,,,,,,,0.17001336,0.57971014,69,0,T3A,6,14,12,55,0.42857142857142855,0.21818181818181817,0.21038961038961038,2.66117647,0.80199576,8.83029631
STATE_C,t_stage,,,,,,,,,,1.0,1.0,69,0,T3B,0,14,2,55,0.0,0.03636363636363636,-0.03636363636363636,0.73793103,0.03353125,16.23984074
STATE_C,t_stage,,,,,,,,,,1.0,1.0,69,0,T4,0,14,1,55,0.0,0.01818181818181818,-0.01818181818181818,1.25287356,0.04845091,32.39757954
STATE_C,m_stage,,,,,,,,,,0.19395411,0.57971014,65,4,M0,8,12,46,53,0.6666666666666666,0.8679245283018868,-0.2012578616352202,0.3046595,0.07675506,1.20926762
STATE_C,m_stage,,,,,,,,,,0.19395411,0.57971014,65,4,M1,4,12,7,53,0.3333333333333333,0.1320754716981132,0.2012578616352201,3.28235294,0.82694681,13.02845688
STATE_C,grade,,,,,,,,,,0.75637293,1.0,69,0,G2,4,14,20,55,0.2857142857142857,0.36363636363636365,-0.07792207792207795,0.74216028,0.2167284,2.54143845
STATE_C,grade,,,,,,,,,,0.76370923,1.0,69,0,G3,7,14,23,55,0.5,0.41818181818181815,0.08181818181818185,1.38297872,0.44104491,4.33658816
STATE_C,grade,,,,,,,,,,1.0,1.0,69,0,G4,3,14,12,55,0.21428571428571427,0.21818181818181817,-0.0038961038961038974,1.05913043,0.27408261,4.09277072
STATE_D,age,24,45,57.0,58.0,57.29166667,58.53333333,-0.10887538,-0.10887538,lower_in_core,0.71465896,0.98688652,69,0,,,,,,,,,,,
STATE_D,gender,,,,,,,,,,1.0,1.0,69,0,FEMALE,7,24,13,45,0.2916666666666667,0.28888888888888886,0.0027777777777778234,1.03174603,0.35562579,2.99331464
STATE_D,gender,,,,,,,,,,1.0,1.0,69,0,MALE,17,24,32,45,0.7083333333333334,0.7111111111111111,-0.002777777777777768,0.96923077,0.33407781,2.81194457
STATE_D,stage_group,,,,,,,,,,0.08423165,0.44569112,69,0,I,9,24,27,45,0.375,0.6,-0.22499999999999998,0.41231672,0.15171526,1.12055358
STATE_D,stage_group,,,,,,,,,,0.22675416,0.64786903,69,0,II,4,24,3,45,0.16666666666666666,0.06666666666666667,0.09999999999999999,2.66550523,0.59892736,11.86273757
STATE_D,stage_group,,,,,,,,,,0.53710856,0.83021837,69,0,III,6,24,8,45,0.25,0.17777777777777778,0.07222222222222222,1.55007949,0.4843696,4.96056406
STATE_D,stage_group,,,,,,,,,,0.74016489,0.98688652,69,0,IV,5,24,7,45,0.20833333333333334,0.15555555555555556,0.052777777777777785,1.44786325,0.42413517,4.94254693
STATE_D,t_stage,,,,,,,,,,0.34782609,0.83021837,69,0,T1,1,24,0,45,0.041666666666666664,0.0,0.041666666666666664,5.80851064,0.22767464,148.18864457
STATE_D,t_stage,,,,,,,,,,0.09986796,0.44569112,69,0,T1A,4,24,17,45,0.16666666666666666,0.37777777777777777,-0.2111111111111111,0.35749129,0.10971014,1.164888
STATE_D,t_stage,,,,,,,,,,0.38975301,0.83021837,69,0,T1B,4,24,12,45,0.16666666666666666,0.26666666666666666,-0.1,0.58829268,0.17550076,1.9720044
STATE_D,t_stage,,,,,,,,,,0.05599102,0.44569112,69,0,T2,6,24,3,45,0.25,0.06666666666666667,0.18333333333333335,4.26640927,1.04214728,17.4660995
STATE_D,t_stage,,,,,,,,,,1.0,1.0,69,0,T2B,0,24,1,45,0.0,0.022222222222222223,-0.022222222222222223,0.60544218,0.02374886,15.43485891
STATE_D,t_stage,,,,,,,,,,0.15232341,0.5077447,69,0,T3A,9,24,9,45,0.375,0.2,0.175,2.35483871,0.80137977,6.91964728
STATE_D,t_stage,,,,,,,,,,0.53964194,0.83021837,69,0,T3B,0,24,2,45,0.0,0.044444444444444446,-0.044444444444444446,0.35510204,0.01637718,7.69958341
STATE_D,t_stage,,,,,,,,,,1.0,1.0,69,0,T4,0,24,1,45,0.0,0.022222222222222223,-0.022222222222222223,0.60544218,0.02374886,15.43485891
STATE_D,m_stage,,,,,,,,,,0.51703975,0.83021837,65,4,M0,19,24,35,41,0.7916666666666666,0.8536585365853658,-0.061991869918699205,0.64916773,0.18362101,2.29504642
STATE_D,m_stage,,,,,,,,,,0.51703975,0.83021837,65,4,M1,5,24,6,41,0.20833333333333334,0.14634146341463414,0.061991869918699205,1.54043393,0.43572103,5.44599983
STATE_D,grade,,,,,,,,,,0.11142278,0.44569112,69,0,G2,5,24,19,45,0.20833333333333334,0.4222222222222222,-0.21388888888888888,0.38330046,0.12601643,1.16587369
STATE_D,grade,,,,,,,,,,1.0,1.0,69,0,G3,10,24,20,45,0.4166666666666667,0.4444444444444444,-0.027777777777777735,0.90075694,0.3366128,2.41037494
STATE_D,grade,,,,,,,,,,0.03141508,0.44569112,69,0,G4,9,24,6,45,0.375,0.13333333333333333,0.24166666666666667,3.72456576,1.1701743,11.85497759
